date,Scale_['bitcoin']
2018-01-01 00:00:00,27.6151315789474
2018-01-01 01:00:00,26.4802631578947
2018-01-01 02:00:00,26.8585526315789
2018-01-01 03:00:00,26.4802631578947
2018-01-01 04:00:00,26.4802631578947
2018-01-01 05:00:00,26.8585526315789
2018-01-01 06:00:00,26.8585526315789
2018-01-01 07:00:00,25.3453947368421
2018-01-01 08:00:00,24.9671052631579
2018-01-01 09:00:00,25.3453947368421
2018-01-01 10:00:00,24.9671052631579
2018-01-01 11:00:00,25.3453947368421
2018-01-01 12:00:00,23.4539473684211
2018-01-01 13:00:00,23.4539473684211
2018-01-01 14:00:00,26.4802631578947
2018-01-01 15:00:00,26.8585526315789
2018-01-01 16:00:00,26.1019736842105
2018-01-01 17:00:00,29.5065789473684
2018-01-01 18:00:00,26.8585526315789
2018-01-01 19:00:00,27.6151315789474
2018-01-01 20:00:00,27.2368421052632
2018-01-01 21:00:00,29.5065789473684
2018-01-01 22:00:00,30.6414473684211
2018-01-01 23:00:00,31.0197368421053
2018-01-02 00:00:00,31.3980263157895
2018-01-02 01:00:00,29.8848684210526
2018-01-02 02:00:00,31.0197368421053
2018-01-02 03:00:00,32.5328947368421
2018-01-02 04:00:00,32.9111842105263
2018-01-02 05:00:00,32.5328947368421
2018-01-02 06:00:00,31.0197368421053
2018-01-02 07:00:00,30.2631578947368
2018-01-02 08:00:00,30.2631578947368
2018-01-02 09:00:00,28.75
2018-01-02 10:00:00,29.1282894736842
2018-01-02 11:00:00,28.75
2018-01-02 12:00:00,28.75
2018-01-02 13:00:00,29.1282894736842
2018-01-02 14:00:00,28.75
2018-01-02 15:00:00,27.6151315789474
2018-01-02 16:00:00,29.5065789473684
2018-01-02 17:00:00,31.3980263157895
2018-01-02 18:00:00,30.6414473684211
2018-01-02 19:00:00,31.7763157894737
2018-01-02 20:00:00,36.3157894736842
2018-01-02 21:00:00,36.6940789473684
2018-01-02 22:00:00,37.4506578947368
2018-01-02 23:00:00,35.5592105263158
2018-01-03 00:00:00,34.8026315789474
2018-01-03 01:00:00,34.8026315789474
2018-01-03 02:00:00,34.4243421052632
2018-01-03 03:00:00,35.1809210526316
2018-01-03 04:00:00,34.046052631579
2018-01-03 05:00:00,34.8026315789474
2018-01-03 06:00:00,34.4243421052632
2018-01-03 07:00:00,30.2631578947368
2018-01-03 08:00:00,31.0197368421053
2018-01-03 09:00:00,29.5065789473684
2018-01-03 10:00:00,27.6151315789474
2018-01-03 11:00:00,27.6151315789474
2018-01-03 12:00:00,30.6414473684211
2018-01-03 13:00:00,27.2368421052632
2018-01-03 14:00:00,29.5065789473684
2018-01-03 15:00:00,29.5065789473684
2018-01-03 16:00:00,29.8848684210526
2018-01-03 17:00:00,28.75
2018-01-03 18:00:00,29.5065789473684
2018-01-03 19:00:00,32.9111842105263
2018-01-03 20:00:00,34.8026315789474
2018-01-03 21:00:00,34.4243421052632
2018-01-03 22:00:00,34.8026315789474
2018-01-03 23:00:00,33.2894736842105
2018-01-04 00:00:00,33.6677631578947
2018-01-04 01:00:00,33.2894736842105
2018-01-04 02:00:00,34.4243421052632
2018-01-04 03:00:00,35.9375
2018-01-04 04:00:00,34.8026315789474
2018-01-04 05:00:00,35.5592105263158
2018-01-04 06:00:00,32.9111842105263
2018-01-04 07:00:00,32.1546052631579
2018-01-04 08:00:00,31.0197368421053
2018-01-04 09:00:00,30.2631578947368
2018-01-04 10:00:00,27.6151315789474
2018-01-04 11:00:00,29.8848684210526
2018-01-04 12:00:00,28.75
2018-01-04 13:00:00,26.8585526315789
2018-01-04 14:00:00,29.1282894736842
2018-01-04 15:00:00,29.8848684210526
2018-01-04 16:00:00,27.2368421052632
2018-01-04 17:00:00,27.9934210526316
2018-01-04 18:00:00,27.9934210526316
2018-01-04 19:00:00,27.9934210526316
2018-01-04 20:00:00,29.8848684210526
2018-01-04 21:00:00,30.6414473684211
2018-01-04 22:00:00,33.2894736842105
2018-01-04 23:00:00,33.2894736842105
2018-01-05 00:00:00,33.2894736842105
2018-01-05 01:00:00,29.8848684210526
2018-01-05 02:00:00,29.5065789473684
2018-01-05 03:00:00,30.6414473684211
2018-01-05 04:00:00,31.0197368421053
2018-01-05 05:00:00,31.3980263157895
2018-01-05 06:00:00,29.1282894736842
2018-01-05 07:00:00,29.1282894736842
2018-01-05 08:00:00,26.4802631578947
2018-01-05 09:00:00,28.3717105263158
2018-01-05 10:00:00,27.2368421052632
2018-01-05 11:00:00,27.6151315789474
2018-01-05 12:00:00,26.1019736842105
2018-01-05 13:00:00,26.1019736842105
2018-01-05 14:00:00,26.4802631578947
2018-01-05 15:00:00,27.9934210526316
2018-01-05 16:00:00,29.5065789473684
2018-01-05 17:00:00,29.1282894736842
2018-01-05 18:00:00,31.0197368421053
2018-01-05 19:00:00,29.1282894736842
2018-01-05 20:00:00,29.8848684210526
2018-01-05 21:00:00,32.9111842105263
2018-01-05 22:00:00,34.4243421052632
2018-01-05 23:00:00,37.8289473684211
2018-01-06 00:00:00,34.4243421052632
2018-01-06 01:00:00,34.046052631579
2018-01-06 02:00:00,32.5328947368421
2018-01-06 03:00:00,31.3980263157895
2018-01-06 04:00:00,31.0197368421053
2018-01-06 05:00:00,30.2631578947368
2018-01-06 06:00:00,29.8848684210526
2018-01-06 07:00:00,27.9934210526316
2018-01-06 08:00:00,26.1019736842105
2018-01-06 09:00:00,24.9671052631579
2018-01-06 10:00:00,23.8322368421053
2018-01-06 11:00:00,22.6973684210526
2018-01-06 12:00:00,22.6973684210526
2018-01-06 13:00:00,24.5888157894737
2018-01-06 14:00:00,24.2105263157895
2018-01-06 15:00:00,25.7236842105263
2018-01-06 16:00:00,25.3453947368421
2018-01-06 17:00:00,24.5888157894737
2018-01-06 18:00:00,27.6151315789474
2018-01-06 19:00:00,29.1282894736842
2018-01-06 20:00:00,27.6151315789474
2018-01-06 21:00:00,27.9934210526316
2018-01-06 22:00:00,29.1282894736842
2018-01-06 23:00:00,31.0197368421053
2018-01-07 00:00:00,29.1282894736842
2018-01-07 01:00:00,29.8848684210526
2018-01-07 02:00:00,31.0197368421053
2018-01-07 03:00:00,30.2631578947368
2018-01-07 04:00:00,28.3717105263158
2018-01-07 05:00:00,29.8848684210526
2018-01-07 06:00:00,27.6151315789474
2018-01-07 07:00:00,26.1019736842105
2018-01-07 08:00:00,24.2105263157895
2018-01-07 09:00:00,24.5888157894737
2018-01-07 10:00:00,23.8322368421053
2018-01-07 11:00:00,24.2105263157895
2018-01-07 12:00:00,23.8322368421053
2018-01-07 13:00:00,23.4539473684211
2018-01-07 14:00:00,24.9671052631579
2018-01-07 15:00:00,23.4539473684211
2018-01-07 16:00:00,24.2105263157895
2018-01-07 17:00:00,25.7236842105263
2018-01-07 18:00:00,25.7236842105263
2018-01-07 19:00:00,25.7236842105263
2018-01-07 20:00:00,27.9934210526316
2018-01-07 21:00:00,26.8585526315789
2018-01-07 22:00:00,30.2631578947368
2018-01-07 23:00:00,30.6414473684211
2018-01-08 00:00:00,28.75
2018-01-08 00:00:00,28.75
2018-01-08 01:00:00,29.2291666666667
2018-01-08 02:00:00,29.7083333333333
2018-01-08 03:00:00,29.7083333333333
2018-01-08 04:00:00,30.1875
2018-01-08 05:00:00,30.1875
2018-01-08 06:00:00,28.2708333333333
2018-01-08 07:00:00,25.875
2018-01-08 08:00:00,26.3541666666667
2018-01-08 09:00:00,25.3958333333333
2018-01-08 10:00:00,26.3541666666667
2018-01-08 11:00:00,25.3958333333333
2018-01-08 12:00:00,27.3125
2018-01-08 13:00:00,28.75
2018-01-08 14:00:00,29.7083333333333
2018-01-08 15:00:00,34.9791666666667
2018-01-08 16:00:00,30.6666666666667
2018-01-08 17:00:00,29.7083333333333
2018-01-08 18:00:00,28.75
2018-01-08 19:00:00,29.2291666666667
2018-01-08 20:00:00,30.1875
2018-01-08 21:00:00,32.1041666666667
2018-01-08 22:00:00,33.0625
2018-01-08 23:00:00,34.0208333333333
2018-01-09 00:00:00,33.0625
2018-01-09 01:00:00,30.1875
2018-01-09 02:00:00,31.1458333333333
2018-01-09 03:00:00,30.1875
2018-01-09 04:00:00,31.1458333333333
2018-01-09 05:00:00,31.625
2018-01-09 06:00:00,29.7083333333333
2018-01-09 07:00:00,28.75
2018-01-09 08:00:00,27.7916666666667
2018-01-09 09:00:00,26.3541666666667
2018-01-09 10:00:00,27.3125
2018-01-09 11:00:00,26.3541666666667
2018-01-09 12:00:00,26.3541666666667
2018-01-09 13:00:00,26.8333333333333
2018-01-09 14:00:00,23.9583333333333
2018-01-09 15:00:00,26.3541666666667
2018-01-09 16:00:00,25.875
2018-01-09 17:00:00,25.875
2018-01-09 18:00:00,27.3125
2018-01-09 19:00:00,27.7916666666667
2018-01-09 20:00:00,27.3125
2018-01-09 21:00:00,29.2291666666667
2018-01-09 22:00:00,31.625
2018-01-09 23:00:00,34.9791666666667
2018-01-10 00:00:00,33.5416666666667
2018-01-10 01:00:00,32.1041666666667
2018-01-10 02:00:00,31.625
2018-01-10 03:00:00,29.7083333333333
2018-01-10 04:00:00,33.0625
2018-01-10 05:00:00,34.0208333333333
2018-01-10 06:00:00,32.1041666666667
2018-01-10 07:00:00,29.7083333333333
2018-01-10 08:00:00,31.625
2018-01-10 09:00:00,28.75
2018-01-10 10:00:00,25.875
2018-01-10 11:00:00,25.875
2018-01-10 12:00:00,26.3541666666667
2018-01-10 13:00:00,27.7916666666667
2018-01-10 14:00:00,26.8333333333333
2018-01-10 15:00:00,26.3541666666667
2018-01-10 16:00:00,28.75
2018-01-10 17:00:00,26.8333333333333
2018-01-10 18:00:00,27.3125
2018-01-10 19:00:00,28.2708333333333
2018-01-10 20:00:00,29.7083333333333
2018-01-10 21:00:00,30.1875
2018-01-10 22:00:00,36.4166666666667
2018-01-10 23:00:00,30.6666666666667
2018-01-11 00:00:00,30.1875
2018-01-11 01:00:00,29.2291666666667
2018-01-11 02:00:00,30.1875
2018-01-11 03:00:00,33.5416666666667
2018-01-11 04:00:00,47.9166666666667
2018-01-11 05:00:00,47.9166666666667
2018-01-11 06:00:00,45.5208333333333
2018-01-11 07:00:00,34.5
2018-01-11 08:00:00,33.0625
2018-01-11 09:00:00,30.6666666666667
2018-01-11 10:00:00,29.7083333333333
2018-01-11 11:00:00,29.2291666666667
2018-01-11 12:00:00,29.2291666666667
2018-01-11 13:00:00,28.2708333333333
2018-01-11 14:00:00,29.7083333333333
2018-01-11 15:00:00,31.1458333333333
2018-01-11 16:00:00,29.2291666666667
2018-01-11 17:00:00,30.6666666666667
2018-01-11 18:00:00,30.6666666666667
2018-01-11 19:00:00,31.1458333333333
2018-01-11 20:00:00,31.625
2018-01-11 21:00:00,32.5833333333333
2018-01-11 22:00:00,35.9375
2018-01-11 23:00:00,39.2916666666667
2018-01-12 00:00:00,37.375
2018-01-12 01:00:00,33.5416666666667
2018-01-12 02:00:00,33.5416666666667
2018-01-12 03:00:00,30.6666666666667
2018-01-12 04:00:00,33.0625
2018-01-12 05:00:00,32.1041666666667
2018-01-12 06:00:00,30.1875
2018-01-12 07:00:00,28.75
2018-01-12 08:00:00,28.2708333333333
2018-01-12 09:00:00,26.3541666666667
2018-01-12 10:00:00,25.3958333333333
2018-01-12 11:00:00,25.875
2018-01-12 12:00:00,24.4375
2018-01-12 13:00:00,25.3958333333333
2018-01-12 14:00:00,25.3958333333333
2018-01-12 15:00:00,24.4375
2018-01-12 16:00:00,25.3958333333333
2018-01-12 17:00:00,24.4375
2018-01-12 18:00:00,26.3541666666667
2018-01-12 19:00:00,25.875
2018-01-12 20:00:00,24.9166666666667
2018-01-12 21:00:00,28.2708333333333
2018-01-12 22:00:00,27.7916666666667
2018-01-12 23:00:00,28.2708333333333
2018-01-13 00:00:00,27.3125
2018-01-13 01:00:00,27.7916666666667
2018-01-13 02:00:00,28.2708333333333
2018-01-13 03:00:00,26.3541666666667
2018-01-13 04:00:00,25.3958333333333
2018-01-13 05:00:00,26.8333333333333
2018-01-13 06:00:00,24.4375
2018-01-13 07:00:00,25.3958333333333
2018-01-13 08:00:00,23.9583333333333
2018-01-13 09:00:00,22.0416666666667
2018-01-13 10:00:00,23.4791666666667
2018-01-13 11:00:00,22.0416666666667
2018-01-13 12:00:00,22.0416666666667
2018-01-13 13:00:00,23.4791666666667
2018-01-13 14:00:00,23.4791666666667
2018-01-13 15:00:00,23.4791666666667
2018-01-13 16:00:00,23
2018-01-13 17:00:00,23.4791666666667
2018-01-13 18:00:00,23
2018-01-13 19:00:00,22.5208333333333
2018-01-13 20:00:00,23.9583333333333
2018-01-13 21:00:00,23.9583333333333
2018-01-13 22:00:00,24.9166666666667
2018-01-13 23:00:00,25.875
2018-01-14 00:00:00,23.9583333333333
2018-01-14 01:00:00,23.9583333333333
2018-01-14 02:00:00,24.4375
2018-01-14 03:00:00,23.9583333333333
2018-01-14 04:00:00,25.3958333333333
2018-01-14 05:00:00,26.8333333333333
2018-01-14 06:00:00,24.4375
2018-01-14 07:00:00,23.9583333333333
2018-01-14 08:00:00,21.0833333333333
2018-01-14 09:00:00,20.6041666666667
2018-01-14 10:00:00,19.6458333333333
2018-01-14 11:00:00,19.6458333333333
2018-01-14 12:00:00,21.5625
2018-01-14 13:00:00,22.0416666666667
2018-01-14 14:00:00,19.6458333333333
2018-01-14 15:00:00,22.0416666666667
2018-01-14 16:00:00,22.5208333333333
2018-01-14 17:00:00,22.0416666666667
2018-01-14 18:00:00,20.6041666666667
2018-01-14 19:00:00,20.6041666666667
2018-01-14 20:00:00,22.0416666666667
2018-01-14 21:00:00,22.5208333333333
2018-01-14 22:00:00,23.4791666666667
2018-01-14 23:00:00,24.9166666666667
2018-01-15 00:00:00,23
2018-01-15 00:00:00,23
2018-01-15 01:00:00,23
2018-01-15 02:00:00,24
2018-01-15 03:00:00,24
2018-01-15 04:00:00,25
2018-01-15 05:00:00,24
2018-01-15 06:00:00,23
2018-01-15 07:00:00,22
2018-01-15 08:00:00,22
2018-01-15 09:00:00,21
2018-01-15 10:00:00,21
2018-01-15 11:00:00,21
2018-01-15 12:00:00,22
2018-01-15 13:00:00,21
2018-01-15 14:00:00,22
2018-01-15 15:00:00,21
2018-01-15 16:00:00,22
2018-01-15 17:00:00,21
2018-01-15 18:00:00,22
2018-01-15 19:00:00,25
2018-01-15 20:00:00,23
2018-01-15 21:00:00,23
2018-01-15 22:00:00,25
2018-01-15 23:00:00,25
2018-01-16 00:00:00,26
2018-01-16 01:00:00,28
2018-01-16 02:00:00,31
2018-01-16 03:00:00,29
2018-01-16 04:00:00,29
2018-01-16 05:00:00,29
2018-01-16 06:00:00,28
2018-01-16 07:00:00,26
2018-01-16 08:00:00,41
2018-01-16 09:00:00,46
2018-01-16 10:00:00,52
2018-01-16 11:00:00,39
2018-01-16 12:00:00,39
2018-01-16 13:00:00,41
2018-01-16 14:00:00,42
2018-01-16 15:00:00,42
2018-01-16 16:00:00,39
2018-01-16 17:00:00,42
2018-01-16 18:00:00,49
2018-01-16 19:00:00,44
2018-01-16 20:00:00,42
2018-01-16 21:00:00,76
2018-01-16 22:00:00,100
2018-01-16 23:00:00,71
2018-01-17 00:00:00,56
2018-01-17 01:00:00,52
2018-01-17 02:00:00,52
2018-01-17 03:00:00,62
2018-01-17 04:00:00,58
2018-01-17 05:00:00,54
2018-01-17 06:00:00,51
2018-01-17 07:00:00,47
2018-01-17 08:00:00,42
2018-01-17 09:00:00,42
2018-01-17 10:00:00,49
2018-01-17 11:00:00,48
2018-01-17 12:00:00,48
2018-01-17 13:00:00,53
2018-01-17 14:00:00,73
2018-01-17 15:00:00,86
2018-01-17 16:00:00,74
2018-01-17 17:00:00,67
2018-01-17 18:00:00,68
2018-01-17 19:00:00,62
2018-01-17 20:00:00,62
2018-01-17 21:00:00,65
2018-01-17 22:00:00,64
2018-01-17 23:00:00,54
2018-01-18 00:00:00,52
2018-01-18 01:00:00,51
2018-01-18 02:00:00,48
2018-01-18 03:00:00,50
2018-01-18 04:00:00,51
2018-01-18 05:00:00,54
2018-01-18 06:00:00,48
2018-01-18 07:00:00,43
2018-01-18 08:00:00,41
2018-01-18 09:00:00,38
2018-01-18 10:00:00,38
2018-01-18 11:00:00,36
2018-01-18 12:00:00,37
2018-01-18 13:00:00,37
2018-01-18 14:00:00,38
2018-01-18 15:00:00,34
2018-01-18 16:00:00,36
2018-01-18 17:00:00,35
2018-01-18 18:00:00,35
2018-01-18 19:00:00,33
2018-01-18 20:00:00,35
2018-01-18 21:00:00,37
2018-01-18 22:00:00,39
2018-01-18 23:00:00,37
2018-01-19 00:00:00,37
2018-01-19 01:00:00,34
2018-01-19 02:00:00,36
2018-01-19 03:00:00,38
2018-01-19 04:00:00,36
2018-01-19 05:00:00,36
2018-01-19 06:00:00,36
2018-01-19 07:00:00,34
2018-01-19 08:00:00,30
2018-01-19 09:00:00,29
2018-01-19 10:00:00,28
2018-01-19 11:00:00,27
2018-01-19 12:00:00,29
2018-01-19 13:00:00,30
2018-01-19 14:00:00,29
2018-01-19 15:00:00,27
2018-01-19 16:00:00,28
2018-01-19 17:00:00,28
2018-01-19 18:00:00,29
2018-01-19 19:00:00,28
2018-01-19 20:00:00,30
2018-01-19 21:00:00,32
2018-01-19 22:00:00,32
2018-01-19 23:00:00,29
2018-01-20 00:00:00,29
2018-01-20 01:00:00,27
2018-01-20 02:00:00,27
2018-01-20 03:00:00,26
2018-01-20 04:00:00,29
2018-01-20 05:00:00,31
2018-01-20 06:00:00,29
2018-01-20 07:00:00,27
2018-01-20 08:00:00,26
2018-01-20 09:00:00,24
2018-01-20 10:00:00,23
2018-01-20 11:00:00,22
2018-01-20 12:00:00,23
2018-01-20 13:00:00,24
2018-01-20 14:00:00,23
2018-01-20 15:00:00,23
2018-01-20 16:00:00,23
2018-01-20 17:00:00,24
2018-01-20 18:00:00,26
2018-01-20 19:00:00,25
2018-01-20 20:00:00,25
2018-01-20 21:00:00,25
2018-01-20 22:00:00,28
2018-01-20 23:00:00,27
2018-01-21 00:00:00,26
2018-01-21 01:00:00,24
2018-01-21 02:00:00,26
2018-01-21 03:00:00,25
2018-01-21 04:00:00,27
2018-01-21 05:00:00,27
2018-01-21 06:00:00,27
2018-01-21 07:00:00,25
2018-01-21 08:00:00,23
2018-01-21 09:00:00,24
2018-01-21 10:00:00,22
2018-01-21 11:00:00,20
2018-01-21 12:00:00,20
2018-01-21 13:00:00,20
2018-01-21 14:00:00,22
2018-01-21 15:00:00,22
2018-01-21 16:00:00,26
2018-01-21 17:00:00,25
2018-01-21 18:00:00,24
2018-01-21 19:00:00,24
2018-01-21 20:00:00,25
2018-01-21 21:00:00,26
2018-01-21 22:00:00,27
2018-01-21 23:00:00,26
2018-01-22 00:00:00,26
2018-01-22 00:00:00,26
2018-01-22 01:00:00,26
2018-01-22 02:00:00,25.3066666666667
2018-01-22 03:00:00,25.3066666666667
2018-01-22 04:00:00,27.04
2018-01-22 05:00:00,27.7333333333333
2018-01-22 06:00:00,23.92
2018-01-22 07:00:00,24.96
2018-01-22 08:00:00,22.88
2018-01-22 09:00:00,22.1866666666667
2018-01-22 10:00:00,21.4933333333333
2018-01-22 11:00:00,23.2266666666667
2018-01-22 12:00:00,24.2666666666667
2018-01-22 13:00:00,27.3866666666667
2018-01-22 14:00:00,28.7733333333333
2018-01-22 15:00:00,30.16
2018-01-22 16:00:00,28.7733333333333
2018-01-22 17:00:00,30.16
2018-01-22 18:00:00,27.04
2018-01-22 19:00:00,28.4266666666667
2018-01-22 20:00:00,29.8133333333333
2018-01-22 21:00:00,33.6266666666667
2018-01-22 22:00:00,34.6666666666667
2018-01-22 23:00:00,31.2
2018-01-23 00:00:00,29.4666666666667
2018-01-23 01:00:00,27.3866666666667
2018-01-23 02:00:00,28.08
2018-01-23 03:00:00,28.7733333333333
2018-01-23 04:00:00,30.16
2018-01-23 05:00:00,30.16
2018-01-23 06:00:00,29.4666666666667
2018-01-23 07:00:00,28.4266666666667
2018-01-23 08:00:00,27.7333333333333
2018-01-23 09:00:00,24.96
2018-01-23 10:00:00,23.92
2018-01-23 11:00:00,26.3466666666667
2018-01-23 12:00:00,26
2018-01-23 13:00:00,25.6533333333333
2018-01-23 14:00:00,24.6133333333333
2018-01-23 15:00:00,24.2666666666667
2018-01-23 16:00:00,26.6933333333333
2018-01-23 17:00:00,24.6133333333333
2018-01-23 18:00:00,23.92
2018-01-23 19:00:00,27.04
2018-01-23 20:00:00,26.3466666666667
2018-01-23 21:00:00,28.7733333333333
2018-01-23 22:00:00,29.12
2018-01-23 23:00:00,31.5466666666667
2018-01-24 00:00:00,29.4666666666667
2018-01-24 01:00:00,27.04
2018-01-24 02:00:00,27.7333333333333
2018-01-24 03:00:00,27.7333333333333
2018-01-24 04:00:00,29.12
2018-01-24 05:00:00,26.6933333333333
2018-01-24 06:00:00,27.04
2018-01-24 07:00:00,23.92
2018-01-24 08:00:00,22.88
2018-01-24 09:00:00,21.4933333333333
2018-01-24 10:00:00,22.1866666666667
2018-01-24 11:00:00,22.5333333333333
2018-01-24 12:00:00,22.88
2018-01-24 13:00:00,25.3066666666667
2018-01-24 14:00:00,23.5733333333333
2018-01-24 15:00:00,22.88
2018-01-24 16:00:00,23.5733333333333
2018-01-24 17:00:00,24.96
2018-01-24 18:00:00,23.92
2018-01-24 19:00:00,27.04
2018-01-24 20:00:00,25.3066666666667
2018-01-24 21:00:00,25.3066666666667
2018-01-24 22:00:00,27.04
2018-01-24 23:00:00,25.6533333333333
2018-01-25 00:00:00,27.04
2018-01-25 01:00:00,23.92
2018-01-25 02:00:00,25.6533333333333
2018-01-25 03:00:00,26.3466666666667
2018-01-25 04:00:00,26.6933333333333
2018-01-25 05:00:00,25.3066666666667
2018-01-25 06:00:00,24.2666666666667
2018-01-25 07:00:00,23.2266666666667
2018-01-25 08:00:00,20.8
2018-01-25 09:00:00,19.0666666666667
2018-01-25 10:00:00,19.76
2018-01-25 11:00:00,19.4133333333333
2018-01-25 12:00:00,21.1466666666667
2018-01-25 13:00:00,22.1866666666667
2018-01-25 14:00:00,23.5733333333333
2018-01-25 15:00:00,21.1466666666667
2018-01-25 16:00:00,23.5733333333333
2018-01-25 17:00:00,23.5733333333333
2018-01-25 18:00:00,25.3066666666667
2018-01-25 19:00:00,24.2666666666667
2018-01-25 20:00:00,24.2666666666667
2018-01-25 21:00:00,24.96
2018-01-25 22:00:00,27.3866666666667
2018-01-25 23:00:00,27.3866666666667
2018-01-26 00:00:00,27.3866666666667
2018-01-26 01:00:00,23.92
2018-01-26 02:00:00,24.6133333333333
2018-01-26 03:00:00,24.96
2018-01-26 04:00:00,24.2666666666667
2018-01-26 05:00:00,22.88
2018-01-26 06:00:00,23.5733333333333
2018-01-26 07:00:00,21.84
2018-01-26 08:00:00,24.2666666666667
2018-01-26 09:00:00,24.2666666666667
2018-01-26 10:00:00,23.5733333333333
2018-01-26 11:00:00,23.5733333333333
2018-01-26 12:00:00,23.2266666666667
2018-01-26 13:00:00,22.88
2018-01-26 14:00:00,22.88
2018-01-26 15:00:00,28.4266666666667
2018-01-26 16:00:00,22.5333333333333
2018-01-26 17:00:00,22.1866666666667
2018-01-26 18:00:00,23.5733333333333
2018-01-26 19:00:00,23.2266666666667
2018-01-26 20:00:00,22.5333333333333
2018-01-26 21:00:00,24.96
2018-01-26 22:00:00,26.3466666666667
2018-01-26 23:00:00,25.6533333333333
2018-01-27 00:00:00,25.6533333333333
2018-01-27 01:00:00,23.2266666666667
2018-01-27 02:00:00,22.88
2018-01-27 03:00:00,22.88
2018-01-27 04:00:00,23.2266666666667
2018-01-27 05:00:00,23.2266666666667
2018-01-27 06:00:00,20.4533333333333
2018-01-27 07:00:00,21.4933333333333
2018-01-27 08:00:00,18.0266666666667
2018-01-27 09:00:00,16.2933333333333
2018-01-27 10:00:00,16.2933333333333
2018-01-27 11:00:00,16.9866666666667
2018-01-27 12:00:00,17.3333333333333
2018-01-27 13:00:00,17.3333333333333
2018-01-27 14:00:00,17.68
2018-01-27 15:00:00,18.3733333333333
2018-01-27 16:00:00,20.1066666666667
2018-01-27 17:00:00,18.72
2018-01-27 18:00:00,19.76
2018-01-27 19:00:00,19.76
2018-01-27 20:00:00,19.76
2018-01-27 21:00:00,20.4533333333333
2018-01-27 22:00:00,21.4933333333333
2018-01-27 23:00:00,22.1866666666667
2018-01-28 00:00:00,22.5333333333333
2018-01-28 01:00:00,20.4533333333333
2018-01-28 02:00:00,20.8
2018-01-28 03:00:00,20.8
2018-01-28 04:00:00,20.8
2018-01-28 05:00:00,19.76
2018-01-28 06:00:00,20.8
2018-01-28 07:00:00,18.0266666666667
2018-01-28 08:00:00,19.4133333333333
2018-01-28 09:00:00,17.3333333333333
2018-01-28 10:00:00,18.0266666666667
2018-01-28 11:00:00,17.68
2018-01-28 12:00:00,17.3333333333333
2018-01-28 13:00:00,16.9866666666667
2018-01-28 14:00:00,18.0266666666667
2018-01-28 15:00:00,17.68
2018-01-28 16:00:00,17.3333333333333
2018-01-28 17:00:00,18.0266666666667
2018-01-28 18:00:00,18.0266666666667
2018-01-28 19:00:00,18.72
2018-01-28 20:00:00,19.76
2018-01-28 21:00:00,20.1066666666667
2018-01-28 22:00:00,21.1466666666667
2018-01-28 23:00:00,21.1466666666667
2018-01-29 00:00:00,20.8
2018-01-29 00:00:00,20.8
2018-01-29 01:00:00,21.32
2018-01-29 02:00:00,20.28
2018-01-29 03:00:00,21.84
2018-01-29 04:00:00,19.76
2018-01-29 05:00:00,21.84
2018-01-29 06:00:00,21.84
2018-01-29 07:00:00,19.76
2018-01-29 08:00:00,19.24
2018-01-29 09:00:00,18.72
2018-01-29 10:00:00,18.2
2018-01-29 11:00:00,19.76
2018-01-29 12:00:00,20.28
2018-01-29 13:00:00,18.2
2018-01-29 14:00:00,19.76
2018-01-29 15:00:00,19.76
2018-01-29 16:00:00,20.28
2018-01-29 17:00:00,23.92
2018-01-29 18:00:00,20.8
2018-01-29 19:00:00,19.76
2018-01-29 20:00:00,20.8
2018-01-29 21:00:00,21.84
2018-01-29 22:00:00,21.84
2018-01-29 23:00:00,21.32
2018-01-30 00:00:00,20.8
2018-01-30 01:00:00,18.72
2018-01-30 02:00:00,21.32
2018-01-30 03:00:00,22.36
2018-01-30 04:00:00,22.36
2018-01-30 05:00:00,21.32
2018-01-30 06:00:00,20.8
2018-01-30 07:00:00,19.24
2018-01-30 08:00:00,18.2
2018-01-30 09:00:00,18.72
2018-01-30 10:00:00,17.16
2018-01-30 11:00:00,18.72
2018-01-30 12:00:00,18.2
2018-01-30 13:00:00,19.24
2018-01-30 14:00:00,20.28
2018-01-30 15:00:00,22.88
2018-01-30 16:00:00,21.32
2018-01-30 17:00:00,21.32
2018-01-30 18:00:00,30.16
2018-01-30 19:00:00,29.12
2018-01-30 20:00:00,29.12
2018-01-30 21:00:00,29.64
2018-01-30 22:00:00,27.56
2018-01-30 23:00:00,28.08
2018-01-31 00:00:00,30.16
2018-01-31 01:00:00,30.68
2018-01-31 02:00:00,29.12
2018-01-31 03:00:00,26
2018-01-31 04:00:00,29.12
2018-01-31 05:00:00,30.68
2018-01-31 06:00:00,26.52
2018-01-31 07:00:00,22.88
2018-01-31 08:00:00,23.4
2018-01-31 09:00:00,22.36
2018-01-31 10:00:00,20.28
2018-01-31 11:00:00,20.28
2018-01-31 12:00:00,19.76
2018-01-31 13:00:00,19.76
2018-01-31 14:00:00,20.8
2018-01-31 15:00:00,23.4
2018-01-31 16:00:00,23.4
2018-01-31 17:00:00,24.44
2018-01-31 18:00:00,22.88
2018-01-31 19:00:00,22.88
2018-01-31 20:00:00,22.88
2018-01-31 21:00:00,22.88
2018-01-31 22:00:00,23.92
2018-01-31 23:00:00,22.36
2018-02-01 00:00:00,22.88
2018-02-01 01:00:00,21.84
2018-02-01 02:00:00,21.32
2018-02-01 03:00:00,21.84
2018-02-01 04:00:00,23.92
2018-02-01 05:00:00,23.4
2018-02-01 06:00:00,26
2018-02-01 07:00:00,24.96
2018-02-01 08:00:00,24.44
2018-02-01 09:00:00,24.44
2018-02-01 10:00:00,27.04
2018-02-01 11:00:00,26
2018-02-01 12:00:00,30.16
2018-02-01 13:00:00,31.72
2018-02-01 14:00:00,28.08
2018-02-01 15:00:00,29.64
2018-02-01 16:00:00,33.8
2018-02-01 17:00:00,33.8
2018-02-01 18:00:00,32.24
2018-02-01 19:00:00,35.88
2018-02-01 20:00:00,39
2018-02-01 21:00:00,36.4
2018-02-01 22:00:00,34.84
2018-02-01 23:00:00,36.4
2018-02-02 00:00:00,36.4
2018-02-02 01:00:00,38.48
2018-02-02 02:00:00,43.16
2018-02-02 03:00:00,37.44
2018-02-02 04:00:00,41.6
2018-02-02 05:00:00,43.68
2018-02-02 06:00:00,45.76
2018-02-02 07:00:00,40.56
2018-02-02 08:00:00,43.16
2018-02-02 09:00:00,42.12
2018-02-02 10:00:00,39.52
2018-02-02 11:00:00,41.08
2018-02-02 12:00:00,52
2018-02-02 13:00:00,39.52
2018-02-02 14:00:00,36.92
2018-02-02 15:00:00,36.4
2018-02-02 16:00:00,35.88
2018-02-02 17:00:00,39.52
2018-02-02 18:00:00,33.8
2018-02-02 19:00:00,37.96
2018-02-02 20:00:00,37.44
2018-02-02 21:00:00,44.2
2018-02-02 22:00:00,37.44
2018-02-02 23:00:00,36.4
2018-02-03 00:00:00,36.92
2018-02-03 01:00:00,33.28
2018-02-03 02:00:00,33.28
2018-02-03 03:00:00,35.36
2018-02-03 04:00:00,36.4
2018-02-03 05:00:00,32.76
2018-02-03 06:00:00,30.68
2018-02-03 07:00:00,30.16
2018-02-03 08:00:00,27.56
2018-02-03 09:00:00,28.08
2018-02-03 10:00:00,24.96
2018-02-03 11:00:00,25.48
2018-02-03 12:00:00,24.96
2018-02-03 13:00:00,25.48
2018-02-03 14:00:00,25.48
2018-02-03 15:00:00,24.44
2018-02-03 16:00:00,23.92
2018-02-03 17:00:00,22.88
2018-02-03 18:00:00,22.88
2018-02-03 19:00:00,23.4
2018-02-03 20:00:00,23.4
2018-02-03 21:00:00,23.92
2018-02-03 22:00:00,24.44
2018-02-03 23:00:00,23.92
2018-02-04 00:00:00,22.36
2018-02-04 01:00:00,21.84
2018-02-04 02:00:00,22.36
2018-02-04 03:00:00,23.4
2018-02-04 04:00:00,23.92
2018-02-04 05:00:00,22.88
2018-02-04 06:00:00,23.4
2018-02-04 07:00:00,23.4
2018-02-04 08:00:00,22.36
2018-02-04 09:00:00,20.28
2018-02-04 10:00:00,20.28
2018-02-04 11:00:00,18.2
2018-02-04 12:00:00,21.32
2018-02-04 13:00:00,20.8
2018-02-04 14:00:00,19.76
2018-02-04 15:00:00,21.84
2018-02-04 16:00:00,22.88
2018-02-04 17:00:00,21.84
2018-02-04 18:00:00,22.88
2018-02-04 19:00:00,24.44
2018-02-04 20:00:00,27.56
2018-02-04 21:00:00,28.08
2018-02-04 22:00:00,27.56
2018-02-04 23:00:00,28.08
2018-02-05 00:00:00,24.44
2018-02-05 00:00:00,24.44
2018-02-05 01:00:00,24.44
2018-02-05 02:00:00,25.1005405405405
2018-02-05 03:00:00,25.7610810810811
2018-02-05 04:00:00,29.0637837837838
2018-02-05 05:00:00,28.4032432432432
2018-02-05 06:00:00,28.4032432432432
2018-02-05 07:00:00,30.3848648648649
2018-02-05 08:00:00,30.3848648648649
2018-02-05 09:00:00,31.7059459459459
2018-02-05 10:00:00,30.3848648648649
2018-02-05 11:00:00,31.7059459459459
2018-02-05 12:00:00,32.3664864864865
2018-02-05 13:00:00,32.3664864864865
2018-02-05 14:00:00,35.6691891891892
2018-02-05 15:00:00,38.3113513513514
2018-02-05 16:00:00,33.6875675675676
2018-02-05 17:00:00,35.6691891891892
2018-02-05 18:00:00,46.8983783783784
2018-02-05 19:00:00,56.8064864864865
2018-02-05 20:00:00,65.3935135135135
2018-02-05 21:00:00,64.0724324324324
2018-02-05 22:00:00,52.1827027027027
2018-02-05 23:00:00,51.5221621621622
2018-02-06 00:00:00,48.88
2018-02-06 01:00:00,52.8432432432432
2018-02-06 02:00:00,54.8248648648649
2018-02-06 03:00:00,62.0908108108108
2018-02-06 04:00:00,58.1275675675676
2018-02-06 05:00:00,66.0540540540541
2018-02-06 06:00:00,60.7697297297297
2018-02-06 07:00:00,60.1091891891892
2018-02-06 08:00:00,56.8064864864865
2018-02-06 09:00:00,47.5589189189189
2018-02-06 10:00:00,44.9167567567568
2018-02-06 11:00:00,43.5956756756757
2018-02-06 12:00:00,46.2378378378378
2018-02-06 13:00:00,44.9167567567568
2018-02-06 14:00:00,42.2745945945946
2018-02-06 15:00:00,48.2194594594595
2018-02-06 16:00:00,44.2562162162162
2018-02-06 17:00:00,42.9351351351351
2018-02-06 18:00:00,38.3113513513514
2018-02-06 19:00:00,40.9535135135135
2018-02-06 20:00:00,42.9351351351351
2018-02-06 21:00:00,40.292972972973
2018-02-06 22:00:00,42.2745945945946
2018-02-06 23:00:00,40.292972972973
2018-02-07 00:00:00,38.9718918918919
2018-02-07 01:00:00,36.3297297297297
2018-02-07 02:00:00,36.3297297297297
2018-02-07 03:00:00,36.9902702702703
2018-02-07 04:00:00,36.3297297297297
2018-02-07 05:00:00,37.6508108108108
2018-02-07 06:00:00,36.3297297297297
2018-02-07 07:00:00,35.0086486486486
2018-02-07 08:00:00,30.3848648648649
2018-02-07 09:00:00,29.7243243243243
2018-02-07 10:00:00,30.3848648648649
2018-02-07 11:00:00,28.4032432432432
2018-02-07 12:00:00,29.7243243243243
2018-02-07 13:00:00,29.7243243243243
2018-02-07 14:00:00,28.4032432432432
2018-02-07 15:00:00,28.4032432432432
2018-02-07 16:00:00,27.7427027027027
2018-02-07 17:00:00,29.7243243243243
2018-02-07 18:00:00,30.3848648648649
2018-02-07 19:00:00,27.7427027027027
2018-02-07 20:00:00,29.7243243243243
2018-02-07 21:00:00,30.3848648648649
2018-02-07 22:00:00,32.3664864864865
2018-02-07 23:00:00,32.3664864864865
2018-02-08 00:00:00,30.3848648648649
2018-02-08 01:00:00,28.4032432432432
2018-02-08 02:00:00,29.0637837837838
2018-02-08 03:00:00,27.7427027027027
2018-02-08 04:00:00,29.0637837837838
2018-02-08 05:00:00,27.7427027027027
2018-02-08 06:00:00,29.0637837837838
2018-02-08 07:00:00,26.4216216216216
2018-02-08 08:00:00,23.7794594594595
2018-02-08 09:00:00,23.1189189189189
2018-02-08 10:00:00,24.44
2018-02-08 11:00:00,24.44
2018-02-08 12:00:00,23.7794594594595
2018-02-08 13:00:00,23.1189189189189
2018-02-08 14:00:00,23.7794594594595
2018-02-08 15:00:00,24.44
2018-02-08 16:00:00,26.4216216216216
2018-02-08 17:00:00,26.4216216216216
2018-02-08 18:00:00,25.7610810810811
2018-02-08 19:00:00,25.7610810810811
2018-02-08 20:00:00,29.0637837837838
2018-02-08 21:00:00,35.0086486486486
2018-02-08 22:00:00,30.3848648648649
2018-02-08 23:00:00,30.3848648648649
2018-02-09 00:00:00,27.0821621621622
2018-02-09 01:00:00,25.7610810810811
2018-02-09 02:00:00,26.4216216216216
2018-02-09 03:00:00,26.4216216216216
2018-02-09 04:00:00,26.4216216216216
2018-02-09 05:00:00,26.4216216216216
2018-02-09 06:00:00,25.7610810810811
2018-02-09 07:00:00,24.44
2018-02-09 08:00:00,22.4583783783784
2018-02-09 09:00:00,21.7978378378378
2018-02-09 10:00:00,21.1372972972973
2018-02-09 11:00:00,20.4767567567568
2018-02-09 12:00:00,20.4767567567568
2018-02-09 13:00:00,21.1372972972973
2018-02-09 14:00:00,21.1372972972973
2018-02-09 15:00:00,23.7794594594595
2018-02-09 16:00:00,21.7978378378378
2018-02-09 17:00:00,23.7794594594595
2018-02-09 18:00:00,24.44
2018-02-09 19:00:00,23.7794594594595
2018-02-09 20:00:00,23.1189189189189
2018-02-09 21:00:00,23.7794594594595
2018-02-09 22:00:00,22.4583783783784
2018-02-09 23:00:00,21.7978378378378
2018-02-10 00:00:00,22.4583783783784
2018-02-10 01:00:00,22.4583783783784
2018-02-10 02:00:00,22.4583783783784
2018-02-10 03:00:00,22.4583783783784
2018-02-10 04:00:00,24.44
2018-02-10 05:00:00,21.7978378378378
2018-02-10 06:00:00,22.4583783783784
2018-02-10 07:00:00,21.7978378378378
2018-02-10 08:00:00,19.8162162162162
2018-02-10 09:00:00,18.4951351351351
2018-02-10 10:00:00,19.1556756756757
2018-02-10 11:00:00,17.1740540540541
2018-02-10 12:00:00,15.852972972973
2018-02-10 13:00:00,16.5135135135135
2018-02-10 14:00:00,16.5135135135135
2018-02-10 15:00:00,17.8345945945946
2018-02-10 16:00:00,17.1740540540541
2018-02-10 17:00:00,17.1740540540541
2018-02-10 18:00:00,16.5135135135135
2018-02-10 19:00:00,16.5135135135135
2018-02-10 20:00:00,17.1740540540541
2018-02-10 21:00:00,17.8345945945946
2018-02-10 22:00:00,17.8345945945946
2018-02-10 23:00:00,19.1556756756757
2018-02-11 00:00:00,19.1556756756757
2018-02-11 01:00:00,17.8345945945946
2018-02-11 02:00:00,16.5135135135135
2018-02-11 03:00:00,18.4951351351351
2018-02-11 04:00:00,19.1556756756757
2018-02-11 05:00:00,19.8162162162162
2018-02-11 06:00:00,18.4951351351351
2018-02-11 07:00:00,18.4951351351351
2018-02-11 08:00:00,18.4951351351351
2018-02-11 09:00:00,17.1740540540541
2018-02-11 10:00:00,17.1740540540541
2018-02-11 11:00:00,15.1924324324324
2018-02-11 12:00:00,16.5135135135135
2018-02-11 13:00:00,15.852972972973
2018-02-11 14:00:00,15.1924324324324
2018-02-11 15:00:00,15.1924324324324
2018-02-11 16:00:00,16.5135135135135
2018-02-11 17:00:00,16.5135135135135
2018-02-11 18:00:00,15.852972972973
2018-02-11 19:00:00,17.8345945945946
2018-02-11 20:00:00,19.1556756756757
2018-02-11 21:00:00,18.4951351351351
2018-02-11 22:00:00,19.8162162162162
2018-02-11 23:00:00,19.8162162162162
2018-02-12 00:00:00,19.8162162162162
2018-02-12 00:00:00,19.8162162162162
2018-02-12 01:00:00,17.6739225712199
2018-02-12 02:00:00,17.6739225712199
2018-02-12 03:00:00,18.745069393718
2018-02-12 04:00:00,20.3517896274653
2018-02-12 05:00:00,19.5484295105917
2018-02-12 06:00:00,19.0128560993426
2018-02-12 07:00:00,18.745069393718
2018-02-12 08:00:00,18.745069393718
2018-02-12 09:00:00,17.1383491599708
2018-02-12 10:00:00,18.4772826880935
2018-02-12 11:00:00,18.209495982469
2018-02-12 12:00:00,19.2806428049671
2018-02-12 13:00:00,19.0128560993426
2018-02-12 14:00:00,19.2806428049671
2018-02-12 15:00:00,19.5484295105917
2018-02-12 16:00:00,19.8162162162162
2018-02-12 17:00:00,19.5484295105917
2018-02-12 18:00:00,20.6195763330898
2018-02-12 19:00:00,18.4772826880935
2018-02-12 20:00:00,26.2430971512053
2018-02-12 21:00:00,25.1719503287071
2018-02-12 22:00:00,21.690723155588
2018-02-12 23:00:00,21.9585098612126
2018-02-13 00:00:00,20.8873630387144
2018-02-13 01:00:00,19.8162162162162
2018-02-13 02:00:00,18.209495982469
2018-02-13 03:00:00,18.4772826880935
2018-02-13 04:00:00,20.6195763330898
2018-02-13 05:00:00,19.8162162162162
2018-02-13 06:00:00,19.2806428049671
2018-02-13 07:00:00,17.4061358655953
2018-02-13 08:00:00,17.9417092768444
2018-02-13 09:00:00,17.4061358655953
2018-02-13 10:00:00,17.1383491599708
2018-02-13 11:00:00,16.8705624543462
2018-02-13 12:00:00,15.5316289262235
2018-02-13 13:00:00,15.7994156318481
2018-02-13 14:00:00,16.6027757487217
2018-02-13 15:00:00,16.8705624543462
2018-02-13 16:00:00,16.8705624543462
2018-02-13 17:00:00,17.1383491599708
2018-02-13 18:00:00,18.4772826880935
2018-02-13 19:00:00,17.9417092768444
2018-02-13 20:00:00,18.209495982469
2018-02-13 21:00:00,19.8162162162162
2018-02-13 22:00:00,19.5484295105917
2018-02-13 23:00:00,19.8162162162162
2018-02-14 00:00:00,17.1383491599708
2018-02-14 01:00:00,16.6027757487217
2018-02-14 02:00:00,15.7994156318481
2018-02-14 03:00:00,16.8705624543462
2018-02-14 04:00:00,16.8705624543462
2018-02-14 05:00:00,18.4772826880935
2018-02-14 06:00:00,17.6739225712199
2018-02-14 07:00:00,16.3349890430972
2018-02-14 08:00:00,14.7282688093499
2018-02-14 09:00:00,14.1926953981008
2018-02-14 10:00:00,14.1926953981008
2018-02-14 11:00:00,15.263842220599
2018-02-14 12:00:00,17.9417092768444
2018-02-14 13:00:00,18.4772826880935
2018-02-14 14:00:00,17.6739225712199
2018-02-14 15:00:00,18.745069393718
2018-02-14 16:00:00,19.8162162162162
2018-02-14 17:00:00,18.745069393718
2018-02-14 18:00:00,18.745069393718
2018-02-14 19:00:00,17.9417092768444
2018-02-14 20:00:00,17.4061358655953
2018-02-14 21:00:00,24.3685902118335
2018-02-14 22:00:00,26.7786705624543
2018-02-14 23:00:00,21.690723155588
2018-02-15 00:00:00,19.2806428049671
2018-02-15 01:00:00,18.209495982469
2018-02-15 02:00:00,18.209495982469
2018-02-15 03:00:00,20.3517896274653
2018-02-15 04:00:00,19.5484295105917
2018-02-15 05:00:00,19.0128560993426
2018-02-15 06:00:00,20.0840029218408
2018-02-15 07:00:00,20.3517896274653
2018-02-15 08:00:00,19.5484295105917
2018-02-15 09:00:00,19.0128560993426
2018-02-15 10:00:00,17.6739225712199
2018-02-15 11:00:00,17.4061358655953
2018-02-15 12:00:00,17.4061358655953
2018-02-15 13:00:00,17.1383491599708
2018-02-15 14:00:00,17.4061358655953
2018-02-15 15:00:00,18.209495982469
2018-02-15 16:00:00,19.0128560993426
2018-02-15 17:00:00,19.8162162162162
2018-02-15 18:00:00,22.7618699780862
2018-02-15 19:00:00,21.690723155588
2018-02-15 20:00:00,21.1551497443389
2018-02-15 21:00:00,22.2262965668371
2018-02-15 22:00:00,20.8873630387144
2018-02-15 23:00:00,21.9585098612126
2018-02-16 00:00:00,19.5484295105917
2018-02-16 01:00:00,20.6195763330898
2018-02-16 02:00:00,21.690723155588
2018-02-16 03:00:00,21.1551497443389
2018-02-16 04:00:00,20.0840029218408
2018-02-16 05:00:00,20.6195763330898
2018-02-16 06:00:00,19.8162162162162
2018-02-16 07:00:00,19.8162162162162
2018-02-16 08:00:00,16.6027757487217
2018-02-16 09:00:00,16.6027757487217
2018-02-16 10:00:00,16.6027757487217
2018-02-16 11:00:00,16.6027757487217
2018-02-16 12:00:00,16.3349890430972
2018-02-16 13:00:00,16.6027757487217
2018-02-16 14:00:00,16.6027757487217
2018-02-16 15:00:00,17.1383491599708
2018-02-16 16:00:00,16.6027757487217
2018-02-16 17:00:00,16.8705624543462
2018-02-16 18:00:00,16.6027757487217
2018-02-16 19:00:00,16.8705624543462
2018-02-16 20:00:00,17.4061358655953
2018-02-16 21:00:00,17.1383491599708
2018-02-16 22:00:00,17.9417092768444
2018-02-16 23:00:00,17.6739225712199
2018-02-17 00:00:00,16.8705624543462
2018-02-17 01:00:00,16.6027757487217
2018-02-17 02:00:00,19.0128560993426
2018-02-17 03:00:00,17.4061358655953
2018-02-17 04:00:00,19.0128560993426
2018-02-17 05:00:00,18.745069393718
2018-02-17 06:00:00,18.745069393718
2018-02-17 07:00:00,18.4772826880935
2018-02-17 08:00:00,17.9417092768444
2018-02-17 09:00:00,16.6027757487217
2018-02-17 10:00:00,15.5316289262235
2018-02-17 11:00:00,14.7282688093499
2018-02-17 12:00:00,15.7994156318481
2018-02-17 13:00:00,15.7994156318481
2018-02-17 14:00:00,14.9960555149744
2018-02-17 15:00:00,14.7282688093499
2018-02-17 16:00:00,14.9960555149744
2018-02-17 17:00:00,15.263842220599
2018-02-17 18:00:00,15.263842220599
2018-02-17 19:00:00,15.7994156318481
2018-02-17 20:00:00,16.3349890430972
2018-02-17 21:00:00,17.1383491599708
2018-02-17 22:00:00,17.4061358655953
2018-02-17 23:00:00,19.2806428049671
2018-02-18 00:00:00,18.209495982469
2018-02-18 01:00:00,21.690723155588
2018-02-18 02:00:00,23.0296566837107
2018-02-18 03:00:00,23.0296566837107
2018-02-18 04:00:00,20.6195763330898
2018-02-18 05:00:00,20.0840029218408
2018-02-18 06:00:00,19.8162162162162
2018-02-18 07:00:00,16.8705624543462
2018-02-18 08:00:00,17.1383491599708
2018-02-18 09:00:00,16.3349890430972
2018-02-18 10:00:00,19.0128560993426
2018-02-18 11:00:00,15.5316289262235
2018-02-18 12:00:00,14.7282688093499
2018-02-18 13:00:00,14.7282688093499
2018-02-18 14:00:00,13.9249086924763
2018-02-18 15:00:00,14.4604821037253
2018-02-18 16:00:00,15.7994156318481
2018-02-18 17:00:00,15.7994156318481
2018-02-18 18:00:00,14.9960555149744
2018-02-18 19:00:00,14.4604821037253
2018-02-18 20:00:00,15.7994156318481
2018-02-18 21:00:00,16.3349890430972
2018-02-18 22:00:00,15.7994156318481
2018-02-18 23:00:00,17.1383491599708
2018-02-19 00:00:00,15.263842220599
2018-02-19 00:00:00,15.263842220599
2018-02-19 01:00:00,15.7194793018109
2018-02-19 02:00:00,15.263842220599
2018-02-19 03:00:00,16.1751163830228
2018-02-19 04:00:00,17.3142090860526
2018-02-19 05:00:00,17.3142090860526
2018-02-19 06:00:00,16.1751163830228
2018-02-19 07:00:00,15.4916607612049
2018-02-19 08:00:00,16.1751163830228
2018-02-19 09:00:00,14.3525680581752
2018-02-19 10:00:00,15.7194793018109
2018-02-19 11:00:00,15.9472978424168
2018-02-19 12:00:00,15.263842220599
2018-02-19 13:00:00,15.4916607612049
2018-02-19 14:00:00,15.9472978424168
2018-02-19 15:00:00,16.4029349236288
2018-02-19 16:00:00,16.6307534642347
2018-02-19 17:00:00,16.4029349236288
2018-02-19 18:00:00,15.7194793018109
2018-02-19 19:00:00,15.7194793018109
2018-02-19 20:00:00,17.5420276266585
2018-02-19 21:00:00,17.7698461672645
2018-02-19 22:00:00,18.2254832484764
2018-02-19 23:00:00,17.9976647078704
2018-02-20 00:00:00,17.3142090860526
2018-02-20 01:00:00,17.3142090860526
2018-02-20 02:00:00,19.8202130327181
2018-02-20 03:00:00,18.6811203296883
2018-02-20 04:00:00,18.9089388702943
2018-02-20 05:00:00,19.3645759515062
2018-02-20 06:00:00,18.6811203296883
2018-02-20 07:00:00,18.9089388702943
2018-02-20 08:00:00,17.7698461672645
2018-02-20 09:00:00,16.1751163830228
2018-02-20 10:00:00,15.9472978424168
2018-02-20 11:00:00,17.0863905454466
2018-02-20 12:00:00,17.3142090860526
2018-02-20 13:00:00,16.8585720048407
2018-02-20 14:00:00,17.0863905454466
2018-02-20 15:00:00,16.6307534642347
2018-02-20 16:00:00,17.9976647078704
2018-02-20 17:00:00,18.2254832484764
2018-02-20 18:00:00,17.9976647078704
2018-02-20 19:00:00,17.9976647078704
2018-02-20 20:00:00,17.7698461672645
2018-02-20 21:00:00,18.6811203296883
2018-02-20 22:00:00,20.048031573324
2018-02-20 23:00:00,22.3262169793836
2018-02-21 00:00:00,22.7818540605955
2018-02-21 01:00:00,16.8585720048407
2018-02-21 02:00:00,18.2254832484764
2018-02-21 03:00:00,18.4533017890823
2018-02-21 04:00:00,19.5923944921121
2018-02-21 05:00:00,20.7314871951419
2018-02-21 06:00:00,19.1367574109002
2018-02-21 07:00:00,16.6307534642347
2018-02-21 08:00:00,16.6307534642347
2018-02-21 09:00:00,16.1751163830228
2018-02-21 10:00:00,15.7194793018109
2018-02-21 11:00:00,15.036023679993
2018-02-21 12:00:00,14.8082051393871
2018-02-21 13:00:00,15.9472978424168
2018-02-21 14:00:00,17.7698461672645
2018-02-21 15:00:00,18.6811203296883
2018-02-21 16:00:00,17.5420276266585
2018-02-21 17:00:00,17.7698461672645
2018-02-21 18:00:00,16.1751163830228
2018-02-21 19:00:00,18.4533017890823
2018-02-21 20:00:00,17.7698461672645
2018-02-21 21:00:00,20.27585011393
2018-02-21 22:00:00,19.5923944921121
2018-02-21 23:00:00,16.8585720048407
2018-02-22 00:00:00,17.7698461672645
2018-02-22 01:00:00,15.9472978424168
2018-02-22 02:00:00,16.1751163830228
2018-02-22 03:00:00,16.1751163830228
2018-02-22 04:00:00,16.4029349236288
2018-02-22 05:00:00,17.5420276266585
2018-02-22 06:00:00,16.8585720048407
2018-02-22 07:00:00,14.5803865987811
2018-02-22 08:00:00,14.5803865987811
2018-02-22 09:00:00,14.3525680581752
2018-02-22 10:00:00,16.1751163830228
2018-02-22 11:00:00,15.7194793018109
2018-02-22 12:00:00,15.263842220599
2018-02-22 13:00:00,19.5923944921121
2018-02-22 14:00:00,17.7698461672645
2018-02-22 15:00:00,16.4029349236288
2018-02-22 16:00:00,15.7194793018109
2018-02-22 17:00:00,17.0863905454466
2018-02-22 18:00:00,16.6307534642347
2018-02-22 19:00:00,15.7194793018109
2018-02-22 20:00:00,16.1751163830228
2018-02-22 21:00:00,17.0863905454466
2018-02-22 22:00:00,17.0863905454466
2018-02-22 23:00:00,15.7194793018109
2018-02-23 00:00:00,16.4029349236288
2018-02-23 01:00:00,16.8585720048407
2018-02-23 02:00:00,15.9472978424168
2018-02-23 03:00:00,16.6307534642347
2018-02-23 04:00:00,15.4916607612049
2018-02-23 05:00:00,16.6307534642347
2018-02-23 06:00:00,17.0863905454466
2018-02-23 07:00:00,16.1751163830228
2018-02-23 08:00:00,13.6691124363573
2018-02-23 09:00:00,12.9856568145394
2018-02-23 10:00:00,13.4412938957513
2018-02-23 11:00:00,12.7578382739335
2018-02-23 12:00:00,13.8969309769632
2018-02-23 13:00:00,13.8969309769632
2018-02-23 14:00:00,13.8969309769632
2018-02-23 15:00:00,13.4412938957513
2018-02-23 16:00:00,13.2134753551454
2018-02-23 17:00:00,13.2134753551454
2018-02-23 18:00:00,14.5803865987811
2018-02-23 19:00:00,13.6691124363573
2018-02-23 20:00:00,14.5803865987811
2018-02-23 21:00:00,14.1247495175692
2018-02-23 22:00:00,14.5803865987811
2018-02-23 23:00:00,15.036023679993
2018-02-24 00:00:00,15.263842220599
2018-02-24 01:00:00,13.2134753551454
2018-02-24 02:00:00,14.3525680581752
2018-02-24 03:00:00,14.1247495175692
2018-02-24 04:00:00,13.4412938957513
2018-02-24 05:00:00,13.4412938957513
2018-02-24 06:00:00,12.7578382739335
2018-02-24 07:00:00,12.7578382739335
2018-02-24 08:00:00,11.8465641115097
2018-02-24 09:00:00,11.1631084896918
2018-02-24 10:00:00,12.7578382739335
2018-02-24 11:00:00,12.3022011927216
2018-02-24 12:00:00,11.8465641115097
2018-02-24 13:00:00,11.8465641115097
2018-02-24 14:00:00,12.0743826521156
2018-02-24 15:00:00,11.6187455709037
2018-02-24 16:00:00,11.1631084896918
2018-02-24 17:00:00,11.3909270302977
2018-02-24 18:00:00,12.0743826521156
2018-02-24 19:00:00,11.8465641115097
2018-02-24 20:00:00,13.4412938957513
2018-02-24 21:00:00,13.6691124363573
2018-02-24 22:00:00,13.2134753551454
2018-02-24 23:00:00,13.6691124363573
2018-02-25 00:00:00,12.3022011927216
2018-02-25 01:00:00,12.9856568145394
2018-02-25 02:00:00,12.3022011927216
2018-02-25 03:00:00,12.0743826521156
2018-02-25 04:00:00,12.9856568145394
2018-02-25 05:00:00,12.3022011927216
2018-02-25 06:00:00,12.5300197333275
2018-02-25 07:00:00,11.6187455709037
2018-02-25 08:00:00,11.1631084896918
2018-02-25 09:00:00,10.9352899490858
2018-02-25 10:00:00,10.4796528678739
2018-02-25 11:00:00,10.024015786662
2018-02-25 12:00:00,10.9352899490858
2018-02-25 13:00:00,11.8465641115097
2018-02-25 14:00:00,11.3909270302977
2018-02-25 15:00:00,12.0743826521156
2018-02-25 16:00:00,10.9352899490858
2018-02-25 17:00:00,11.1631084896918
2018-02-25 18:00:00,11.1631084896918
2018-02-25 19:00:00,11.3909270302977
2018-02-25 20:00:00,12.5300197333275
2018-02-25 21:00:00,12.5300197333275
2018-02-25 22:00:00,13.6691124363573
2018-02-25 23:00:00,12.5300197333275
2018-02-26 00:00:00,14.1247495175692
2018-02-26 00:00:00,14.1247495175692
2018-02-26 01:00:00,12.2750799378875
2018-02-26 02:00:00,12.2750799378875
2018-02-26 03:00:00,12.9476870577718
2018-02-26 04:00:00,13.452142397685
2018-02-26 05:00:00,14.6292048574824
2018-02-26 06:00:00,13.9565977375981
2018-02-26 07:00:00,12.7795352778007
2018-02-26 08:00:00,12.7795352778007
2018-02-26 09:00:00,12.1069281579165
2018-02-26 10:00:00,11.9387763779454
2018-02-26 11:00:00,11.6024728180033
2018-02-26 12:00:00,11.9387763779454
2018-02-26 13:00:00,13.2839906177139
2018-02-26 14:00:00,13.452142397685
2018-02-26 15:00:00,13.452142397685
2018-02-26 16:00:00,12.9476870577718
2018-02-26 17:00:00,12.9476870577718
2018-02-26 18:00:00,13.9565977375981
2018-02-26 19:00:00,14.2929012975403
2018-02-26 20:00:00,14.7973566374535
2018-02-26 21:00:00,14.6292048574824
2018-02-26 22:00:00,16.8151779971062
2018-02-26 23:00:00,15.6381155373088
2018-02-27 00:00:00,14.6292048574824
2018-02-27 01:00:00,14.2929012975403
2018-02-27 02:00:00,13.2839906177139
2018-02-27 03:00:00,14.2929012975403
2018-02-27 04:00:00,14.7973566374535
2018-02-27 05:00:00,13.1158388377428
2018-02-27 06:00:00,15.4699637573377
2018-02-27 07:00:00,13.452142397685
2018-02-27 08:00:00,14.2929012975403
2018-02-27 09:00:00,12.2750799378875
2018-02-27 10:00:00,13.7884459576271
2018-02-27 11:00:00,13.620294177656
2018-02-27 12:00:00,13.9565977375981
2018-02-27 13:00:00,13.452142397685
2018-02-27 14:00:00,13.7884459576271
2018-02-27 15:00:00,13.7884459576271
2018-02-27 16:00:00,13.452142397685
2018-02-27 17:00:00,12.6113834978296
2018-02-27 18:00:00,13.2839906177139
2018-02-27 19:00:00,14.1247495175692
2018-02-27 20:00:00,14.4610530775113
2018-02-27 21:00:00,14.2929012975403
2018-02-27 22:00:00,16.6470262171351
2018-02-27 23:00:00,13.620294177656
2018-02-28 00:00:00,13.7884459576271
2018-02-28 01:00:00,14.1247495175692
2018-02-28 02:00:00,11.7706245979743
2018-02-28 03:00:00,15.4699637573377
2018-02-28 04:00:00,14.6292048574824
2018-02-28 05:00:00,15.4699637573377
2018-02-28 06:00:00,14.6292048574824
2018-02-28 07:00:00,12.6113834978296
2018-02-28 08:00:00,11.9387763779454
2018-02-28 09:00:00,11.9387763779454
2018-02-28 10:00:00,11.7706245979743
2018-02-28 11:00:00,11.7706245979743
2018-02-28 12:00:00,11.9387763779454
2018-02-28 13:00:00,11.4343210380322
2018-02-28 14:00:00,12.2750799378875
2018-02-28 15:00:00,12.4432317178586
2018-02-28 16:00:00,11.9387763779454
2018-02-28 17:00:00,12.7795352778007
2018-02-28 18:00:00,12.6113834978296
2018-02-28 19:00:00,12.7795352778007
2018-02-28 20:00:00,13.9565977375981
2018-02-28 21:00:00,13.620294177656
2018-02-28 22:00:00,13.452142397685
2018-02-28 23:00:00,14.7973566374535
2018-03-01 00:00:00,13.452142397685
2018-03-01 01:00:00,14.1247495175692
2018-03-01 02:00:00,12.9476870577718
2018-03-01 03:00:00,12.1069281579165
2018-03-01 04:00:00,12.4432317178586
2018-03-01 05:00:00,13.9565977375981
2018-03-01 06:00:00,11.7706245979743
2018-03-01 07:00:00,10.4254103582058
2018-03-01 08:00:00,10.4254103582058
2018-03-01 09:00:00,11.0980174780901
2018-03-01 10:00:00,10.761713918148
2018-03-01 11:00:00,11.9387763779454
2018-03-01 12:00:00,11.9387763779454
2018-03-01 13:00:00,10.5935621381769
2018-03-01 14:00:00,11.2661692580612
2018-03-01 15:00:00,12.1069281579165
2018-03-01 16:00:00,12.4432317178586
2018-03-01 17:00:00,11.7706245979743
2018-03-01 18:00:00,11.9387763779454
2018-03-01 19:00:00,13.620294177656
2018-03-01 20:00:00,14.2929012975403
2018-03-01 21:00:00,13.2839906177139
2018-03-01 22:00:00,14.4610530775113
2018-03-01 23:00:00,12.7795352778007
2018-03-02 00:00:00,14.1247495175692
2018-03-02 01:00:00,13.9565977375981
2018-03-02 02:00:00,14.6292048574824
2018-03-02 03:00:00,12.7795352778007
2018-03-02 04:00:00,12.7795352778007
2018-03-02 05:00:00,12.7795352778007
2018-03-02 06:00:00,12.9476870577718
2018-03-02 07:00:00,12.4432317178586
2018-03-02 08:00:00,12.6113834978296
2018-03-02 09:00:00,11.6024728180033
2018-03-02 10:00:00,11.7706245979743
2018-03-02 11:00:00,12.1069281579165
2018-03-02 12:00:00,11.7706245979743
2018-03-02 13:00:00,11.6024728180033
2018-03-02 14:00:00,12.2750799378875
2018-03-02 15:00:00,12.4432317178586
2018-03-02 16:00:00,12.1069281579165
2018-03-02 17:00:00,11.2661692580612
2018-03-02 18:00:00,11.9387763779454
2018-03-02 19:00:00,11.6024728180033
2018-03-02 20:00:00,11.2661692580612
2018-03-02 21:00:00,13.1158388377428
2018-03-02 22:00:00,13.1158388377428
2018-03-02 23:00:00,13.2839906177139
2018-03-03 00:00:00,13.1158388377428
2018-03-03 01:00:00,13.1158388377428
2018-03-03 02:00:00,12.9476870577718
2018-03-03 03:00:00,13.7884459576271
2018-03-03 04:00:00,12.7795352778007
2018-03-03 05:00:00,13.1158388377428
2018-03-03 06:00:00,12.1069281579165
2018-03-03 07:00:00,11.2661692580612
2018-03-03 08:00:00,11.4343210380322
2018-03-03 09:00:00,10.929865698119
2018-03-03 10:00:00,10.2572585782348
2018-03-03 11:00:00,10.4254103582058
2018-03-03 12:00:00,11.2661692580612
2018-03-03 13:00:00,10.929865698119
2018-03-03 14:00:00,11.0980174780901
2018-03-03 15:00:00,10.761713918148
2018-03-03 16:00:00,10.761713918148
2018-03-03 17:00:00,11.4343210380322
2018-03-03 18:00:00,11.9387763779454
2018-03-03 19:00:00,11.4343210380322
2018-03-03 20:00:00,11.4343210380322
2018-03-03 21:00:00,11.7706245979743
2018-03-03 22:00:00,12.4432317178586
2018-03-03 23:00:00,10.929865698119
2018-03-04 00:00:00,11.9387763779454
2018-03-04 01:00:00,10.929865698119
2018-03-04 02:00:00,10.761713918148
2018-03-04 03:00:00,10.929865698119
2018-03-04 04:00:00,11.6024728180033
2018-03-04 05:00:00,11.2661692580612
2018-03-04 06:00:00,11.4343210380322
2018-03-04 07:00:00,10.0891067982637
2018-03-04 08:00:00,10.0891067982637
2018-03-04 09:00:00,9.41649967837947
2018-03-04 10:00:00,10.0891067982637
2018-03-04 11:00:00,9.75280323832159
2018-03-04 12:00:00,9.24834789840841
2018-03-04 13:00:00,11.0980174780901
2018-03-04 14:00:00,9.92095501829265
2018-03-04 15:00:00,9.58465145835053
2018-03-04 16:00:00,9.58465145835053
2018-03-04 17:00:00,9.92095501829265
2018-03-04 18:00:00,10.2572585782348
2018-03-04 19:00:00,9.75280323832159
2018-03-04 20:00:00,11.0980174780901
2018-03-04 21:00:00,11.9387763779454
2018-03-04 22:00:00,11.0980174780901
2018-03-04 23:00:00,10.5935621381769
2018-03-05 00:00:00,10.929865698119
2018-03-05 00:00:00,10.929865698119
2018-03-05 01:00:00,10.2869324217591
2018-03-05 02:00:00,11.144176790239
2018-03-05 03:00:00,12.2157322508389
2018-03-05 04:00:00,12.6443544350789
2018-03-05 05:00:00,11.787110066599
2018-03-05 06:00:00,11.358487882359
2018-03-05 07:00:00,10.929865698119
2018-03-05 08:00:00,12.6443544350789
2018-03-05 09:00:00,10.929865698119
2018-03-05 10:00:00,11.358487882359
2018-03-05 11:00:00,11.358487882359
2018-03-05 12:00:00,11.144176790239
2018-03-05 13:00:00,10.0726213296391
2018-03-05 14:00:00,10.2869324217591
2018-03-05 15:00:00,11.572798974479
2018-03-05 16:00:00,11.787110066599
2018-03-05 17:00:00,11.144176790239
2018-03-05 18:00:00,12.0014211587189
2018-03-05 19:00:00,14.3588431720387
2018-03-05 20:00:00,13.7159098956788
2018-03-05 21:00:00,12.8586655271989
2018-03-05 22:00:00,13.9302209877988
2018-03-05 23:00:00,13.9302209877988
2018-03-06 00:00:00,13.5015988035588
2018-03-06 01:00:00,12.6443544350789
2018-03-06 02:00:00,12.0014211587189
2018-03-06 03:00:00,12.4300433429589
2018-03-06 04:00:00,13.0729766193188
2018-03-06 05:00:00,12.6443544350789
2018-03-06 06:00:00,13.2872877114388
2018-03-06 07:00:00,10.929865698119
2018-03-06 08:00:00,11.572798974479
2018-03-06 09:00:00,10.5012435138791
2018-03-06 10:00:00,11.787110066599
2018-03-06 11:00:00,11.787110066599
2018-03-06 12:00:00,11.358487882359
2018-03-06 13:00:00,11.787110066599
2018-03-06 14:00:00,11.358487882359
2018-03-06 15:00:00,11.358487882359
2018-03-06 16:00:00,11.572798974479
2018-03-06 17:00:00,12.2157322508389
2018-03-06 18:00:00,12.6443544350789
2018-03-06 19:00:00,12.4300433429589
2018-03-06 20:00:00,12.8586655271989
2018-03-06 21:00:00,12.6443544350789
2018-03-06 22:00:00,16.5019540932385
2018-03-06 23:00:00,13.7159098956788
2018-03-07 00:00:00,12.2157322508389
2018-03-07 01:00:00,11.572798974479
2018-03-07 02:00:00,11.358487882359
2018-03-07 03:00:00,12.2157322508389
2018-03-07 04:00:00,12.8586655271989
2018-03-07 05:00:00,10.929865698119
2018-03-07 06:00:00,13.0729766193188
2018-03-07 07:00:00,13.9302209877988
2018-03-07 08:00:00,11.144176790239
2018-03-07 09:00:00,10.929865698119
2018-03-07 10:00:00,10.5012435138791
2018-03-07 11:00:00,11.358487882359
2018-03-07 12:00:00,10.715554605999
2018-03-07 13:00:00,10.929865698119
2018-03-07 14:00:00,10.929865698119
2018-03-07 15:00:00,11.144176790239
2018-03-07 16:00:00,13.0729766193188
2018-03-07 17:00:00,20.1452426592782
2018-03-07 18:00:00,17.3591984617185
2018-03-07 19:00:00,16.7162651853585
2018-03-07 20:00:00,17.3591984617185
2018-03-07 21:00:00,17.3591984617185
2018-03-07 22:00:00,18.2164428301984
2018-03-07 23:00:00,16.0733319089986
2018-03-08 00:00:00,15.0017764483987
2018-03-08 01:00:00,15.4303986326386
2018-03-08 02:00:00,15.0017764483987
2018-03-08 03:00:00,15.2160875405186
2018-03-08 04:00:00,15.4303986326386
2018-03-08 05:00:00,14.7874653562787
2018-03-08 06:00:00,14.1445320799187
2018-03-08 07:00:00,12.6443544350789
2018-03-08 08:00:00,11.787110066599
2018-03-08 09:00:00,11.572798974479
2018-03-08 10:00:00,11.787110066599
2018-03-08 11:00:00,11.572798974479
2018-03-08 12:00:00,12.2157322508389
2018-03-08 13:00:00,12.2157322508389
2018-03-08 14:00:00,12.2157322508389
2018-03-08 15:00:00,12.6443544350789
2018-03-08 16:00:00,12.2157322508389
2018-03-08 17:00:00,16.2876430011186
2018-03-08 18:00:00,15.2160875405186
2018-03-08 19:00:00,14.1445320799187
2018-03-08 20:00:00,14.7874653562787
2018-03-08 21:00:00,15.2160875405186
2018-03-08 22:00:00,16.0733319089986
2018-03-08 23:00:00,13.9302209877988
2018-03-09 00:00:00,13.7159098956788
2018-03-09 01:00:00,14.1445320799187
2018-03-09 02:00:00,18.6450650144383
2018-03-09 03:00:00,18.4307539223184
2018-03-09 04:00:00,20.7881759356381
2018-03-09 05:00:00,21.2167981198781
2018-03-09 06:00:00,21.4311092119981
2018-03-09 07:00:00,16.9305762774785
2018-03-09 08:00:00,15.0017764483987
2018-03-09 09:00:00,14.5731542641587
2018-03-09 10:00:00,15.6447097247586
2018-03-09 11:00:00,15.0017764483987
2018-03-09 12:00:00,13.9302209877988
2018-03-09 13:00:00,13.7159098956788
2018-03-09 14:00:00,14.1445320799187
2018-03-09 15:00:00,14.1445320799187
2018-03-09 16:00:00,14.1445320799187
2018-03-09 17:00:00,14.5731542641587
2018-03-09 18:00:00,13.5015988035588
2018-03-09 19:00:00,13.7159098956788
2018-03-09 20:00:00,15.0017764483987
2018-03-09 21:00:00,14.1445320799187
2018-03-09 22:00:00,13.9302209877988
2018-03-09 23:00:00,14.5731542641587
2018-03-10 00:00:00,13.2872877114388
2018-03-10 01:00:00,12.4300433429589
2018-03-10 02:00:00,12.6443544350789
2018-03-10 03:00:00,13.2872877114388
2018-03-10 04:00:00,12.6443544350789
2018-03-10 05:00:00,12.6443544350789
2018-03-10 06:00:00,12.8586655271989
2018-03-10 07:00:00,11.572798974479
2018-03-10 08:00:00,10.715554605999
2018-03-10 09:00:00,9.85831023751912
2018-03-10 10:00:00,10.715554605999
2018-03-10 11:00:00,9.64399914539914
2018-03-10 12:00:00,9.42968805327916
2018-03-10 13:00:00,10.0726213296391
2018-03-10 14:00:00,9.85831023751912
2018-03-10 15:00:00,9.85831023751912
2018-03-10 16:00:00,9.85831023751912
2018-03-10 17:00:00,10.2869324217591
2018-03-10 18:00:00,10.929865698119
2018-03-10 19:00:00,10.5012435138791
2018-03-10 20:00:00,11.144176790239
2018-03-10 21:00:00,12.0014211587189
2018-03-10 22:00:00,13.2872877114388
2018-03-10 23:00:00,12.4300433429589
2018-03-11 00:00:00,13.2872877114388
2018-03-11 01:00:00,12.6443544350789
2018-03-11 02:00:00,12.4300433429589
2018-03-11 03:00:00,12.4300433429589
2018-03-11 04:00:00,12.4300433429589
2018-03-11 05:00:00,11.358487882359
2018-03-11 06:00:00,10.715554605999
2018-03-11 07:00:00,11.358487882359
2018-03-11 08:00:00,10.929865698119
2018-03-11 09:00:00,9.85831023751912
2018-03-11 10:00:00,9.85831023751912
2018-03-11 11:00:00,10.5012435138791
2018-03-11 12:00:00,10.5012435138791
2018-03-11 13:00:00,10.0726213296391
2018-03-11 14:00:00,10.0726213296391
2018-03-11 15:00:00,10.0726213296391
2018-03-11 16:00:00,10.2869324217591
2018-03-11 17:00:00,10.5012435138791
2018-03-11 18:00:00,10.2869324217591
2018-03-11 19:00:00,11.144176790239
2018-03-11 20:00:00,10.929865698119
2018-03-11 21:00:00,11.358487882359
2018-03-11 22:00:00,12.2157322508389
2018-03-11 23:00:00,11.358487882359
2018-03-12 00:00:00,11.787110066599
2018-03-12 00:00:00,11.787110066599
2018-03-12 01:00:00,11.3735272572446
2018-03-12 02:00:00,11.1667358525674
2018-03-12 03:00:00,13.2346498993392
2018-03-12 04:00:00,12.8210670899848
2018-03-12 05:00:00,11.787110066599
2018-03-12 06:00:00,11.5803186619218
2018-03-12 07:00:00,11.787110066599
2018-03-12 08:00:00,9.92598742450438
2018-03-12 09:00:00,11.1667358525674
2018-03-12 10:00:00,10.9599444478903
2018-03-12 11:00:00,11.1667358525674
2018-03-12 12:00:00,11.3735272572446
2018-03-12 13:00:00,11.9939014712761
2018-03-12 14:00:00,12.2006928759533
2018-03-12 15:00:00,12.8210670899848
2018-03-12 16:00:00,11.9939014712761
2018-03-12 17:00:00,11.787110066599
2018-03-12 18:00:00,11.5803186619218
2018-03-12 19:00:00,13.2346498993392
2018-03-12 20:00:00,13.027858494662
2018-03-12 21:00:00,13.4414413040163
2018-03-12 22:00:00,13.4414413040163
2018-03-12 23:00:00,13.8550241133707
2018-03-13 00:00:00,12.8210670899848
2018-03-13 01:00:00,12.6142756853076
2018-03-13 02:00:00,14.0618155180479
2018-03-13 03:00:00,14.0618155180479
2018-03-13 04:00:00,13.027858494662
2018-03-13 05:00:00,12.2006928759533
2018-03-13 06:00:00,11.9939014712761
2018-03-13 07:00:00,10.7531530432131
2018-03-13 08:00:00,9.92598742450438
2018-03-13 09:00:00,9.7191960198272
2018-03-13 10:00:00,10.3395702338587
2018-03-13 11:00:00,11.5803186619218
2018-03-13 12:00:00,11.3735272572446
2018-03-13 13:00:00,11.1667358525674
2018-03-13 14:00:00,11.1667358525674
2018-03-13 15:00:00,11.3735272572446
2018-03-13 16:00:00,11.1667358525674
2018-03-13 17:00:00,10.9599444478903
2018-03-13 18:00:00,10.7531530432131
2018-03-13 19:00:00,11.787110066599
2018-03-13 20:00:00,11.3735272572446
2018-03-13 21:00:00,10.9599444478903
2018-03-13 22:00:00,11.9939014712761
2018-03-13 23:00:00,12.8210670899848
2018-03-14 00:00:00,10.9599444478903
2018-03-14 01:00:00,11.3735272572446
2018-03-14 02:00:00,11.3735272572446
2018-03-14 03:00:00,11.787110066599
2018-03-14 04:00:00,10.9599444478903
2018-03-14 05:00:00,11.5803186619218
2018-03-14 06:00:00,10.5463616385359
2018-03-14 07:00:00,10.5463616385359
2018-03-14 08:00:00,10.3395702338587
2018-03-14 09:00:00,10.7531530432131
2018-03-14 10:00:00,12.2006928759533
2018-03-14 11:00:00,12.2006928759533
2018-03-14 12:00:00,13.027858494662
2018-03-14 13:00:00,12.8210670899848
2018-03-14 14:00:00,13.2346498993392
2018-03-14 15:00:00,12.4074842806305
2018-03-14 16:00:00,13.6482327086935
2018-03-14 17:00:00,16.543312374174
2018-03-14 18:00:00,15.9229381601424
2018-03-14 19:00:00,14.6821897320794
2018-03-14 20:00:00,15.9229381601424
2018-03-14 21:00:00,19.6451834443316
2018-03-14 22:00:00,19.0248092303001
2018-03-14 23:00:00,16.9568951835283
2018-03-15 00:00:00,16.543312374174
2018-03-15 01:00:00,16.7501037788511
2018-03-15 02:00:00,20.6791404677175
2018-03-15 03:00:00,19.6451834443316
2018-03-15 04:00:00,20.2655576583631
2018-03-15 05:00:00,19.4383920396544
2018-03-15 06:00:00,19.0248092303001
2018-03-15 07:00:00,16.3365209694968
2018-03-15 08:00:00,15.7161467554653
2018-03-15 09:00:00,13.6482327086935
2018-03-15 10:00:00,14.8889811367566
2018-03-15 11:00:00,14.8889811367566
2018-03-15 12:00:00,14.0618155180479
2018-03-15 13:00:00,13.2346498993392
2018-03-15 14:00:00,13.6482327086935
2018-03-15 15:00:00,15.0957725414337
2018-03-15 16:00:00,15.3025639461109
2018-03-15 17:00:00,14.268606922725
2018-03-15 18:00:00,13.4414413040163
2018-03-15 19:00:00,12.8210670899848
2018-03-15 20:00:00,14.268606922725
2018-03-15 21:00:00,15.5093553507881
2018-03-15 22:00:00,15.3025639461109
2018-03-15 23:00:00,14.4753983274022
2018-03-16 00:00:00,13.027858494662
2018-03-16 01:00:00,13.8550241133707
2018-03-16 02:00:00,14.0618155180479
2018-03-16 03:00:00,14.4753983274022
2018-03-16 04:00:00,13.6482327086935
2018-03-16 05:00:00,12.6142756853076
2018-03-16 06:00:00,13.6482327086935
2018-03-16 07:00:00,12.4074842806305
2018-03-16 08:00:00,11.9939014712761
2018-03-16 09:00:00,11.1667358525674
2018-03-16 10:00:00,11.9939014712761
2018-03-16 11:00:00,10.9599444478903
2018-03-16 12:00:00,10.7531530432131
2018-03-16 13:00:00,11.787110066599
2018-03-16 14:00:00,13.027858494662
2018-03-16 15:00:00,12.6142756853076
2018-03-16 16:00:00,11.5803186619218
2018-03-16 17:00:00,12.6142756853076
2018-03-16 18:00:00,11.3735272572446
2018-03-16 19:00:00,12.2006928759533
2018-03-16 20:00:00,12.4074842806305
2018-03-16 21:00:00,12.4074842806305
2018-03-16 22:00:00,12.6142756853076
2018-03-16 23:00:00,11.787110066599
2018-03-17 00:00:00,12.4074842806305
2018-03-17 01:00:00,12.2006928759533
2018-03-17 02:00:00,10.7531530432131
2018-03-17 03:00:00,11.1667358525674
2018-03-17 04:00:00,11.3735272572446
2018-03-17 05:00:00,11.3735272572446
2018-03-17 06:00:00,10.7531530432131
2018-03-17 07:00:00,10.9599444478903
2018-03-17 08:00:00,9.51240461515003
2018-03-17 09:00:00,9.09882180579568
2018-03-17 10:00:00,8.8920304011185
2018-03-17 11:00:00,9.09882180579568
2018-03-17 12:00:00,10.1327788291816
2018-03-17 13:00:00,9.92598742450438
2018-03-17 14:00:00,10.5463616385359
2018-03-17 15:00:00,11.1667358525674
2018-03-17 16:00:00,10.5463616385359
2018-03-17 17:00:00,10.3395702338587
2018-03-17 18:00:00,11.3735272572446
2018-03-17 19:00:00,11.9939014712761
2018-03-17 20:00:00,12.6142756853076
2018-03-17 21:00:00,12.2006928759533
2018-03-17 22:00:00,12.4074842806305
2018-03-17 23:00:00,11.5803186619218
2018-03-18 00:00:00,12.8210670899848
2018-03-18 01:00:00,13.2346498993392
2018-03-18 02:00:00,14.268606922725
2018-03-18 03:00:00,14.0618155180479
2018-03-18 04:00:00,13.027858494662
2018-03-18 05:00:00,13.6482327086935
2018-03-18 06:00:00,13.6482327086935
2018-03-18 07:00:00,11.9939014712761
2018-03-18 08:00:00,11.9939014712761
2018-03-18 09:00:00,11.3735272572446
2018-03-18 10:00:00,12.2006928759533
2018-03-18 11:00:00,12.8210670899848
2018-03-18 12:00:00,11.3735272572446
2018-03-18 13:00:00,13.4414413040163
2018-03-18 14:00:00,15.0957725414337
2018-03-18 15:00:00,14.6821897320794
2018-03-18 16:00:00,14.4753983274022
2018-03-18 17:00:00,13.4414413040163
2018-03-18 18:00:00,14.4753983274022
2018-03-18 19:00:00,14.8889811367566
2018-03-18 20:00:00,14.268606922725
2018-03-18 21:00:00,14.268606922725
2018-03-18 22:00:00,14.6821897320794
2018-03-18 23:00:00,14.4753983274022
2018-03-19 00:00:00,14.268606922725
2018-03-19 00:00:00,14.268606922725
2018-03-19 01:00:00,14.268606922725
2018-03-19 02:00:00,12.2740704711613
2018-03-19 03:00:00,12.7343481138299
2018-03-19 04:00:00,13.3480516373879
2018-03-19 05:00:00,12.7343481138299
2018-03-19 06:00:00,13.3480516373879
2018-03-19 07:00:00,10.7398116622662
2018-03-19 08:00:00,11.5069410667137
2018-03-19 09:00:00,11.6603669476033
2018-03-19 10:00:00,11.8137928284928
2018-03-19 11:00:00,11.9672187093823
2018-03-19 12:00:00,11.5069410667137
2018-03-19 13:00:00,12.5809222329404
2018-03-19 14:00:00,12.8877739947194
2018-03-19 15:00:00,12.4274963520508
2018-03-19 16:00:00,13.0411998756089
2018-03-19 17:00:00,14.268606922725
2018-03-19 18:00:00,13.961755160946
2018-03-19 19:00:00,13.961755160946
2018-03-19 20:00:00,13.1946257564984
2018-03-19 21:00:00,14.1151810418355
2018-03-19 22:00:00,13.5014775182775
2018-03-19 23:00:00,13.654903399167
2018-03-20 00:00:00,13.1946257564984
2018-03-20 01:00:00,13.1946257564984
2018-03-20 02:00:00,12.8877739947194
2018-03-20 03:00:00,12.8877739947194
2018-03-20 04:00:00,13.0411998756089
2018-03-20 05:00:00,12.2740704711613
2018-03-20 06:00:00,13.8083292800565
2018-03-20 07:00:00,12.7343481138299
2018-03-20 08:00:00,11.3535151858242
2018-03-20 09:00:00,10.8932375431557
2018-03-20 10:00:00,10.4329599004871
2018-03-20 11:00:00,11.0466634240452
2018-03-20 12:00:00,12.2740704711613
2018-03-20 13:00:00,10.8932375431557
2018-03-20 14:00:00,11.6603669476033
2018-03-20 15:00:00,11.3535151858242
2018-03-20 16:00:00,11.8137928284928
2018-03-20 17:00:00,11.8137928284928
2018-03-20 18:00:00,11.8137928284928
2018-03-20 19:00:00,12.4274963520508
2018-03-20 20:00:00,13.0411998756089
2018-03-20 21:00:00,13.5014775182775
2018-03-20 22:00:00,13.5014775182775
2018-03-20 23:00:00,13.8083292800565
2018-03-21 00:00:00,11.3535151858242
2018-03-21 01:00:00,11.8137928284928
2018-03-21 02:00:00,12.1206445902718
2018-03-21 03:00:00,12.7343481138299
2018-03-21 04:00:00,12.5809222329404
2018-03-21 05:00:00,12.4274963520508
2018-03-21 06:00:00,11.9672187093823
2018-03-21 07:00:00,11.0466634240452
2018-03-21 08:00:00,11.3535151858242
2018-03-21 09:00:00,11.3535151858242
2018-03-21 10:00:00,11.3535151858242
2018-03-21 11:00:00,11.5069410667137
2018-03-21 12:00:00,11.2000893049347
2018-03-21 13:00:00,11.5069410667137
2018-03-21 14:00:00,11.6603669476033
2018-03-21 15:00:00,11.3535151858242
2018-03-21 16:00:00,12.4274963520508
2018-03-21 17:00:00,12.1206445902718
2018-03-21 18:00:00,11.3535151858242
2018-03-21 19:00:00,11.8137928284928
2018-03-21 20:00:00,11.9672187093823
2018-03-21 21:00:00,12.1206445902718
2018-03-21 22:00:00,11.6603669476033
2018-03-21 23:00:00,13.0411998756089
2018-03-22 00:00:00,10.7398116622662
2018-03-22 01:00:00,11.5069410667137
2018-03-22 02:00:00,11.6603669476033
2018-03-22 03:00:00,11.0466634240452
2018-03-22 04:00:00,11.8137928284928
2018-03-22 05:00:00,10.8932375431557
2018-03-22 06:00:00,11.2000893049347
2018-03-22 07:00:00,10.7398116622662
2018-03-22 08:00:00,9.81925637692906
2018-03-22 09:00:00,9.81925637692906
2018-03-22 10:00:00,11.3535151858242
2018-03-22 11:00:00,11.5069410667137
2018-03-22 12:00:00,11.0466634240452
2018-03-22 13:00:00,11.6603669476033
2018-03-22 14:00:00,11.8137928284928
2018-03-22 15:00:00,12.2740704711613
2018-03-22 16:00:00,11.8137928284928
2018-03-22 17:00:00,11.2000893049347
2018-03-22 18:00:00,11.5069410667137
2018-03-22 19:00:00,11.6603669476033
2018-03-22 20:00:00,13.1946257564984
2018-03-22 21:00:00,12.4274963520508
2018-03-22 22:00:00,12.7343481138299
2018-03-22 23:00:00,11.5069410667137
2018-03-23 00:00:00,10.8932375431557
2018-03-23 01:00:00,11.0466634240452
2018-03-23 02:00:00,12.2740704711613
2018-03-23 03:00:00,12.7343481138299
2018-03-23 04:00:00,12.2740704711613
2018-03-23 05:00:00,12.1206445902718
2018-03-23 06:00:00,11.5069410667137
2018-03-23 07:00:00,10.4329599004871
2018-03-23 08:00:00,10.1261081387081
2018-03-23 09:00:00,9.35897873426051
2018-03-23 10:00:00,10.2795340195976
2018-03-23 11:00:00,9.81925637692906
2018-03-23 12:00:00,9.81925637692906
2018-03-23 13:00:00,11.0466634240452
2018-03-23 14:00:00,10.1261081387081
2018-03-23 15:00:00,10.8932375431557
2018-03-23 16:00:00,10.4329599004871
2018-03-23 17:00:00,10.2795340195976
2018-03-23 18:00:00,9.97268225781858
2018-03-23 19:00:00,10.2795340195976
2018-03-23 20:00:00,10.7398116622662
2018-03-23 21:00:00,10.5863857813766
2018-03-23 22:00:00,10.4329599004871
2018-03-23 23:00:00,10.1261081387081
2018-03-24 00:00:00,11.3535151858242
2018-03-24 01:00:00,11.0466634240452
2018-03-24 02:00:00,10.4329599004871
2018-03-24 03:00:00,10.4329599004871
2018-03-24 04:00:00,9.81925637692906
2018-03-24 05:00:00,10.2795340195976
2018-03-24 06:00:00,10.1261081387081
2018-03-24 07:00:00,9.35897873426051
2018-03-24 08:00:00,8.89870109159196
2018-03-24 09:00:00,8.59184932981293
2018-03-24 10:00:00,7.97814580625486
2018-03-24 11:00:00,8.13157168714438
2018-03-24 12:00:00,8.59184932981293
2018-03-24 13:00:00,8.2849975680339
2018-03-24 14:00:00,8.2849975680339
2018-03-24 15:00:00,8.2849975680339
2018-03-24 16:00:00,8.89870109159196
2018-03-24 17:00:00,8.43842344892341
2018-03-24 18:00:00,8.74527521070245
2018-03-24 19:00:00,8.13157168714438
2018-03-24 20:00:00,8.2849975680339
2018-03-24 21:00:00,8.89870109159196
2018-03-24 22:00:00,9.35897873426051
2018-03-24 23:00:00,10.5863857813766
2018-03-25 00:00:00,9.81925637692906
2018-03-25 01:00:00,9.66583049603955
2018-03-25 02:00:00,9.05212697248148
2018-03-25 03:00:00,9.66583049603955
2018-03-25 04:00:00,9.05212697248148
2018-03-25 05:00:00,8.89870109159196
2018-03-25 06:00:00,8.74527521070245
2018-03-25 07:00:00,8.59184932981293
2018-03-25 08:00:00,8.59184932981293
2018-03-25 09:00:00,8.13157168714438
2018-03-25 10:00:00,7.82471992536535
2018-03-25 11:00:00,8.13157168714438
2018-03-25 12:00:00,8.59184932981293
2018-03-25 13:00:00,8.43842344892341
2018-03-25 14:00:00,7.67129404447583
2018-03-25 15:00:00,8.13157168714438
2018-03-25 16:00:00,7.97814580625486
2018-03-25 17:00:00,7.97814580625486
2018-03-25 18:00:00,7.82471992536535
2018-03-25 19:00:00,15.3425880889517
2018-03-25 20:00:00,10.2795340195976
2018-03-25 21:00:00,9.81925637692906
2018-03-25 22:00:00,10.2795340195976
2018-03-25 23:00:00,9.51240461515003
2018-03-26 00:00:00,10.1261081387081
2018-03-26 00:00:00,10.1261081387081
2018-03-26 01:00:00,37.5041042174374
2018-03-26 02:00:00,15.7517237713237
2018-03-26 03:00:00,12.00131334958
2018-03-26 04:00:00,10.8761902230568
2018-03-26 05:00:00,10.1261081387081
2018-03-26 06:00:00,9.37602605435935
2018-03-26 07:00:00,9.00098501218497
2018-03-26 08:00:00,9.00098501218497
2018-03-26 09:00:00,9.37602605435935
2018-03-26 10:00:00,10.5011491808825
2018-03-26 11:00:00,12.7513954339287
2018-03-26 12:00:00,12.00131334958
2018-03-26 13:00:00,11.2512312652312
2018-03-26 14:00:00,11.6262723074056
2018-03-26 15:00:00,12.3763543917543
2018-03-26 16:00:00,12.00131334958
2018-03-26 17:00:00,13.1264364761031
2018-03-26 18:00:00,13.1264364761031
2018-03-26 19:00:00,13.1264364761031
2018-03-26 20:00:00,14.6266006448006
2018-03-26 21:00:00,14.2515596026262
2018-03-26 22:00:00,13.1264364761031
2018-03-26 23:00:00,12.00131334958
2018-03-27 00:00:00,11.2512312652312
2018-03-27 01:00:00,12.3763543917543
2018-03-27 02:00:00,12.3763543917543
2018-03-27 03:00:00,13.5014775182775
2018-03-27 04:00:00,12.3763543917543
2018-03-27 05:00:00,13.8765185604518
2018-03-27 06:00:00,10.8761902230568
2018-03-27 07:00:00,10.1261081387081
2018-03-27 08:00:00,10.8761902230568
2018-03-27 09:00:00,10.8761902230568
2018-03-27 10:00:00,10.1261081387081
2018-03-27 11:00:00,10.5011491808825
2018-03-27 12:00:00,10.5011491808825
2018-03-27 13:00:00,10.5011491808825
2018-03-27 14:00:00,10.5011491808825
2018-03-27 15:00:00,10.5011491808825
2018-03-27 16:00:00,10.1261081387081
2018-03-27 17:00:00,10.5011491808825
2018-03-27 18:00:00,10.1261081387081
2018-03-27 19:00:00,11.6262723074056
2018-03-27 20:00:00,12.7513954339287
2018-03-27 21:00:00,13.1264364761031
2018-03-27 22:00:00,12.7513954339287
2018-03-27 23:00:00,11.2512312652312
2018-03-28 00:00:00,12.3763543917543
2018-03-28 01:00:00,10.5011491808825
2018-03-28 02:00:00,11.6262723074056
2018-03-28 03:00:00,11.6262723074056
2018-03-28 04:00:00,11.6262723074056
2018-03-28 05:00:00,10.8761902230568
2018-03-28 06:00:00,10.1261081387081
2018-03-28 07:00:00,9.75106709653372
2018-03-28 08:00:00,9.00098501218497
2018-03-28 09:00:00,9.75106709653372
2018-03-28 10:00:00,8.6259439700106
2018-03-28 11:00:00,9.37602605435935
2018-03-28 12:00:00,9.75106709653372
2018-03-28 13:00:00,10.1261081387081
2018-03-28 14:00:00,10.1261081387081
2018-03-28 15:00:00,10.1261081387081
2018-03-28 16:00:00,10.5011491808825
2018-03-28 17:00:00,10.1261081387081
2018-03-28 18:00:00,10.8761902230568
2018-03-28 19:00:00,10.8761902230568
2018-03-28 20:00:00,11.6262723074056
2018-03-28 21:00:00,12.3763543917543
2018-03-28 22:00:00,11.2512312652312
2018-03-28 23:00:00,10.1261081387081
2018-03-29 00:00:00,10.5011491808825
2018-03-29 01:00:00,10.5011491808825
2018-03-29 02:00:00,10.5011491808825
2018-03-29 03:00:00,10.8761902230568
2018-03-29 04:00:00,12.3763543917543
2018-03-29 05:00:00,13.1264364761031
2018-03-29 06:00:00,13.1264364761031
2018-03-29 07:00:00,10.8761902230568
2018-03-29 08:00:00,11.2512312652312
2018-03-29 09:00:00,11.6262723074056
2018-03-29 10:00:00,12.3763543917543
2018-03-29 11:00:00,13.1264364761031
2018-03-29 12:00:00,12.00131334958
2018-03-29 13:00:00,11.2512312652312
2018-03-29 14:00:00,13.8765185604518
2018-03-29 15:00:00,12.7513954339287
2018-03-29 16:00:00,12.3763543917543
2018-03-29 17:00:00,11.6262723074056
2018-03-29 18:00:00,12.3763543917543
2018-03-29 19:00:00,12.00131334958
2018-03-29 20:00:00,15.7517237713237
2018-03-29 21:00:00,17.6269289821956
2018-03-29 22:00:00,16.1267648134981
2018-03-29 23:00:00,16.1267648134981
2018-03-30 00:00:00,18.3770110665443
2018-03-30 01:00:00,21.3773394039393
2018-03-30 02:00:00,17.6269289821956
2018-03-30 03:00:00,16.5018058556725
2018-03-30 04:00:00,18.3770110665443
2018-03-30 05:00:00,18.3770110665443
2018-03-30 06:00:00,14.2515596026262
2018-03-30 07:00:00,10.8761902230568
2018-03-30 08:00:00,12.7513954339287
2018-03-30 09:00:00,12.3763543917543
2018-03-30 10:00:00,12.00131334958
2018-03-30 11:00:00,12.00131334958
2018-03-30 12:00:00,12.00131334958
2018-03-30 13:00:00,13.1264364761031
2018-03-30 14:00:00,13.1264364761031
2018-03-30 15:00:00,15.001641686975
2018-03-30 16:00:00,14.6266006448006
2018-03-30 17:00:00,15.7517237713237
2018-03-30 18:00:00,13.8765185604518
2018-03-30 19:00:00,12.7513954339287
2018-03-30 20:00:00,13.8765185604518
2018-03-30 21:00:00,14.6266006448006
2018-03-30 22:00:00,15.001641686975
2018-03-30 23:00:00,13.1264364761031
2018-03-31 00:00:00,11.6262723074056
2018-03-31 01:00:00,12.7513954339287
2018-03-31 02:00:00,12.00131334958
2018-03-31 03:00:00,10.8761902230568
2018-03-31 04:00:00,12.00131334958
2018-03-31 05:00:00,11.6262723074056
2018-03-31 06:00:00,10.1261081387081
2018-03-31 07:00:00,11.2512312652312
2018-03-31 08:00:00,10.1261081387081
2018-03-31 09:00:00,9.37602605435935
2018-03-31 10:00:00,10.1261081387081
2018-03-31 11:00:00,10.1261081387081
2018-03-31 12:00:00,9.00098501218497
2018-03-31 13:00:00,10.1261081387081
2018-03-31 14:00:00,9.37602605435935
2018-03-31 15:00:00,9.75106709653372
2018-03-31 16:00:00,10.1261081387081
2018-03-31 17:00:00,9.37602605435935
2018-03-31 18:00:00,9.75106709653372
2018-03-31 19:00:00,10.5011491808825
2018-03-31 20:00:00,9.37602605435935
2018-03-31 21:00:00,10.8761902230568
2018-03-31 22:00:00,10.8761902230568
2018-03-31 23:00:00,11.2512312652312
2018-04-01 00:00:00,10.8761902230568
2018-04-01 01:00:00,10.5011491808825
2018-04-01 02:00:00,10.1261081387081
2018-04-01 03:00:00,11.2512312652312
2018-04-01 04:00:00,10.8761902230568
2018-04-01 05:00:00,10.1261081387081
2018-04-01 06:00:00,10.5011491808825
2018-04-01 07:00:00,10.8761902230568
2018-04-01 08:00:00,10.5011491808825
2018-04-01 09:00:00,10.5011491808825
2018-04-01 10:00:00,10.1261081387081
2018-04-01 11:00:00,10.5011491808825
2018-04-01 12:00:00,10.5011491808825
2018-04-01 13:00:00,11.2512312652312
2018-04-01 14:00:00,11.6262723074056
2018-04-01 15:00:00,12.3763543917543
2018-04-01 16:00:00,12.00131334958
2018-04-01 17:00:00,10.5011491808825
2018-04-01 18:00:00,11.2512312652312
2018-04-01 19:00:00,11.2512312652312
2018-04-01 20:00:00,12.3763543917543
2018-04-01 21:00:00,13.1264364761031
2018-04-01 22:00:00,13.1264364761031
2018-04-01 23:00:00,12.7513954339287
2018-04-02 00:00:00,12.7513954339287
2018-04-02 00:00:00,12.7513954339287
2018-04-02 01:00:00,12.7513954339287
2018-04-02 02:00:00,12.1057551587931
2018-04-02 03:00:00,11.9443450900092
2018-04-02 04:00:00,12.267165227577
2018-04-02 05:00:00,11.7829350212253
2018-04-02 06:00:00,11.2987048148735
2018-04-02 07:00:00,10.9758846773057
2018-04-02 08:00:00,10.491654470954
2018-04-02 09:00:00,10.0074242646023
2018-04-02 10:00:00,11.6215249524414
2018-04-02 11:00:00,11.1372947460896
2018-04-02 12:00:00,11.2987048148735
2018-04-02 13:00:00,11.4601148836574
2018-04-02 14:00:00,11.9443450900092
2018-04-02 15:00:00,12.5899853651448
2018-04-02 16:00:00,12.5899853651448
2018-04-02 17:00:00,11.7829350212253
2018-04-02 18:00:00,12.5899853651448
2018-04-02 19:00:00,12.7513954339287
2018-04-02 20:00:00,12.1057551587931
2018-04-02 21:00:00,12.267165227577
2018-04-02 22:00:00,14.3654961217678
2018-04-02 23:00:00,12.4285752963609
2018-04-03 00:00:00,16.1410068783908
2018-04-03 01:00:00,10.9758846773057
2018-04-03 02:00:00,11.7829350212253
2018-04-03 03:00:00,13.2356256402804
2018-04-03 04:00:00,12.267165227577
2018-04-03 05:00:00,10.8144746085218
2018-04-03 06:00:00,10.3302444021701
2018-04-03 07:00:00,10.6530645397379
2018-04-03 08:00:00,10.9758846773057
2018-04-03 09:00:00,10.491654470954
2018-04-03 10:00:00,10.491654470954
2018-04-03 11:00:00,10.3302444021701
2018-04-03 12:00:00,10.1688343333862
2018-04-03 13:00:00,11.4601148836574
2018-04-03 14:00:00,11.4601148836574
2018-04-03 15:00:00,10.491654470954
2018-04-03 16:00:00,11.2987048148735
2018-04-03 17:00:00,10.491654470954
2018-04-03 18:00:00,10.3302444021701
2018-04-03 19:00:00,10.9758846773057
2018-04-03 20:00:00,10.9758846773057
2018-04-03 21:00:00,12.4285752963609
2018-04-03 22:00:00,10.9758846773057
2018-04-03 23:00:00,10.6530645397379
2018-04-04 00:00:00,10.9758846773057
2018-04-04 01:00:00,10.3302444021701
2018-04-04 02:00:00,10.1688343333862
2018-04-04 03:00:00,10.0074242646023
2018-04-04 04:00:00,12.267165227577
2018-04-04 05:00:00,10.9758846773057
2018-04-04 06:00:00,9.84601419581837
2018-04-04 07:00:00,9.68460412703447
2018-04-04 08:00:00,9.03896385189883
2018-04-04 09:00:00,9.20037392068274
2018-04-04 10:00:00,9.84601419581837
2018-04-04 11:00:00,10.1688343333862
2018-04-04 12:00:00,10.1688343333862
2018-04-04 13:00:00,9.68460412703447
2018-04-04 14:00:00,11.9443450900092
2018-04-04 15:00:00,11.1372947460896
2018-04-04 16:00:00,10.9758846773057
2018-04-04 17:00:00,10.491654470954
2018-04-04 18:00:00,10.9758846773057
2018-04-04 19:00:00,11.2987048148735
2018-04-04 20:00:00,10.9758846773057
2018-04-04 21:00:00,12.267165227577
2018-04-04 22:00:00,11.6215249524414
2018-04-04 23:00:00,11.1372947460896
2018-04-05 00:00:00,10.9758846773057
2018-04-05 01:00:00,11.6215249524414
2018-04-05 02:00:00,11.9443450900092
2018-04-05 03:00:00,11.9443450900092
2018-04-05 04:00:00,11.6215249524414
2018-04-05 05:00:00,11.1372947460896
2018-04-05 06:00:00,10.3302444021701
2018-04-05 07:00:00,9.84601419581837
2018-04-05 08:00:00,9.68460412703447
2018-04-05 09:00:00,9.84601419581837
2018-04-05 10:00:00,10.8144746085218
2018-04-05 11:00:00,10.8144746085218
2018-04-05 12:00:00,12.9128055027126
2018-04-05 13:00:00,12.4285752963609
2018-04-05 14:00:00,11.2987048148735
2018-04-05 15:00:00,11.2987048148735
2018-04-05 16:00:00,12.267165227577
2018-04-05 17:00:00,11.1372947460896
2018-04-05 18:00:00,10.9758846773057
2018-04-05 19:00:00,10.9758846773057
2018-04-05 20:00:00,12.1057551587931
2018-04-05 21:00:00,11.7829350212253
2018-04-05 22:00:00,11.2987048148735
2018-04-05 23:00:00,10.8144746085218
2018-04-06 00:00:00,10.491654470954
2018-04-06 01:00:00,11.4601148836574
2018-04-06 02:00:00,11.7829350212253
2018-04-06 03:00:00,12.4285752963609
2018-04-06 04:00:00,12.7513954339287
2018-04-06 05:00:00,11.7829350212253
2018-04-06 06:00:00,12.7513954339287
2018-04-06 07:00:00,12.1057551587931
2018-04-06 08:00:00,10.3302444021701
2018-04-06 09:00:00,11.9443450900092
2018-04-06 10:00:00,11.9443450900092
2018-04-06 11:00:00,10.8144746085218
2018-04-06 12:00:00,11.1372947460896
2018-04-06 13:00:00,11.2987048148735
2018-04-06 14:00:00,11.9443450900092
2018-04-06 15:00:00,12.7513954339287
2018-04-06 16:00:00,11.7829350212253
2018-04-06 17:00:00,11.2987048148735
2018-04-06 18:00:00,11.1372947460896
2018-04-06 19:00:00,12.5899853651448
2018-04-06 20:00:00,12.267165227577
2018-04-06 21:00:00,12.5899853651448
2018-04-06 22:00:00,11.7829350212253
2018-04-06 23:00:00,11.9443450900092
2018-04-07 00:00:00,10.491654470954
2018-04-07 01:00:00,10.491654470954
2018-04-07 02:00:00,10.9758846773057
2018-04-07 03:00:00,10.8144746085218
2018-04-07 04:00:00,11.2987048148735
2018-04-07 05:00:00,11.6215249524414
2018-04-07 06:00:00,10.1688343333862
2018-04-07 07:00:00,10.0074242646023
2018-04-07 08:00:00,8.87755378311493
2018-04-07 09:00:00,8.71614371433102
2018-04-07 10:00:00,8.71614371433102
2018-04-07 11:00:00,8.23191350797929
2018-04-07 12:00:00,8.55473364554711
2018-04-07 13:00:00,8.23191350797929
2018-04-07 14:00:00,8.07050343919539
2018-04-07 15:00:00,9.03896385189883
2018-04-07 16:00:00,9.03896385189883
2018-04-07 17:00:00,9.20037392068274
2018-04-07 18:00:00,8.07050343919539
2018-04-07 19:00:00,8.3933235767632
2018-04-07 20:00:00,8.71614371433102
2018-04-07 21:00:00,9.03896385189883
2018-04-07 22:00:00,9.36178398946665
2018-04-07 23:00:00,9.20037392068274
2018-04-08 00:00:00,9.03896385189883
2018-04-08 01:00:00,8.71614371433102
2018-04-08 02:00:00,8.23191350797929
2018-04-08 03:00:00,9.52319405825056
2018-04-08 04:00:00,10.1688343333862
2018-04-08 05:00:00,9.36178398946665
2018-04-08 06:00:00,8.23191350797929
2018-04-08 07:00:00,8.55473364554711
2018-04-08 08:00:00,8.3933235767632
2018-04-08 09:00:00,7.90909337041148
2018-04-08 10:00:00,8.3933235767632
2018-04-08 11:00:00,8.07050343919539
2018-04-08 12:00:00,8.3933235767632
2018-04-08 13:00:00,8.07050343919539
2018-04-08 14:00:00,7.90909337041148
2018-04-08 15:00:00,7.90909337041148
2018-04-08 16:00:00,7.90909337041148
2018-04-08 17:00:00,8.87755378311493
2018-04-08 18:00:00,7.58627323284366
2018-04-08 19:00:00,8.07050343919539
2018-04-08 20:00:00,9.36178398946665
2018-04-08 21:00:00,9.68460412703447
2018-04-08 22:00:00,9.68460412703447
2018-04-08 23:00:00,9.52319405825056
2018-04-09 00:00:00,9.84601419581837
2018-04-09 00:00:00,9.84601419581837
2018-04-09 01:00:00,9.9974913372925
2018-04-09 02:00:00,11.0578313276114
2018-04-09 03:00:00,10.603399903189
2018-04-09 04:00:00,11.2093084690855
2018-04-09 05:00:00,9.84601419581837
2018-04-09 06:00:00,9.9974913372925
2018-04-09 07:00:00,9.54305991287012
2018-04-09 08:00:00,8.78567420549947
2018-04-09 09:00:00,8.33124278107709
2018-04-09 10:00:00,10.1489684787666
2018-04-09 11:00:00,11.0578313276114
2018-04-09 12:00:00,10.1489684787666
2018-04-09 13:00:00,10.3004456202408
2018-04-09 14:00:00,10.7548770446631
2018-04-09 15:00:00,10.3004456202408
2018-04-09 16:00:00,10.7548770446631
2018-04-09 17:00:00,10.603399903189
2018-04-09 18:00:00,10.4519227617149
2018-04-09 19:00:00,10.603399903189
2018-04-09 20:00:00,11.9666941764562
2018-04-09 21:00:00,12.2696484594044
2018-04-09 22:00:00,11.6637398935079
2018-04-09 23:00:00,11.2093084690855
2018-04-10 00:00:00,9.08862848844773
2018-04-10 01:00:00,10.4519227617149
2018-04-10 02:00:00,10.603399903189
2018-04-10 03:00:00,10.9063541861373
2018-04-10 04:00:00,11.3607856105597
2018-04-10 05:00:00,10.3004456202408
2018-04-10 06:00:00,10.4519227617149
2018-04-10 07:00:00,9.69453705434424
2018-04-10 08:00:00,9.9974913372925
2018-04-10 09:00:00,9.24010562992186
2018-04-10 10:00:00,10.603399903189
2018-04-10 11:00:00,10.1489684787666
2018-04-10 12:00:00,9.69453705434424
2018-04-10 13:00:00,9.9974913372925
2018-04-10 14:00:00,9.9974913372925
2018-04-10 15:00:00,9.69453705434424
2018-04-10 16:00:00,9.69453705434424
2018-04-10 17:00:00,9.39158277139599
2018-04-10 18:00:00,9.69453705434424
2018-04-10 19:00:00,9.84601419581837
2018-04-10 20:00:00,10.1489684787666
2018-04-10 21:00:00,11.0578313276114
2018-04-10 22:00:00,10.4519227617149
2018-04-10 23:00:00,10.3004456202408
2018-04-11 00:00:00,10.3004456202408
2018-04-11 01:00:00,10.1489684787666
2018-04-11 02:00:00,10.1489684787666
2018-04-11 03:00:00,10.3004456202408
2018-04-11 04:00:00,10.1489684787666
2018-04-11 05:00:00,9.69453705434424
2018-04-11 06:00:00,9.69453705434424
2018-04-11 07:00:00,8.9371513469736
2018-04-11 08:00:00,8.63419706402534
2018-04-11 09:00:00,8.48271992255121
2018-04-11 10:00:00,9.08862848844773
2018-04-11 11:00:00,9.08862848844773
2018-04-11 12:00:00,9.39158277139599
2018-04-11 13:00:00,9.39158277139599
2018-04-11 14:00:00,8.78567420549947
2018-04-11 15:00:00,9.69453705434424
2018-04-11 16:00:00,8.9371513469736
2018-04-11 17:00:00,9.69453705434424
2018-04-11 18:00:00,8.33124278107709
2018-04-11 19:00:00,9.24010562992186
2018-04-11 20:00:00,8.78567420549947
2018-04-11 21:00:00,9.54305991287012
2018-04-11 22:00:00,9.08862848844773
2018-04-11 23:00:00,8.9371513469736
2018-04-12 00:00:00,9.08862848844773
2018-04-12 01:00:00,9.24010562992186
2018-04-12 02:00:00,9.54305991287012
2018-04-12 03:00:00,9.24010562992186
2018-04-12 04:00:00,9.9974913372925
2018-04-12 05:00:00,9.24010562992186
2018-04-12 06:00:00,8.48271992255121
2018-04-12 07:00:00,9.08862848844773
2018-04-12 08:00:00,8.48271992255121
2018-04-12 09:00:00,8.02828849812883
2018-04-12 10:00:00,8.17976563960296
2018-04-12 11:00:00,15.1477141474129
2018-04-12 12:00:00,14.6932827229905
2018-04-12 13:00:00,14.087374157094
2018-04-12 14:00:00,13.7844198741457
2018-04-12 15:00:00,12.7240798838268
2018-04-12 16:00:00,11.9666941764562
2018-04-12 17:00:00,11.5122627520338
2018-04-12 18:00:00,11.815217034982
2018-04-12 19:00:00,11.6637398935079
2018-04-12 20:00:00,11.815217034982
2018-04-12 21:00:00,14.3903284400422
2018-04-12 22:00:00,13.9358970156199
2018-04-12 23:00:00,15.1477141474129
2018-04-13 00:00:00,14.5418055815164
2018-04-13 01:00:00,11.3607856105597
2018-04-13 02:00:00,12.875557025301
2018-04-13 03:00:00,12.7240798838268
2018-04-13 04:00:00,12.4211256008786
2018-04-13 05:00:00,12.1181713179303
2018-04-13 06:00:00,11.2093084690855
2018-04-13 07:00:00,11.9666941764562
2018-04-13 08:00:00,13.3299884497233
2018-04-13 09:00:00,11.6637398935079
2018-04-13 10:00:00,11.6637398935079
2018-04-13 11:00:00,11.0578313276114
2018-04-13 12:00:00,12.2696484594044
2018-04-13 13:00:00,11.9666941764562
2018-04-13 14:00:00,11.3607856105597
2018-04-13 15:00:00,11.815217034982
2018-04-13 16:00:00,11.0578313276114
2018-04-13 17:00:00,10.4519227617149
2018-04-13 18:00:00,11.2093084690855
2018-04-13 19:00:00,10.7548770446631
2018-04-13 20:00:00,11.815217034982
2018-04-13 21:00:00,11.815217034982
2018-04-13 22:00:00,11.2093084690855
2018-04-13 23:00:00,10.3004456202408
2018-04-14 00:00:00,10.4519227617149
2018-04-14 01:00:00,9.54305991287012
2018-04-14 02:00:00,9.69453705434424
2018-04-14 03:00:00,10.603399903189
2018-04-14 04:00:00,10.3004456202408
2018-04-14 05:00:00,10.4519227617149
2018-04-14 06:00:00,9.84601419581837
2018-04-14 07:00:00,8.9371513469736
2018-04-14 08:00:00,8.78567420549947
2018-04-14 09:00:00,9.54305991287012
2018-04-14 10:00:00,8.33124278107709
2018-04-14 11:00:00,8.02828849812883
2018-04-14 12:00:00,8.48271992255121
2018-04-14 13:00:00,8.17976563960296
2018-04-14 14:00:00,7.72533421518057
2018-04-14 15:00:00,8.17976563960296
2018-04-14 16:00:00,7.8768113566547
2018-04-14 17:00:00,8.33124278107709
2018-04-14 18:00:00,8.33124278107709
2018-04-14 19:00:00,8.48271992255121
2018-04-14 20:00:00,9.08862848844773
2018-04-14 21:00:00,9.69453705434424
2018-04-14 22:00:00,8.9371513469736
2018-04-14 23:00:00,9.24010562992186
2018-04-15 00:00:00,9.54305991287012
2018-04-15 01:00:00,9.24010562992186
2018-04-15 02:00:00,8.9371513469736
2018-04-15 03:00:00,8.78567420549947
2018-04-15 04:00:00,9.39158277139599
2018-04-15 05:00:00,8.78567420549947
2018-04-15 06:00:00,8.48271992255121
2018-04-15 07:00:00,8.48271992255121
2018-04-15 08:00:00,8.9371513469736
2018-04-15 09:00:00,7.57385707370644
2018-04-15 10:00:00,6.96794850780992
2018-04-15 11:00:00,8.63419706402534
2018-04-15 12:00:00,8.9371513469736
2018-04-15 13:00:00,8.63419706402534
2018-04-15 14:00:00,8.78567420549947
2018-04-15 15:00:00,8.9371513469736
2018-04-15 16:00:00,8.63419706402534
2018-04-15 17:00:00,8.78567420549947
2018-04-15 18:00:00,8.9371513469736
2018-04-15 19:00:00,8.33124278107709
2018-04-15 20:00:00,9.08862848844773
2018-04-15 21:00:00,9.24010562992186
2018-04-15 22:00:00,9.39158277139599
2018-04-15 23:00:00,10.1489684787666
2018-04-16 00:00:00,10.3004456202408
2018-04-16 00:00:00,10.3004456202408
2018-04-16 01:00:00,10.4161809642884
2018-04-16 02:00:00,9.37456286785957
2018-04-16 03:00:00,9.14309217976427
2018-04-16 04:00:00,10.0689749321455
2018-04-16 05:00:00,9.83750424405016
2018-04-16 06:00:00,9.83750424405016
2018-04-16 07:00:00,8.33294477143073
2018-04-16 08:00:00,9.02735683571662
2018-04-16 09:00:00,7.87000339524013
2018-04-16 10:00:00,9.25882752381192
2018-04-16 11:00:00,9.02735683571662
2018-04-16 12:00:00,8.68015080357367
2018-04-16 13:00:00,9.49029821190722
2018-04-16 14:00:00,8.91162149166897
2018-04-16 15:00:00,9.37456286785957
2018-04-16 16:00:00,8.79588614762132
2018-04-16 17:00:00,9.60603355595487
2018-04-16 18:00:00,9.02735683571662
2018-04-16 19:00:00,9.49029821190722
2018-04-16 20:00:00,10.3004456202408
2018-04-16 21:00:00,9.72176890000251
2018-04-16 22:00:00,9.37456286785957
2018-04-16 23:00:00,9.49029821190722
2018-04-17 00:00:00,9.49029821190722
2018-04-17 01:00:00,9.14309217976427
2018-04-17 02:00:00,9.37456286785957
2018-04-17 03:00:00,8.56441545952603
2018-04-17 04:00:00,9.60603355595487
2018-04-17 05:00:00,9.25882752381192
2018-04-17 06:00:00,9.72176890000251
2018-04-17 07:00:00,8.21720942738308
2018-04-17 08:00:00,9.02735683571662
2018-04-17 09:00:00,9.14309217976427
2018-04-17 10:00:00,8.21720942738308
2018-04-17 11:00:00,8.91162149166897
2018-04-17 12:00:00,8.79588614762132
2018-04-17 13:00:00,8.79588614762132
2018-04-17 14:00:00,9.14309217976427
2018-04-17 15:00:00,9.02735683571662
2018-04-17 16:00:00,8.91162149166897
2018-04-17 17:00:00,8.91162149166897
2018-04-17 18:00:00,8.68015080357367
2018-04-17 19:00:00,9.95323958809781
2018-04-17 20:00:00,10.1847102761931
2018-04-17 21:00:00,9.72176890000251
2018-04-17 22:00:00,9.14309217976427
2018-04-17 23:00:00,9.37456286785957
2018-04-18 00:00:00,9.02735683571662
2018-04-18 01:00:00,9.37456286785957
2018-04-18 02:00:00,9.14309217976427
2018-04-18 03:00:00,8.21720942738308
2018-04-18 04:00:00,9.37456286785957
2018-04-18 05:00:00,9.60603355595487
2018-04-18 06:00:00,8.44868011547838
2018-04-18 07:00:00,8.21720942738308
2018-04-18 08:00:00,8.33294477143073
2018-04-18 09:00:00,7.98573873928778
2018-04-18 10:00:00,7.87000339524013
2018-04-18 11:00:00,8.44868011547838
2018-04-18 12:00:00,9.49029821190722
2018-04-18 13:00:00,9.49029821190722
2018-04-18 14:00:00,9.49029821190722
2018-04-18 15:00:00,8.91162149166897
2018-04-18 16:00:00,9.25882752381192
2018-04-18 17:00:00,9.25882752381192
2018-04-18 18:00:00,8.91162149166897
2018-04-18 19:00:00,9.25882752381192
2018-04-18 20:00:00,10.7633869964314
2018-04-18 21:00:00,10.7633869964314
2018-04-18 22:00:00,9.95323958809781
2018-04-18 23:00:00,10.3004456202408
2018-04-19 00:00:00,9.83750424405016
2018-04-19 01:00:00,9.49029821190722
2018-04-19 02:00:00,10.1847102761931
2018-04-19 03:00:00,9.95323958809781
2018-04-19 04:00:00,10.4161809642884
2018-04-19 05:00:00,9.60603355595487
2018-04-19 06:00:00,8.79588614762132
2018-04-19 07:00:00,8.56441545952603
2018-04-19 08:00:00,8.10147408333543
2018-04-19 09:00:00,8.79588614762132
2018-04-19 10:00:00,9.14309217976427
2018-04-19 11:00:00,8.10147408333543
2018-04-19 12:00:00,8.68015080357367
2018-04-19 13:00:00,8.68015080357367
2018-04-19 14:00:00,9.60603355595487
2018-04-19 15:00:00,9.25882752381192
2018-04-19 16:00:00,9.49029821190722
2018-04-19 17:00:00,8.91162149166897
2018-04-19 18:00:00,9.37456286785957
2018-04-19 19:00:00,9.60603355595487
2018-04-19 20:00:00,10.1847102761931
2018-04-19 21:00:00,11.4577990607172
2018-04-19 22:00:00,9.37456286785957
2018-04-19 23:00:00,9.95323958809781
2018-04-20 00:00:00,9.72176890000251
2018-04-20 01:00:00,9.14309217976427
2018-04-20 02:00:00,9.83750424405016
2018-04-20 03:00:00,8.79588614762132
2018-04-20 04:00:00,10.6476516523837
2018-04-20 05:00:00,9.72176890000251
2018-04-20 06:00:00,8.79588614762132
2018-04-20 07:00:00,8.68015080357367
2018-04-20 08:00:00,9.02735683571662
2018-04-20 09:00:00,8.79588614762132
2018-04-20 10:00:00,8.91162149166897
2018-04-20 11:00:00,10.0689749321455
2018-04-20 12:00:00,9.72176890000251
2018-04-20 13:00:00,9.60603355595487
2018-04-20 14:00:00,9.49029821190722
2018-04-20 15:00:00,9.37456286785957
2018-04-20 16:00:00,9.37456286785957
2018-04-20 17:00:00,9.14309217976427
2018-04-20 18:00:00,9.25882752381192
2018-04-20 19:00:00,9.95323958809781
2018-04-20 20:00:00,10.0689749321455
2018-04-20 21:00:00,10.4161809642884
2018-04-20 22:00:00,11.5735344047649
2018-04-20 23:00:00,11.3420637166696
2018-04-21 00:00:00,10.5319163083361
2018-04-21 01:00:00,10.9948576845267
2018-04-21 02:00:00,9.72176890000251
2018-04-21 03:00:00,10.6476516523837
2018-04-21 04:00:00,11.226328372622
2018-04-21 05:00:00,9.95323958809781
2018-04-21 06:00:00,9.95323958809781
2018-04-21 07:00:00,10.5319163083361
2018-04-21 08:00:00,9.25882752381192
2018-04-21 09:00:00,9.37456286785957
2018-04-21 10:00:00,8.44868011547838
2018-04-21 11:00:00,8.68015080357367
2018-04-21 12:00:00,7.98573873928778
2018-04-21 13:00:00,7.98573873928778
2018-04-21 14:00:00,7.17559133095424
2018-04-21 15:00:00,8.21720942738308
2018-04-21 16:00:00,8.21720942738308
2018-04-21 17:00:00,7.40706201904954
2018-04-21 18:00:00,7.98573873928778
2018-04-21 19:00:00,7.98573873928778
2018-04-21 20:00:00,8.21720942738308
2018-04-21 21:00:00,8.44868011547838
2018-04-21 22:00:00,8.91162149166897
2018-04-21 23:00:00,8.33294477143073
2018-04-22 00:00:00,8.91162149166897
2018-04-22 01:00:00,8.79588614762132
2018-04-22 02:00:00,8.79588614762132
2018-04-22 03:00:00,8.79588614762132
2018-04-22 04:00:00,8.79588614762132
2018-04-22 05:00:00,9.14309217976427
2018-04-22 06:00:00,9.14309217976427
2018-04-22 07:00:00,8.44868011547838
2018-04-22 08:00:00,8.10147408333543
2018-04-22 09:00:00,7.40706201904954
2018-04-22 10:00:00,8.33294477143073
2018-04-22 11:00:00,7.98573873928778
2018-04-22 12:00:00,8.68015080357367
2018-04-22 13:00:00,8.10147408333543
2018-04-22 14:00:00,7.98573873928778
2018-04-22 15:00:00,9.14309217976427
2018-04-22 16:00:00,7.98573873928778
2018-04-22 17:00:00,7.75426805119248
2018-04-22 18:00:00,8.33294477143073
2018-04-22 19:00:00,7.75426805119248
2018-04-22 20:00:00,8.79588614762132
2018-04-22 21:00:00,9.72176890000251
2018-04-22 22:00:00,9.49029821190722
2018-04-22 23:00:00,9.49029821190722
2018-04-23 00:00:00,9.72176890000251
2018-04-23 00:00:00,9.72176890000251
2018-04-23 01:00:00,10.2772985514312
2018-04-23 02:00:00,9.02735683571662
2018-04-23 03:00:00,9.99953372571687
2018-04-23 04:00:00,10.4161809642884
2018-04-23 05:00:00,8.74959201000226
2018-04-23 06:00:00,9.86065131285969
2018-04-23 07:00:00,9.30512166143098
2018-04-23 08:00:00,9.30512166143098
2018-04-23 09:00:00,8.33294477143073
2018-04-23 10:00:00,9.72176890000251
2018-04-23 11:00:00,9.72176890000251
2018-04-23 12:00:00,9.86065131285969
2018-04-23 13:00:00,8.74959201000226
2018-04-23 14:00:00,9.1662392485738
2018-04-23 15:00:00,8.74959201000226
2018-04-23 16:00:00,9.1662392485738
2018-04-23 17:00:00,9.30512166143098
2018-04-23 18:00:00,9.44400407428816
2018-04-23 19:00:00,9.1662392485738
2018-04-23 20:00:00,9.86065131285969
2018-04-23 21:00:00,10.9717106157171
2018-04-23 22:00:00,9.99953372571687
2018-04-23 23:00:00,10.2772985514312
2018-04-24 00:00:00,10.5550633771456
2018-04-24 01:00:00,11.8050050928602
2018-04-24 02:00:00,12.2216523314317
2018-04-24 03:00:00,11.9438875057174
2018-04-24 04:00:00,13.0549468085748
2018-04-24 05:00:00,11.5272402671458
2018-04-24 06:00:00,10.6939457900028
2018-04-24 07:00:00,10.8328282028599
2018-04-24 08:00:00,9.58288648714534
2018-04-24 09:00:00,10.2772985514312
2018-04-24 10:00:00,10.6939457900028
2018-04-24 11:00:00,10.6939457900028
2018-04-24 12:00:00,10.2772985514312
2018-04-24 13:00:00,11.1105930285743
2018-04-24 14:00:00,10.6939457900028
2018-04-24 15:00:00,11.1105930285743
2018-04-24 16:00:00,10.6939457900028
2018-04-24 17:00:00,10.9717106157171
2018-04-24 18:00:00,10.2772985514312
2018-04-24 19:00:00,11.1105930285743
2018-04-24 20:00:00,11.1105930285743
2018-04-24 21:00:00,13.0549468085748
2018-04-24 22:00:00,13.8882412857179
2018-04-24 23:00:00,12.3605347442889
2018-04-25 00:00:00,12.0827699185746
2018-04-25 01:00:00,10.6939457900028
2018-04-25 02:00:00,12.0827699185746
2018-04-25 03:00:00,12.0827699185746
2018-04-25 04:00:00,12.6382995700033
2018-04-25 05:00:00,11.2494754414315
2018-04-25 06:00:00,10.9717106157171
2018-04-25 07:00:00,9.58288648714534
2018-04-25 08:00:00,9.30512166143098
2018-04-25 09:00:00,9.58288648714534
2018-04-25 10:00:00,11.9438875057174
2018-04-25 11:00:00,10.9717106157171
2018-04-25 12:00:00,9.44400407428816
2018-04-25 13:00:00,10.4161809642884
2018-04-25 14:00:00,11.2494754414315
2018-04-25 15:00:00,10.2772985514312
2018-04-25 16:00:00,10.5550633771456
2018-04-25 17:00:00,9.72176890000251
2018-04-25 18:00:00,9.1662392485738
2018-04-25 19:00:00,9.1662392485738
2018-04-25 20:00:00,9.58288648714534
2018-04-25 21:00:00,9.86065131285969
2018-04-25 22:00:00,9.58288648714534
2018-04-25 23:00:00,10.1384161385741
2018-04-26 00:00:00,9.99953372571687
2018-04-26 01:00:00,9.02735683571662
2018-04-26 02:00:00,9.44400407428816
2018-04-26 03:00:00,10.2772985514312
2018-04-26 04:00:00,9.58288648714534
2018-04-26 05:00:00,9.99953372571687
2018-04-26 06:00:00,8.47182718428791
2018-04-26 07:00:00,8.88847442285944
2018-04-26 08:00:00,8.05517994571637
2018-04-26 09:00:00,8.05517994571637
2018-04-26 10:00:00,8.19406235857355
2018-04-26 11:00:00,8.19406235857355
2018-04-26 12:00:00,8.33294477143073
2018-04-26 13:00:00,8.74959201000226
2018-04-26 14:00:00,8.47182718428791
2018-04-26 15:00:00,9.02735683571662
2018-04-26 16:00:00,8.19406235857355
2018-04-26 17:00:00,8.33294477143073
2018-04-26 18:00:00,8.33294477143073
2018-04-26 19:00:00,9.02735683571662
2018-04-26 20:00:00,10.1384161385741
2018-04-26 21:00:00,9.72176890000251
2018-04-26 22:00:00,9.72176890000251
2018-04-26 23:00:00,10.6939457900028
2018-04-27 00:00:00,9.44400407428816
2018-04-27 01:00:00,9.99953372571687
2018-04-27 02:00:00,9.58288648714534
2018-04-27 03:00:00,9.72176890000251
2018-04-27 04:00:00,9.86065131285969
2018-04-27 05:00:00,8.74959201000226
2018-04-27 06:00:00,8.19406235857355
2018-04-27 07:00:00,8.61070959714509
2018-04-27 08:00:00,7.49965029428765
2018-04-27 09:00:00,8.05517994571637
2018-04-27 10:00:00,8.33294477143073
2018-04-27 11:00:00,8.61070959714509
2018-04-27 12:00:00,7.77741512000201
2018-04-27 13:00:00,7.49965029428765
2018-04-27 14:00:00,8.05517994571637
2018-04-27 15:00:00,8.33294477143073
2018-04-27 16:00:00,8.33294477143073
2018-04-27 17:00:00,8.88847442285944
2018-04-27 18:00:00,7.91629753285919
2018-04-27 19:00:00,7.91629753285919
2018-04-27 20:00:00,8.19406235857355
2018-04-27 21:00:00,9.44400407428816
2018-04-27 22:00:00,8.61070959714509
2018-04-27 23:00:00,9.02735683571662
2018-04-28 00:00:00,8.47182718428791
2018-04-28 01:00:00,8.47182718428791
2018-04-28 02:00:00,8.05517994571637
2018-04-28 03:00:00,8.61070959714509
2018-04-28 04:00:00,8.47182718428791
2018-04-28 05:00:00,7.91629753285919
2018-04-28 06:00:00,8.05517994571637
2018-04-28 07:00:00,7.49965029428765
2018-04-28 08:00:00,7.36076788143048
2018-04-28 09:00:00,7.08300305571612
2018-04-28 10:00:00,7.2218854685733
2018-04-28 11:00:00,6.80523823000176
2018-04-28 12:00:00,6.24970857857304
2018-04-28 13:00:00,7.08300305571612
2018-04-28 14:00:00,7.63853270714483
2018-04-28 15:00:00,7.08300305571612
2018-04-28 16:00:00,7.49965029428765
2018-04-28 17:00:00,6.5274734042874
2018-04-28 18:00:00,7.08300305571612
2018-04-28 19:00:00,7.08300305571612
2018-04-28 20:00:00,8.19406235857355
2018-04-28 21:00:00,8.19406235857355
2018-04-28 22:00:00,8.88847442285944
2018-04-28 23:00:00,8.33294477143073
2018-04-29 00:00:00,7.91629753285919
2018-04-29 01:00:00,8.47182718428791
2018-04-29 02:00:00,8.19406235857355
2018-04-29 03:00:00,9.58288648714534
2018-04-29 04:00:00,8.61070959714509
2018-04-29 05:00:00,8.47182718428791
2018-04-29 06:00:00,7.77741512000201
2018-04-29 07:00:00,8.05517994571637
2018-04-29 08:00:00,8.05517994571637
2018-04-29 09:00:00,8.05517994571637
2018-04-29 10:00:00,7.08300305571612
2018-04-29 11:00:00,6.66635581714458
2018-04-29 12:00:00,7.36076788143048
2018-04-29 13:00:00,7.08300305571612
2018-04-29 14:00:00,7.08300305571612
2018-04-29 15:00:00,6.66635581714458
2018-04-29 16:00:00,6.5274734042874
2018-04-29 17:00:00,6.5274734042874
2018-04-29 18:00:00,7.08300305571612
2018-04-29 19:00:00,6.80523823000176
2018-04-29 20:00:00,7.91629753285919
2018-04-29 21:00:00,7.91629753285919
2018-04-29 22:00:00,8.88847442285944
2018-04-29 23:00:00,9.30512166143098
2018-04-30 00:00:00,8.19406235857355
2018-04-30 00:00:00,8.19406235857355
2018-04-30 01:00:00,7.35364570641216
2018-04-30 02:00:00,8.08901027705337
2018-04-30 03:00:00,9.34963525529546
2018-04-30 04:00:00,9.45468733681563
2018-04-30 05:00:00,8.82437484769459
2018-04-30 06:00:00,8.19406235857355
2018-04-30 07:00:00,8.08901027705337
2018-04-30 08:00:00,7.77385403249285
2018-04-30 09:00:00,7.24859362489199
2018-04-30 10:00:00,7.77385403249285
2018-04-30 11:00:00,7.87890611401303
2018-04-30 12:00:00,7.24859362489199
2018-04-30 13:00:00,8.29911444009372
2018-04-30 14:00:00,8.71932276617442
2018-04-30 15:00:00,7.45869778793233
2018-04-30 16:00:00,8.19406235857355
2018-04-30 17:00:00,7.45869778793233
2018-04-30 18:00:00,7.77385403249285
2018-04-30 19:00:00,7.45869778793233
2018-04-30 20:00:00,8.4041665216139
2018-04-30 21:00:00,8.29911444009372
2018-04-30 22:00:00,8.71932276617442
2018-04-30 23:00:00,9.34963525529546
2018-05-01 00:00:00,9.13953109225511
2018-05-01 01:00:00,9.76984358137615
2018-05-01 02:00:00,8.71932276617442
2018-05-01 03:00:00,8.92942692921476
2018-05-01 04:00:00,9.24458317377529
2018-05-01 05:00:00,9.24458317377529
2018-05-01 06:00:00,8.82437484769459
2018-05-01 07:00:00,8.29911444009372
2018-05-01 08:00:00,7.87890611401303
2018-05-01 09:00:00,7.03848946185164
2018-05-01 10:00:00,7.56374986945251
2018-05-01 11:00:00,7.56374986945251
2018-05-01 12:00:00,8.4041665216139
2018-05-01 13:00:00,7.14354154337181
2018-05-01 14:00:00,8.4041665216139
2018-05-01 15:00:00,8.08901027705337
2018-05-01 16:00:00,7.03848946185164
2018-05-01 17:00:00,7.03848946185164
2018-05-01 18:00:00,7.14354154337181
2018-05-01 19:00:00,7.35364570641216
2018-05-01 20:00:00,7.24859362489199
2018-05-01 21:00:00,8.50921860313407
2018-05-01 22:00:00,9.13953109225511
2018-05-01 23:00:00,8.29911444009372
2018-05-02 00:00:00,8.19406235857355
2018-05-02 01:00:00,7.66880195097268
2018-05-02 02:00:00,10.295103988977
2018-05-02 03:00:00,8.50921860313407
2018-05-02 04:00:00,8.29911444009372
2018-05-02 05:00:00,8.08901027705337
2018-05-02 06:00:00,7.45869778793233
2018-05-02 07:00:00,7.35364570641216
2018-05-02 08:00:00,7.14354154337181
2018-05-02 09:00:00,6.72333321729112
2018-05-02 10:00:00,7.77385403249285
2018-05-02 11:00:00,6.93343738033146
2018-05-02 12:00:00,7.14354154337181
2018-05-02 13:00:00,7.66880195097268
2018-05-02 14:00:00,7.9839581955332
2018-05-02 15:00:00,7.87890611401303
2018-05-02 16:00:00,7.14354154337181
2018-05-02 17:00:00,7.24859362489199
2018-05-02 18:00:00,7.45869778793233
2018-05-02 19:00:00,7.35364570641216
2018-05-02 20:00:00,7.87890611401303
2018-05-02 21:00:00,8.29911444009372
2018-05-02 22:00:00,8.50921860313407
2018-05-02 23:00:00,8.82437484769459
2018-05-03 00:00:00,8.29911444009372
2018-05-03 01:00:00,7.66880195097268
2018-05-03 02:00:00,9.34963525529546
2018-05-03 03:00:00,8.92942692921476
2018-05-03 04:00:00,8.50921860313407
2018-05-03 05:00:00,9.13953109225511
2018-05-03 06:00:00,8.4041665216139
2018-05-03 07:00:00,6.82838529881129
2018-05-03 08:00:00,7.35364570641216
2018-05-03 09:00:00,7.24859362489199
2018-05-03 10:00:00,7.77385403249285
2018-05-03 11:00:00,7.35364570641216
2018-05-03 12:00:00,7.56374986945251
2018-05-03 13:00:00,8.08901027705337
2018-05-03 14:00:00,9.03447901073494
2018-05-03 15:00:00,8.50921860313407
2018-05-03 16:00:00,8.61427068465424
2018-05-03 17:00:00,9.13953109225511
2018-05-03 18:00:00,9.87489566289633
2018-05-03 19:00:00,9.76984358137615
2018-05-03 20:00:00,10.0849998259367
2018-05-03 21:00:00,9.66479149985598
2018-05-03 22:00:00,9.66479149985598
2018-05-03 23:00:00,10.5052081520174
2018-05-04 00:00:00,9.87489566289633
2018-05-04 01:00:00,8.71932276617442
2018-05-04 02:00:00,8.08901027705337
2018-05-04 03:00:00,9.55973941833581
2018-05-04 04:00:00,8.71932276617442
2018-05-04 05:00:00,8.61427068465424
2018-05-04 06:00:00,8.61427068465424
2018-05-04 07:00:00,8.29911444009372
2018-05-04 08:00:00,8.50921860313407
2018-05-04 09:00:00,8.29911444009372
2018-05-04 10:00:00,8.29911444009372
2018-05-04 11:00:00,8.29911444009372
2018-05-04 12:00:00,8.50921860313407
2018-05-04 13:00:00,8.4041665216139
2018-05-04 14:00:00,8.4041665216139
2018-05-04 15:00:00,8.4041665216139
2018-05-04 16:00:00,7.56374986945251
2018-05-04 17:00:00,7.14354154337181
2018-05-04 18:00:00,7.35364570641216
2018-05-04 19:00:00,8.29911444009372
2018-05-04 20:00:00,8.29911444009372
2018-05-04 21:00:00,8.29911444009372
2018-05-04 22:00:00,8.29911444009372
2018-05-04 23:00:00,9.13953109225511
2018-05-05 00:00:00,8.29911444009372
2018-05-05 01:00:00,8.92942692921476
2018-05-05 02:00:00,8.29911444009372
2018-05-05 03:00:00,8.50921860313407
2018-05-05 04:00:00,9.03447901073494
2018-05-05 05:00:00,9.13953109225511
2018-05-05 06:00:00,8.71932276617442
2018-05-05 07:00:00,7.87890611401303
2018-05-05 08:00:00,7.66880195097268
2018-05-05 09:00:00,8.29911444009372
2018-05-05 10:00:00,8.82437484769459
2018-05-05 11:00:00,8.4041665216139
2018-05-05 12:00:00,7.87890611401303
2018-05-05 13:00:00,8.29911444009372
2018-05-05 14:00:00,8.29911444009372
2018-05-05 15:00:00,8.4041665216139
2018-05-05 16:00:00,7.87890611401303
2018-05-05 17:00:00,7.87890611401303
2018-05-05 18:00:00,7.87890611401303
2018-05-05 19:00:00,7.56374986945251
2018-05-05 20:00:00,7.9839581955332
2018-05-05 21:00:00,8.4041665216139
2018-05-05 22:00:00,8.50921860313407
2018-05-05 23:00:00,8.19406235857355
2018-05-06 00:00:00,8.61427068465424
2018-05-06 01:00:00,9.45468733681563
2018-05-06 02:00:00,8.82437484769459
2018-05-06 03:00:00,8.29911444009372
2018-05-06 04:00:00,8.50921860313407
2018-05-06 05:00:00,7.66880195097268
2018-05-06 06:00:00,8.82437484769459
2018-05-06 07:00:00,7.56374986945251
2018-05-06 08:00:00,7.87890611401303
2018-05-06 09:00:00,7.66880195097268
2018-05-06 10:00:00,7.24859362489199
2018-05-06 11:00:00,7.35364570641216
2018-05-06 12:00:00,7.87890611401303
2018-05-06 13:00:00,7.45869778793233
2018-05-06 14:00:00,7.14354154337181
2018-05-06 15:00:00,7.45869778793233
2018-05-06 16:00:00,6.72333321729112
2018-05-06 17:00:00,7.03848946185164
2018-05-06 18:00:00,6.61828113577094
2018-05-06 19:00:00,6.61828113577094
2018-05-06 20:00:00,7.24859362489199
2018-05-06 21:00:00,7.87890611401303
2018-05-06 22:00:00,8.4041665216139
2018-05-06 23:00:00,8.61427068465424
2018-05-07 00:00:00,7.56374986945251
2018-05-07 00:00:00,7.56374986945251
2018-05-07 01:00:00,8.4946729303082
2018-05-07 02:00:00,9.89105752159174
2018-05-07 03:00:00,8.37830754770124
2018-05-07 04:00:00,8.61103831291516
2018-05-07 05:00:00,8.26194216509428
2018-05-07 06:00:00,7.91284601727339
2018-05-07 07:00:00,7.44738448684555
2018-05-07 08:00:00,8.02921139988035
2018-05-07 09:00:00,7.33101910423858
2018-05-07 10:00:00,7.68011525205947
2018-05-07 11:00:00,7.44738448684555
2018-05-07 12:00:00,8.14557678248731
2018-05-07 13:00:00,7.91284601727339
2018-05-07 14:00:00,8.61103831291516
2018-05-07 15:00:00,8.37830754770124
2018-05-07 16:00:00,8.14557678248731
2018-05-07 17:00:00,8.61103831291516
2018-05-07 18:00:00,8.72740369552212
2018-05-07 19:00:00,8.72740369552212
2018-05-07 20:00:00,9.65832675637782
2018-05-07 21:00:00,8.4946729303082
2018-05-07 22:00:00,9.07649984334301
2018-05-07 23:00:00,8.84376907812908
2018-05-08 00:00:00,8.84376907812908
2018-05-08 01:00:00,8.14557678248731
2018-05-08 02:00:00,8.61103831291516
2018-05-08 03:00:00,9.19286522594997
2018-05-08 04:00:00,8.96013446073605
2018-05-08 05:00:00,9.30923060855693
2018-05-08 06:00:00,8.02921139988035
2018-05-08 07:00:00,7.79648063466643
2018-05-08 08:00:00,7.21465372163162
2018-05-08 09:00:00,6.9819229564177
2018-05-08 10:00:00,7.68011525205947
2018-05-08 11:00:00,8.14557678248731
2018-05-08 12:00:00,8.61103831291516
2018-05-08 13:00:00,8.02921139988035
2018-05-08 14:00:00,8.26194216509428
2018-05-08 15:00:00,8.26194216509428
2018-05-08 16:00:00,7.91284601727339
2018-05-08 17:00:00,8.14557678248731
2018-05-08 18:00:00,8.02921139988035
2018-05-08 19:00:00,7.68011525205947
2018-05-08 20:00:00,8.14557678248731
2018-05-08 21:00:00,8.61103831291516
2018-05-08 22:00:00,8.72740369552212
2018-05-08 23:00:00,8.02921139988035
2018-05-09 00:00:00,9.54196137377086
2018-05-09 01:00:00,8.61103831291516
2018-05-09 02:00:00,8.4946729303082
2018-05-09 03:00:00,9.30923060855693
2018-05-09 04:00:00,9.54196137377086
2018-05-09 05:00:00,9.07649984334301
2018-05-09 06:00:00,7.56374986945251
2018-05-09 07:00:00,8.02921139988035
2018-05-09 08:00:00,7.09828833902466
2018-05-09 09:00:00,6.9819229564177
2018-05-09 10:00:00,7.09828833902466
2018-05-09 11:00:00,6.51646142598985
2018-05-09 12:00:00,7.09828833902466
2018-05-09 13:00:00,7.79648063466643
2018-05-09 14:00:00,7.68011525205947
2018-05-09 15:00:00,8.02921139988035
2018-05-09 16:00:00,7.68011525205947
2018-05-09 17:00:00,7.68011525205947
2018-05-09 18:00:00,7.44738448684555
2018-05-09 19:00:00,7.68011525205947
2018-05-09 20:00:00,7.56374986945251
2018-05-09 21:00:00,8.84376907812908
2018-05-09 22:00:00,8.72740369552212
2018-05-09 23:00:00,7.44738448684555
2018-05-10 00:00:00,7.21465372163162
2018-05-10 01:00:00,8.37830754770124
2018-05-10 02:00:00,7.91284601727339
2018-05-10 03:00:00,7.68011525205947
2018-05-10 04:00:00,7.91284601727339
2018-05-10 05:00:00,7.56374986945251
2018-05-10 06:00:00,7.21465372163162
2018-05-10 07:00:00,6.86555757381074
2018-05-10 08:00:00,6.86555757381074
2018-05-10 09:00:00,7.44738448684555
2018-05-10 10:00:00,6.86555757381074
2018-05-10 11:00:00,6.9819229564177
2018-05-10 12:00:00,7.21465372163162
2018-05-10 13:00:00,6.86555757381074
2018-05-10 14:00:00,6.86555757381074
2018-05-10 15:00:00,6.86555757381074
2018-05-10 16:00:00,6.74919219120377
2018-05-10 17:00:00,8.02921139988035
2018-05-10 18:00:00,9.30923060855693
2018-05-10 19:00:00,11.2874421128753
2018-05-10 20:00:00,9.54196137377086
2018-05-10 21:00:00,9.07649984334301
2018-05-10 22:00:00,8.37830754770124
2018-05-10 23:00:00,8.72740369552212
2018-05-11 00:00:00,10.3565190520196
2018-05-11 01:00:00,9.65832675637782
2018-05-11 02:00:00,8.61103831291516
2018-05-11 03:00:00,9.42559599116389
2018-05-11 04:00:00,8.4946729303082
2018-05-11 05:00:00,8.61103831291516
2018-05-11 06:00:00,8.4946729303082
2018-05-11 07:00:00,9.54196137377086
2018-05-11 08:00:00,8.84376907812908
2018-05-11 09:00:00,9.07649984334301
2018-05-11 10:00:00,8.14557678248731
2018-05-11 11:00:00,9.89105752159174
2018-05-11 12:00:00,10.5892498172335
2018-05-11 13:00:00,10.0074229041987
2018-05-11 14:00:00,8.72740369552212
2018-05-11 15:00:00,8.72740369552212
2018-05-11 16:00:00,9.07649984334301
2018-05-11 17:00:00,8.4946729303082
2018-05-11 18:00:00,8.61103831291516
2018-05-11 19:00:00,8.96013446073605
2018-05-11 20:00:00,10.4728844346265
2018-05-11 21:00:00,11.6365382606962
2018-05-11 22:00:00,9.77469213898478
2018-05-11 23:00:00,9.19286522594997
2018-05-12 00:00:00,8.84376907812908
2018-05-12 01:00:00,7.44738448684555
2018-05-12 02:00:00,7.91284601727339
2018-05-12 03:00:00,8.61103831291516
2018-05-12 04:00:00,8.37830754770124
2018-05-12 05:00:00,8.72740369552212
2018-05-12 06:00:00,9.89105752159174
2018-05-12 07:00:00,8.02921139988035
2018-05-12 08:00:00,7.56374986945251
2018-05-12 09:00:00,8.4946729303082
2018-05-12 10:00:00,7.56374986945251
2018-05-12 11:00:00,7.33101910423858
2018-05-12 12:00:00,7.33101910423858
2018-05-12 13:00:00,7.21465372163162
2018-05-12 14:00:00,7.09828833902466
2018-05-12 15:00:00,6.86555757381074
2018-05-12 16:00:00,6.74919219120377
2018-05-12 17:00:00,6.86555757381074
2018-05-12 18:00:00,6.86555757381074
2018-05-12 19:00:00,7.21465372163162
2018-05-12 20:00:00,6.63282680859681
2018-05-12 21:00:00,7.21465372163162
2018-05-12 22:00:00,6.9819229564177
2018-05-12 23:00:00,7.79648063466643
2018-05-13 00:00:00,7.91284601727339
2018-05-13 01:00:00,6.40009604338289
2018-05-13 02:00:00,7.21465372163162
2018-05-13 03:00:00,6.9819229564177
2018-05-13 04:00:00,7.21465372163162
2018-05-13 05:00:00,7.09828833902466
2018-05-13 06:00:00,6.86555757381074
2018-05-13 07:00:00,6.63282680859681
2018-05-13 08:00:00,6.40009604338289
2018-05-13 09:00:00,6.86555757381074
2018-05-13 10:00:00,5.93463451295504
2018-05-13 11:00:00,6.28373066077593
2018-05-13 12:00:00,7.33101910423858
2018-05-13 13:00:00,6.050999895562
2018-05-13 14:00:00,5.81826913034808
2018-05-13 15:00:00,6.51646142598985
2018-05-13 16:00:00,6.9819229564177
2018-05-13 17:00:00,6.74919219120377
2018-05-13 18:00:00,7.09828833902466
2018-05-13 19:00:00,6.9819229564177
2018-05-13 20:00:00,7.09828833902466
2018-05-13 21:00:00,8.26194216509428
2018-05-13 22:00:00,8.72740369552212
2018-05-13 23:00:00,8.84376907812908
2018-05-14 00:00:00,8.26194216509428
2018-05-14 00:00:00,8.26194216509428
2018-05-14 01:00:00,7.67874624755821
2018-05-14 02:00:00,8.16474284550493
2018-05-14 03:00:00,8.35914148468362
2018-05-14 04:00:00,8.747938763041
2018-05-14 05:00:00,8.06754352591559
2018-05-14 06:00:00,7.77594556714756
2018-05-14 07:00:00,7.97034420632624
2018-05-14 08:00:00,7.38714828879018
2018-05-14 09:00:00,7.38714828879018
2018-05-14 10:00:00,7.38714828879018
2018-05-14 11:00:00,7.28994896920083
2018-05-14 12:00:00,7.58154692796887
2018-05-14 13:00:00,6.90115169084345
2018-05-14 14:00:00,8.26194216509428
2018-05-14 15:00:00,8.26194216509428
2018-05-14 16:00:00,8.06754352591559
2018-05-14 17:00:00,6.90115169084345
2018-05-14 18:00:00,8.35914148468362
2018-05-14 19:00:00,7.38714828879018
2018-05-14 20:00:00,9.52553331975575
2018-05-14 21:00:00,9.13673604139838
2018-05-14 22:00:00,9.42833400016641
2018-05-14 23:00:00,9.03953672180903
2018-05-15 00:00:00,8.06754352591559
2018-05-15 01:00:00,7.8731448867369
2018-05-15 02:00:00,8.06754352591559
2018-05-15 03:00:00,7.97034420632624
2018-05-15 04:00:00,7.8731448867369
2018-05-15 05:00:00,7.19274964961149
2018-05-15 06:00:00,7.19274964961149
2018-05-15 07:00:00,7.8731448867369
2018-05-15 08:00:00,7.28994896920083
2018-05-15 09:00:00,6.60955373207542
2018-05-15 10:00:00,7.28994896920083
2018-05-15 11:00:00,7.28994896920083
2018-05-15 12:00:00,7.09555033002214
2018-05-15 13:00:00,7.67874624755821
2018-05-15 14:00:00,7.38714828879018
2018-05-15 15:00:00,7.67874624755821
2018-05-15 16:00:00,7.97034420632624
2018-05-15 17:00:00,7.28994896920083
2018-05-15 18:00:00,7.58154692796887
2018-05-15 19:00:00,7.58154692796887
2018-05-15 20:00:00,7.77594556714756
2018-05-15 21:00:00,8.84513808263034
2018-05-15 22:00:00,8.16474284550493
2018-05-15 23:00:00,8.16474284550493
2018-05-16 00:00:00,8.16474284550493
2018-05-16 01:00:00,8.65073944345165
2018-05-16 02:00:00,8.94233740221969
2018-05-16 03:00:00,9.71993195893444
2018-05-16 04:00:00,8.94233740221969
2018-05-16 05:00:00,8.35914148468362
2018-05-16 06:00:00,7.97034420632624
2018-05-16 07:00:00,7.58154692796887
2018-05-16 08:00:00,6.80395237125411
2018-05-16 09:00:00,7.28994896920083
2018-05-16 10:00:00,6.9983510104328
2018-05-16 11:00:00,7.38714828879018
2018-05-16 12:00:00,6.60955373207542
2018-05-16 13:00:00,7.67874624755821
2018-05-16 14:00:00,8.06754352591559
2018-05-16 15:00:00,7.58154692796887
2018-05-16 16:00:00,7.77594556714756
2018-05-16 17:00:00,7.09555033002214
2018-05-16 18:00:00,7.09555033002214
2018-05-16 19:00:00,7.38714828879018
2018-05-16 20:00:00,7.58154692796887
2018-05-16 21:00:00,7.97034420632624
2018-05-16 22:00:00,8.45634080427296
2018-05-16 23:00:00,7.8731448867369
2018-05-17 00:00:00,7.67874624755821
2018-05-17 01:00:00,6.9983510104328
2018-05-17 02:00:00,7.38714828879018
2018-05-17 03:00:00,7.67874624755821
2018-05-17 04:00:00,8.16474284550493
2018-05-17 05:00:00,7.38714828879018
2018-05-17 06:00:00,7.09555033002214
2018-05-17 07:00:00,7.09555033002214
2018-05-17 08:00:00,6.80395237125411
2018-05-17 09:00:00,6.90115169084345
2018-05-17 10:00:00,6.80395237125411
2018-05-17 11:00:00,6.70675305166477
2018-05-17 12:00:00,6.80395237125411
2018-05-17 13:00:00,6.70675305166477
2018-05-17 14:00:00,6.80395237125411
2018-05-17 15:00:00,6.70675305166477
2018-05-17 16:00:00,6.9983510104328
2018-05-17 17:00:00,7.19274964961149
2018-05-17 18:00:00,6.9983510104328
2018-05-17 19:00:00,7.67874624755821
2018-05-17 20:00:00,8.35914148468362
2018-05-17 21:00:00,9.03953672180903
2018-05-17 22:00:00,9.6227326393451
2018-05-17 23:00:00,8.55354012386231
2018-05-18 00:00:00,9.33113468057707
2018-05-18 01:00:00,9.52553331975575
2018-05-18 02:00:00,8.84513808263034
2018-05-18 03:00:00,8.747938763041
2018-05-18 04:00:00,8.35914148468362
2018-05-18 05:00:00,8.55354012386231
2018-05-18 06:00:00,7.48434760837952
2018-05-18 07:00:00,7.48434760837952
2018-05-18 08:00:00,6.80395237125411
2018-05-18 09:00:00,6.70675305166477
2018-05-18 10:00:00,7.58154692796887
2018-05-18 11:00:00,6.80395237125411
2018-05-18 12:00:00,6.90115169084345
2018-05-18 13:00:00,6.70675305166477
2018-05-18 14:00:00,7.09555033002214
2018-05-18 15:00:00,6.9983510104328
2018-05-18 16:00:00,6.80395237125411
2018-05-18 17:00:00,6.9983510104328
2018-05-18 18:00:00,6.70675305166477
2018-05-18 19:00:00,7.48434760837952
2018-05-18 20:00:00,7.28994896920083
2018-05-18 21:00:00,8.16474284550493
2018-05-18 22:00:00,6.80395237125411
2018-05-18 23:00:00,7.77594556714756
2018-05-19 00:00:00,6.80395237125411
2018-05-19 01:00:00,6.9983510104328
2018-05-19 02:00:00,6.80395237125411
2018-05-19 03:00:00,6.51235441248608
2018-05-19 04:00:00,6.9983510104328
2018-05-19 05:00:00,6.51235441248608
2018-05-19 06:00:00,6.31795577330739
2018-05-19 07:00:00,6.22075645371804
2018-05-19 08:00:00,6.41515509289673
2018-05-19 09:00:00,6.02635781453935
2018-05-19 10:00:00,5.44316189700329
2018-05-19 11:00:00,5.34596257741394
2018-05-19 12:00:00,5.54036121659263
2018-05-19 13:00:00,5.54036121659263
2018-05-19 14:00:00,6.02635781453935
2018-05-19 15:00:00,5.92915849495001
2018-05-19 16:00:00,5.83195917536067
2018-05-19 17:00:00,5.63756053618198
2018-05-19 18:00:00,5.92915849495001
2018-05-19 19:00:00,5.92915849495001
2018-05-19 20:00:00,6.31795577330739
2018-05-19 21:00:00,6.9983510104328
2018-05-19 22:00:00,6.22075645371804
2018-05-19 23:00:00,6.51235441248608
2018-05-20 00:00:00,6.70675305166477
2018-05-20 01:00:00,6.51235441248608
2018-05-20 02:00:00,6.70675305166477
2018-05-20 03:00:00,6.22075645371804
2018-05-20 04:00:00,6.60955373207542
2018-05-20 05:00:00,6.60955373207542
2018-05-20 06:00:00,6.41515509289673
2018-05-20 07:00:00,6.22075645371804
2018-05-20 08:00:00,6.51235441248608
2018-05-20 09:00:00,6.02635781453935
2018-05-20 10:00:00,6.41515509289673
2018-05-20 11:00:00,5.63756053618198
2018-05-20 12:00:00,5.83195917536067
2018-05-20 13:00:00,5.92915849495001
2018-05-20 14:00:00,5.92915849495001
2018-05-20 15:00:00,5.54036121659263
2018-05-20 16:00:00,6.41515509289673
2018-05-20 17:00:00,6.22075645371804
2018-05-20 18:00:00,6.02635781453935
2018-05-20 19:00:00,6.60955373207542
2018-05-20 20:00:00,6.80395237125411
2018-05-20 21:00:00,7.38714828879018
2018-05-20 22:00:00,7.28994896920083
2018-05-20 23:00:00,7.28994896920083
2018-05-21 00:00:00,6.80395237125411
2018-05-21 00:00:00,6.80395237125411
2018-05-21 01:00:00,6.37870534805073
2018-05-21 02:00:00,7.12288763865664
2018-05-21 03:00:00,7.0165758828558
2018-05-21 04:00:00,7.12288763865664
2018-05-21 05:00:00,7.44182290605918
2018-05-21 06:00:00,6.80395237125411
2018-05-21 07:00:00,7.33551115025834
2018-05-21 08:00:00,7.44182290605918
2018-05-21 09:00:00,6.16608183644904
2018-05-21 10:00:00,6.48501710385157
2018-05-21 11:00:00,6.37870534805073
2018-05-21 12:00:00,6.16608183644904
2018-05-21 13:00:00,6.05977008064819
2018-05-21 14:00:00,6.48501710385157
2018-05-21 15:00:00,6.27239359224988
2018-05-21 16:00:00,6.59132885965242
2018-05-21 17:00:00,6.80395237125411
2018-05-21 18:00:00,6.59132885965242
2018-05-21 19:00:00,6.69764061545326
2018-05-21 20:00:00,7.44182290605918
2018-05-21 21:00:00,7.86706992926256
2018-05-21 22:00:00,7.97338168506341
2018-05-21 23:00:00,7.76075817346172
2018-05-22 00:00:00,6.91026412705496
2018-05-22 01:00:00,6.80395237125411
2018-05-22 02:00:00,7.44182290605918
2018-05-22 03:00:00,7.44182290605918
2018-05-22 04:00:00,8.39862870826679
2018-05-22 05:00:00,7.54813466186003
2018-05-22 06:00:00,6.37870534805073
2018-05-22 07:00:00,7.0165758828558
2018-05-22 08:00:00,7.22919939445749
2018-05-22 09:00:00,6.80395237125411
2018-05-22 10:00:00,7.0165758828558
2018-05-22 11:00:00,6.69764061545326
2018-05-22 12:00:00,6.91026412705496
2018-05-22 13:00:00,7.0165758828558
2018-05-22 14:00:00,6.69764061545326
2018-05-22 15:00:00,7.54813466186003
2018-05-22 16:00:00,6.91026412705496
2018-05-22 17:00:00,6.69764061545326
2018-05-22 18:00:00,8.07969344086425
2018-05-22 19:00:00,7.12288763865664
2018-05-22 20:00:00,7.65444641766087
2018-05-22 21:00:00,9.24912275467355
2018-05-22 22:00:00,9.14281099887271
2018-05-22 23:00:00,9.03649924307186
2018-05-23 00:00:00,8.1860051966651
2018-05-23 01:00:00,8.71756397566933
2018-05-23 02:00:00,8.07969344086425
2018-05-23 03:00:00,8.1860051966651
2018-05-23 04:00:00,8.61125221986848
2018-05-23 05:00:00,8.61125221986848
2018-05-23 06:00:00,7.22919939445749
2018-05-23 07:00:00,7.65444641766087
2018-05-23 08:00:00,8.71756397566933
2018-05-23 09:00:00,8.50494046406764
2018-05-23 10:00:00,8.39862870826679
2018-05-23 11:00:00,7.97338168506341
2018-05-23 12:00:00,7.65444641766087
2018-05-23 13:00:00,7.0165758828558
2018-05-23 14:00:00,7.54813466186003
2018-05-23 15:00:00,8.39862870826679
2018-05-23 16:00:00,9.99330504527947
2018-05-23 17:00:00,10.6311755800845
2018-05-23 18:00:00,10.312240312682
2018-05-23 19:00:00,9.88699328947863
2018-05-23 20:00:00,9.56805802207609
2018-05-23 21:00:00,8.93018748727102
2018-05-23 22:00:00,9.46174626627525
2018-05-23 23:00:00,9.67436977787694
2018-05-24 00:00:00,8.82387573147017
2018-05-24 01:00:00,8.39862870826679
2018-05-24 02:00:00,8.07969344086425
2018-05-24 03:00:00,8.61125221986848
2018-05-24 04:00:00,9.03649924307186
2018-05-24 05:00:00,8.39862870826679
2018-05-24 06:00:00,7.44182290605918
2018-05-24 07:00:00,7.12288763865664
2018-05-24 08:00:00,8.50494046406764
2018-05-24 09:00:00,9.24912275467355
2018-05-24 10:00:00,8.93018748727102
2018-05-24 11:00:00,9.03649924307186
2018-05-24 12:00:00,9.67436977787694
2018-05-24 13:00:00,8.71756397566933
2018-05-24 14:00:00,8.1860051966651
2018-05-24 15:00:00,7.86706992926256
2018-05-24 16:00:00,8.29231695246594
2018-05-24 17:00:00,8.29231695246594
2018-05-24 18:00:00,7.54813466186003
2018-05-24 19:00:00,8.07969344086425
2018-05-24 20:00:00,8.61125221986848
2018-05-24 21:00:00,8.82387573147017
2018-05-24 22:00:00,8.29231695246594
2018-05-24 23:00:00,8.29231695246594
2018-05-25 00:00:00,7.97338168506341
2018-05-25 01:00:00,7.44182290605918
2018-05-25 02:00:00,7.86706992926256
2018-05-25 03:00:00,7.76075817346172
2018-05-25 04:00:00,8.29231695246594
2018-05-25 05:00:00,7.12288763865664
2018-05-25 06:00:00,7.22919939445749
2018-05-25 07:00:00,7.54813466186003
2018-05-25 08:00:00,7.54813466186003
2018-05-25 09:00:00,7.54813466186003
2018-05-25 10:00:00,6.37870534805073
2018-05-25 11:00:00,6.59132885965242
2018-05-25 12:00:00,7.12288763865664
2018-05-25 13:00:00,6.59132885965242
2018-05-25 14:00:00,6.48501710385157
2018-05-25 15:00:00,6.48501710385157
2018-05-25 16:00:00,6.91026412705496
2018-05-25 17:00:00,6.91026412705496
2018-05-25 18:00:00,7.0165758828558
2018-05-25 19:00:00,7.0165758828558
2018-05-25 20:00:00,7.54813466186003
2018-05-25 21:00:00,7.65444641766087
2018-05-25 22:00:00,7.86706992926256
2018-05-25 23:00:00,7.65444641766087
2018-05-26 00:00:00,7.22919939445749
2018-05-26 01:00:00,6.91026412705496
2018-05-26 02:00:00,7.12288763865664
2018-05-26 03:00:00,6.69764061545326
2018-05-26 04:00:00,7.33551115025834
2018-05-26 05:00:00,7.0165758828558
2018-05-26 06:00:00,6.27239359224988
2018-05-26 07:00:00,6.48501710385157
2018-05-26 08:00:00,6.05977008064819
2018-05-26 09:00:00,5.74083481324565
2018-05-26 10:00:00,5.95345832484735
2018-05-26 11:00:00,5.95345832484735
2018-05-26 12:00:00,6.05977008064819
2018-05-26 13:00:00,6.05977008064819
2018-05-26 14:00:00,5.63452305744481
2018-05-26 15:00:00,5.74083481324565
2018-05-26 16:00:00,6.16608183644904
2018-05-26 17:00:00,5.8471465690465
2018-05-26 18:00:00,5.20927603424143
2018-05-26 19:00:00,5.63452305744481
2018-05-26 20:00:00,4.99665252263974
2018-05-26 21:00:00,6.05977008064819
2018-05-26 22:00:00,6.69764061545326
2018-05-26 23:00:00,7.97338168506341
2018-05-27 00:00:00,7.0165758828558
2018-05-27 01:00:00,7.12288763865664
2018-05-27 02:00:00,7.12288763865664
2018-05-27 03:00:00,6.80395237125411
2018-05-27 04:00:00,6.37870534805073
2018-05-27 05:00:00,6.91026412705496
2018-05-27 06:00:00,5.8471465690465
2018-05-27 07:00:00,6.27239359224988
2018-05-27 08:00:00,6.16608183644904
2018-05-27 09:00:00,6.69764061545326
2018-05-27 10:00:00,6.48501710385157
2018-05-27 11:00:00,6.05977008064819
2018-05-27 12:00:00,6.48501710385157
2018-05-27 13:00:00,5.8471465690465
2018-05-27 14:00:00,6.37870534805073
2018-05-27 15:00:00,5.74083481324565
2018-05-27 16:00:00,6.16608183644904
2018-05-27 17:00:00,5.8471465690465
2018-05-27 18:00:00,6.37870534805073
2018-05-27 19:00:00,6.05977008064819
2018-05-27 20:00:00,6.80395237125411
2018-05-27 21:00:00,7.12288763865664
2018-05-27 22:00:00,7.22919939445749
2018-05-27 23:00:00,6.91026412705496
2018-05-28 00:00:00,6.69764061545326
2018-05-28 00:00:00,6.69764061545326
2018-05-28 01:00:00,6.50897468262359
2018-05-28 02:00:00,6.69764061545326
2018-05-28 03:00:00,6.7919735818681
2018-05-28 04:00:00,6.41464171620876
2018-05-28 05:00:00,7.35797138035711
2018-05-28 06:00:00,7.73530324601644
2018-05-28 07:00:00,7.26363841394227
2018-05-28 08:00:00,6.69764061545326
2018-05-28 09:00:00,6.69764061545326
2018-05-28 10:00:00,7.0749724811126
2018-05-28 11:00:00,7.16930544752744
2018-05-28 12:00:00,6.50897468262359
2018-05-28 13:00:00,6.7919735818681
2018-05-28 14:00:00,6.69764061545326
2018-05-28 15:00:00,6.98063951469777
2018-05-28 16:00:00,6.98063951469777
2018-05-28 17:00:00,7.0749724811126
2018-05-28 18:00:00,7.0749724811126
2018-05-28 19:00:00,7.64097027960161
2018-05-28 20:00:00,7.73530324601644
2018-05-28 21:00:00,8.58429994374996
2018-05-28 22:00:00,9.43329664148347
2018-05-28 23:00:00,8.77296587657963
2018-05-29 00:00:00,7.73530324601644
2018-05-29 01:00:00,8.11263511167578
2018-05-29 02:00:00,7.64097027960161
2018-05-29 03:00:00,7.64097027960161
2018-05-29 04:00:00,8.30130104450545
2018-05-29 05:00:00,8.48996697733512
2018-05-29 06:00:00,7.64097027960161
2018-05-29 07:00:00,6.60330764903843
2018-05-29 08:00:00,6.50897468262359
2018-05-29 09:00:00,6.60330764903843
2018-05-29 10:00:00,6.98063951469777
2018-05-29 11:00:00,6.88630654828293
2018-05-29 12:00:00,7.54663731318678
2018-05-29 13:00:00,6.88630654828293
2018-05-29 14:00:00,6.69764061545326
2018-05-29 15:00:00,6.7919735818681
2018-05-29 16:00:00,6.88630654828293
2018-05-29 17:00:00,6.98063951469777
2018-05-29 18:00:00,7.35797138035711
2018-05-29 19:00:00,7.92396917884611
2018-05-29 20:00:00,7.64097027960161
2018-05-29 21:00:00,8.30130104450545
2018-05-29 22:00:00,8.11263511167578
2018-05-29 23:00:00,7.45230434677194
2018-05-30 00:00:00,7.64097027960161
2018-05-30 01:00:00,7.45230434677194
2018-05-30 02:00:00,7.45230434677194
2018-05-30 03:00:00,7.92396917884611
2018-05-30 04:00:00,7.35797138035711
2018-05-30 05:00:00,7.92396917884611
2018-05-30 06:00:00,7.0749724811126
2018-05-30 07:00:00,6.22597578337909
2018-05-30 08:00:00,6.32030874979393
2018-05-30 09:00:00,6.50897468262359
2018-05-30 10:00:00,6.50897468262359
2018-05-30 11:00:00,6.32030874979393
2018-05-30 12:00:00,6.13164281696426
2018-05-30 13:00:00,6.50897468262359
2018-05-30 14:00:00,7.0749724811126
2018-05-30 15:00:00,6.69764061545326
2018-05-30 16:00:00,7.0749724811126
2018-05-30 17:00:00,6.88630654828293
2018-05-30 18:00:00,6.69764061545326
2018-05-30 19:00:00,6.98063951469777
2018-05-30 20:00:00,7.16930544752744
2018-05-30 21:00:00,7.54663731318678
2018-05-30 22:00:00,7.26363841394227
2018-05-30 23:00:00,7.16930544752744
2018-05-31 00:00:00,6.69764061545326
2018-05-31 01:00:00,6.13164281696426
2018-05-31 02:00:00,6.69764061545326
2018-05-31 03:00:00,7.26363841394227
2018-05-31 04:00:00,7.26363841394227
2018-05-31 05:00:00,6.50897468262359
2018-05-31 06:00:00,6.50897468262359
2018-05-31 07:00:00,6.60330764903843
2018-05-31 08:00:00,6.32030874979393
2018-05-31 09:00:00,6.22597578337909
2018-05-31 10:00:00,5.94297688413459
2018-05-31 11:00:00,5.94297688413459
2018-05-31 12:00:00,6.13164281696426
2018-05-31 13:00:00,6.41464171620876
2018-05-31 14:00:00,6.03730985054942
2018-05-31 15:00:00,6.13164281696426
2018-05-31 16:00:00,6.32030874979393
2018-05-31 17:00:00,6.7919735818681
2018-05-31 18:00:00,6.69764061545326
2018-05-31 19:00:00,6.50897468262359
2018-05-31 20:00:00,6.88630654828293
2018-05-31 21:00:00,7.16930544752744
2018-05-31 22:00:00,6.7919735818681
2018-05-31 23:00:00,6.7919735818681
2018-06-01 00:00:00,6.41464171620876
2018-06-01 01:00:00,6.32030874979393
2018-06-01 02:00:00,6.7919735818681
2018-06-01 03:00:00,7.0749724811126
2018-06-01 04:00:00,6.32030874979393
2018-06-01 05:00:00,6.41464171620876
2018-06-01 06:00:00,6.50897468262359
2018-06-01 07:00:00,6.03730985054942
2018-06-01 08:00:00,6.22597578337909
2018-06-01 09:00:00,5.75431095130492
2018-06-01 10:00:00,6.03730985054942
2018-06-01 11:00:00,5.65997798489008
2018-06-01 12:00:00,5.94297688413459
2018-06-01 13:00:00,5.65997798489008
2018-06-01 14:00:00,5.84864391771975
2018-06-01 15:00:00,5.65997798489008
2018-06-01 16:00:00,5.75431095130492
2018-06-01 17:00:00,5.84864391771975
2018-06-01 18:00:00,6.22597578337909
2018-06-01 19:00:00,6.13164281696426
2018-06-01 20:00:00,7.0749724811126
2018-06-01 21:00:00,6.88630654828293
2018-06-01 22:00:00,6.7919735818681
2018-06-01 23:00:00,6.88630654828293
2018-06-02 00:00:00,6.7919735818681
2018-06-02 01:00:00,6.03730985054942
2018-06-02 02:00:00,6.22597578337909
2018-06-02 03:00:00,5.94297688413459
2018-06-02 04:00:00,6.03730985054942
2018-06-02 05:00:00,5.94297688413459
2018-06-02 06:00:00,5.94297688413459
2018-06-02 07:00:00,6.32030874979393
2018-06-02 08:00:00,6.22597578337909
2018-06-02 09:00:00,5.56564501847525
2018-06-02 10:00:00,5.75431095130492
2018-06-02 11:00:00,5.65997798489008
2018-06-02 12:00:00,5.56564501847525
2018-06-02 13:00:00,5.65997798489008
2018-06-02 14:00:00,5.47131205206041
2018-06-02 15:00:00,5.65997798489008
2018-06-02 16:00:00,5.56564501847525
2018-06-02 17:00:00,5.28264611923074
2018-06-02 18:00:00,6.03730985054942
2018-06-02 19:00:00,5.84864391771975
2018-06-02 20:00:00,6.03730985054942
2018-06-02 21:00:00,6.69764061545326
2018-06-02 22:00:00,6.98063951469777
2018-06-02 23:00:00,5.75431095130492
2018-06-03 00:00:00,5.94297688413459
2018-06-03 01:00:00,5.56564501847525
2018-06-03 02:00:00,6.32030874979393
2018-06-03 03:00:00,6.22597578337909
2018-06-03 04:00:00,6.32030874979393
2018-06-03 05:00:00,6.32030874979393
2018-06-03 06:00:00,6.88630654828293
2018-06-03 07:00:00,5.94297688413459
2018-06-03 08:00:00,6.13164281696426
2018-06-03 09:00:00,6.69764061545326
2018-06-03 10:00:00,5.84864391771975
2018-06-03 11:00:00,5.84864391771975
2018-06-03 12:00:00,5.84864391771975
2018-06-03 13:00:00,5.65997798489008
2018-06-03 14:00:00,5.94297688413459
2018-06-03 15:00:00,6.03730985054942
2018-06-03 16:00:00,5.94297688413459
2018-06-03 17:00:00,5.94297688413459
2018-06-03 18:00:00,5.75431095130492
2018-06-03 19:00:00,5.84864391771975
2018-06-03 20:00:00,6.13164281696426
2018-06-03 21:00:00,6.69764061545326
2018-06-03 22:00:00,6.32030874979393
2018-06-03 23:00:00,6.60330764903843
2018-06-04 00:00:00,6.60330764903843
2018-06-04 00:00:00,6.60330764903843
2018-06-04 01:00:00,6.2557651411943
2018-06-04 02:00:00,6.48746014642372
2018-06-04 03:00:00,6.2557651411943
2018-06-04 04:00:00,6.71915515165314
2018-06-04 05:00:00,7.64593517257081
2018-06-04 06:00:00,6.60330764903843
2018-06-04 07:00:00,6.37161264380901
2018-06-04 08:00:00,5.67652762812076
2018-06-04 09:00:00,5.67652762812076
2018-06-04 10:00:00,5.67652762812076
2018-06-04 11:00:00,5.79237513073546
2018-06-04 12:00:00,5.79237513073546
2018-06-04 13:00:00,5.90822263335017
2018-06-04 14:00:00,6.37161264380901
2018-06-04 15:00:00,6.48746014642372
2018-06-04 16:00:00,6.2557651411943
2018-06-04 17:00:00,6.37161264380901
2018-06-04 18:00:00,6.60330764903843
2018-06-04 19:00:00,6.37161264380901
2018-06-04 20:00:00,6.71915515165314
2018-06-04 21:00:00,7.18254516211198
2018-06-04 22:00:00,7.06669765949727
2018-06-04 23:00:00,6.95085015688256
2018-06-05 00:00:00,6.83500265426785
2018-06-05 01:00:00,6.37161264380901
2018-06-05 02:00:00,6.13991763857959
2018-06-05 03:00:00,6.95085015688256
2018-06-05 04:00:00,6.95085015688256
2018-06-05 05:00:00,6.71915515165314
2018-06-05 06:00:00,6.2557651411943
2018-06-05 07:00:00,6.02407013596488
2018-06-05 08:00:00,6.37161264380901
2018-06-05 09:00:00,6.02407013596488
2018-06-05 10:00:00,6.13991763857959
2018-06-05 11:00:00,6.13991763857959
2018-06-05 12:00:00,6.2557651411943
2018-06-05 13:00:00,5.90822263335017
2018-06-05 14:00:00,6.37161264380901
2018-06-05 15:00:00,6.37161264380901
2018-06-05 16:00:00,6.48746014642372
2018-06-05 17:00:00,6.48746014642372
2018-06-05 18:00:00,6.37161264380901
2018-06-05 19:00:00,6.60330764903843
2018-06-05 20:00:00,6.71915515165314
2018-06-05 21:00:00,6.95085015688256
2018-06-05 22:00:00,6.48746014642372
2018-06-05 23:00:00,6.2557651411943
2018-06-06 00:00:00,6.60330764903843
2018-06-06 01:00:00,6.13991763857959
2018-06-06 02:00:00,6.13991763857959
2018-06-06 03:00:00,6.60330764903843
2018-06-06 04:00:00,6.2557651411943
2018-06-06 05:00:00,6.37161264380901
2018-06-06 06:00:00,5.90822263335017
2018-06-06 07:00:00,6.13991763857959
2018-06-06 08:00:00,5.67652762812076
2018-06-06 09:00:00,5.32898512027663
2018-06-06 10:00:00,6.2557651411943
2018-06-06 11:00:00,6.13991763857959
2018-06-06 12:00:00,6.2557651411943
2018-06-06 13:00:00,6.13991763857959
2018-06-06 14:00:00,6.02407013596488
2018-06-06 15:00:00,6.13991763857959
2018-06-06 16:00:00,6.13991763857959
2018-06-06 17:00:00,6.2557651411943
2018-06-06 18:00:00,6.83500265426785
2018-06-06 19:00:00,6.48746014642372
2018-06-06 20:00:00,6.71915515165314
2018-06-06 21:00:00,6.83500265426785
2018-06-06 22:00:00,6.83500265426785
2018-06-06 23:00:00,6.83500265426785
2018-06-07 00:00:00,6.2557651411943
2018-06-07 01:00:00,6.95085015688256
2018-06-07 02:00:00,6.48746014642372
2018-06-07 03:00:00,6.71915515165314
2018-06-07 04:00:00,6.37161264380901
2018-06-07 05:00:00,6.71915515165314
2018-06-07 06:00:00,5.90822263335017
2018-06-07 07:00:00,5.67652762812076
2018-06-07 08:00:00,6.2557651411943
2018-06-07 09:00:00,5.32898512027663
2018-06-07 10:00:00,5.79237513073546
2018-06-07 11:00:00,5.79237513073546
2018-06-07 12:00:00,5.79237513073546
2018-06-07 13:00:00,5.44483262289134
2018-06-07 14:00:00,5.67652762812076
2018-06-07 15:00:00,6.37161264380901
2018-06-07 16:00:00,5.79237513073546
2018-06-07 17:00:00,5.90822263335017
2018-06-07 18:00:00,6.13991763857959
2018-06-07 19:00:00,6.48746014642372
2018-06-07 20:00:00,6.95085015688256
2018-06-07 21:00:00,6.71915515165314
2018-06-07 22:00:00,6.95085015688256
2018-06-07 23:00:00,7.76178267518552
2018-06-08 00:00:00,6.2557651411943
2018-06-08 01:00:00,6.2557651411943
2018-06-08 02:00:00,6.71915515165314
2018-06-08 03:00:00,6.95085015688256
2018-06-08 04:00:00,6.37161264380901
2018-06-08 05:00:00,6.2557651411943
2018-06-08 06:00:00,6.02407013596488
2018-06-08 07:00:00,5.79237513073546
2018-06-08 08:00:00,5.21313761766192
2018-06-08 09:00:00,5.90822263335017
2018-06-08 10:00:00,5.56068012550605
2018-06-08 11:00:00,5.79237513073546
2018-06-08 12:00:00,5.67652762812076
2018-06-08 13:00:00,5.32898512027663
2018-06-08 14:00:00,5.90822263335017
2018-06-08 15:00:00,6.13991763857959
2018-06-08 16:00:00,5.90822263335017
2018-06-08 17:00:00,6.02407013596488
2018-06-08 18:00:00,5.90822263335017
2018-06-08 19:00:00,6.37161264380901
2018-06-08 20:00:00,5.90822263335017
2018-06-08 21:00:00,6.02407013596488
2018-06-08 22:00:00,6.48746014642372
2018-06-08 23:00:00,5.79237513073546
2018-06-09 00:00:00,5.90822263335017
2018-06-09 01:00:00,5.32898512027663
2018-06-09 02:00:00,6.95085015688256
2018-06-09 03:00:00,5.79237513073546
2018-06-09 04:00:00,5.56068012550605
2018-06-09 05:00:00,6.02407013596488
2018-06-09 06:00:00,4.9814426124325
2018-06-09 07:00:00,4.63390010458837
2018-06-09 08:00:00,5.44483262289134
2018-06-09 09:00:00,5.09729011504721
2018-06-09 10:00:00,5.44483262289134
2018-06-09 11:00:00,4.63390010458837
2018-06-09 12:00:00,5.44483262289134
2018-06-09 13:00:00,5.09729011504721
2018-06-09 14:00:00,5.44483262289134
2018-06-09 15:00:00,5.21313761766192
2018-06-09 16:00:00,5.32898512027663
2018-06-09 17:00:00,4.74974760720308
2018-06-09 18:00:00,5.21313761766192
2018-06-09 19:00:00,5.32898512027663
2018-06-09 20:00:00,5.44483262289134
2018-06-09 21:00:00,6.02407013596488
2018-06-09 22:00:00,6.13991763857959
2018-06-09 23:00:00,5.79237513073546
2018-06-10 00:00:00,7.06669765949727
2018-06-10 01:00:00,7.29839266472668
2018-06-10 02:00:00,6.2557651411943
2018-06-10 03:00:00,6.48746014642372
2018-06-10 04:00:00,6.71915515165314
2018-06-10 05:00:00,6.37161264380901
2018-06-10 06:00:00,6.71915515165314
2018-06-10 07:00:00,6.02407013596488
2018-06-10 08:00:00,7.06669765949727
2018-06-10 09:00:00,6.02407013596488
2018-06-10 10:00:00,5.67652762812076
2018-06-10 11:00:00,5.79237513073546
2018-06-10 12:00:00,5.67652762812076
2018-06-10 13:00:00,6.02407013596488
2018-06-10 14:00:00,5.90822263335017
2018-06-10 15:00:00,5.90822263335017
2018-06-10 16:00:00,6.02407013596488
2018-06-10 17:00:00,8.6885626961032
2018-06-10 18:00:00,11.5847502614709
2018-06-10 19:00:00,10.1945802300944
2018-06-10 20:00:00,10.6579702405533
2018-06-10 21:00:00,11.5847502614709
2018-06-10 22:00:00,11.3530552562415
2018-06-10 23:00:00,10.3104277327091
2018-06-11 00:00:00,9.49949521440616
2018-06-11 00:00:00,9.49949521440616
2018-06-11 01:00:00,9.14766205831705
2018-06-11 02:00:00,8.9131066209243
2018-06-11 03:00:00,9.61677293310253
2018-06-11 04:00:00,9.96860608919165
2018-06-11 05:00:00,9.61677293310253
2018-06-11 06:00:00,9.61677293310253
2018-06-11 07:00:00,9.38221749570979
2018-06-11 08:00:00,8.9131066209243
2018-06-11 09:00:00,9.03038433962067
2018-06-11 10:00:00,10.2031615265844
2018-06-11 11:00:00,10.2031615265844
2018-06-11 12:00:00,10.6722724013699
2018-06-11 13:00:00,11.024105557459
2018-06-11 14:00:00,10.9068278387626
2018-06-11 15:00:00,11.024105557459
2018-06-11 16:00:00,10.7895501200663
2018-06-11 17:00:00,9.61677293310253
2018-06-11 18:00:00,9.61677293310253
2018-06-11 19:00:00,9.49949521440616
2018-06-11 20:00:00,10.7895501200663
2018-06-11 21:00:00,11.024105557459
2018-06-11 22:00:00,9.96860608919165
2018-06-11 23:00:00,9.03038433962067
2018-06-12 00:00:00,8.9131066209243
2018-06-12 01:00:00,9.03038433962067
2018-06-12 02:00:00,8.9131066209243
2018-06-12 03:00:00,8.56127346483518
2018-06-12 04:00:00,8.67855118353156
2018-06-12 05:00:00,8.32671802744244
2018-06-12 06:00:00,7.85760715265695
2018-06-12 07:00:00,7.15394084047871
2018-06-12 08:00:00,7.03666312178234
2018-06-12 09:00:00,6.8021076843896
2018-06-12 10:00:00,6.56755224699685
2018-06-12 11:00:00,6.68482996569322
2018-06-12 12:00:00,7.6230517152642
2018-06-12 13:00:00,7.74032943396058
2018-06-12 14:00:00,7.50577399656783
2018-06-12 15:00:00,7.03666312178234
2018-06-12 16:00:00,7.27121855917509
2018-06-12 17:00:00,7.50577399656783
2018-06-12 18:00:00,7.74032943396058
2018-06-12 19:00:00,9.61677293310253
2018-06-12 20:00:00,10.085883807888
2018-06-12 21:00:00,10.085883807888
2018-06-12 22:00:00,9.03038433962067
2018-06-12 23:00:00,8.79582890222793
2018-06-13 00:00:00,7.97488487135332
2018-06-13 01:00:00,7.50577399656783
2018-06-13 02:00:00,8.44399574613881
2018-06-13 03:00:00,8.44399574613881
2018-06-13 04:00:00,8.44399574613881
2018-06-13 05:00:00,8.44399574613881
2018-06-13 06:00:00,8.09216259004969
2018-06-13 07:00:00,8.32671802744244
2018-06-13 08:00:00,7.6230517152642
2018-06-13 09:00:00,7.50577399656783
2018-06-13 10:00:00,8.44399574613881
2018-06-13 11:00:00,8.56127346483518
2018-06-13 12:00:00,8.09216259004969
2018-06-13 13:00:00,9.14766205831705
2018-06-13 14:00:00,8.56127346483518
2018-06-13 15:00:00,9.26493977701342
2018-06-13 16:00:00,11.2586609948517
2018-06-13 17:00:00,11.7277718696372
2018-06-13 18:00:00,9.61677293310253
2018-06-13 19:00:00,10.3204392452808
2018-06-13 20:00:00,10.6722724013699
2018-06-13 21:00:00,10.2031615265844
2018-06-13 22:00:00,9.49949521440616
2018-06-13 23:00:00,9.73405065179891
2018-06-14 00:00:00,8.79582890222793
2018-06-14 01:00:00,9.03038433962067
2018-06-14 02:00:00,8.9131066209243
2018-06-14 03:00:00,9.85132837049528
2018-06-14 04:00:00,8.79582890222793
2018-06-14 05:00:00,9.14766205831705
2018-06-14 06:00:00,7.27121855917509
2018-06-14 07:00:00,7.15394084047871
2018-06-14 08:00:00,7.15394084047871
2018-06-14 09:00:00,7.15394084047871
2018-06-14 10:00:00,7.27121855917509
2018-06-14 11:00:00,7.38849627787146
2018-06-14 12:00:00,7.38849627787146
2018-06-14 13:00:00,7.85760715265695
2018-06-14 14:00:00,7.74032943396058
2018-06-14 15:00:00,6.91938540308597
2018-06-14 16:00:00,7.50577399656783
2018-06-14 17:00:00,7.97488487135332
2018-06-14 18:00:00,8.67855118353156
2018-06-14 19:00:00,8.67855118353156
2018-06-14 20:00:00,9.38221749570979
2018-06-14 21:00:00,8.67855118353156
2018-06-14 22:00:00,9.38221749570979
2018-06-14 23:00:00,8.9131066209243
2018-06-15 00:00:00,9.03038433962067
2018-06-15 01:00:00,7.85760715265695
2018-06-15 02:00:00,7.97488487135332
2018-06-15 03:00:00,8.20944030874606
2018-06-15 04:00:00,7.97488487135332
2018-06-15 05:00:00,7.27121855917509
2018-06-15 06:00:00,6.91938540308597
2018-06-15 07:00:00,6.45027452830048
2018-06-15 08:00:00,6.91938540308597
2018-06-15 09:00:00,6.91938540308597
2018-06-15 10:00:00,6.68482996569322
2018-06-15 11:00:00,6.45027452830048
2018-06-15 12:00:00,6.68482996569322
2018-06-15 13:00:00,6.21571909090774
2018-06-15 14:00:00,6.21571909090774
2018-06-15 15:00:00,6.45027452830048
2018-06-15 16:00:00,6.45027452830048
2018-06-15 17:00:00,5.74660821612225
2018-06-15 18:00:00,6.09844137221136
2018-06-15 19:00:00,5.98116365351499
2018-06-15 20:00:00,6.45027452830048
2018-06-15 21:00:00,6.8021076843896
2018-06-15 22:00:00,7.74032943396058
2018-06-15 23:00:00,7.50577399656783
2018-06-16 00:00:00,7.15394084047871
2018-06-16 01:00:00,6.68482996569322
2018-06-16 02:00:00,6.56755224699685
2018-06-16 03:00:00,6.68482996569322
2018-06-16 04:00:00,6.8021076843896
2018-06-16 05:00:00,6.33299680960411
2018-06-16 06:00:00,7.03666312178234
2018-06-16 07:00:00,6.45027452830048
2018-06-16 08:00:00,5.5120527787295
2018-06-16 09:00:00,5.39477506003313
2018-06-16 10:00:00,5.27749734133676
2018-06-16 11:00:00,5.5120527787295
2018-06-16 12:00:00,5.39477506003313
2018-06-16 13:00:00,5.98116365351499
2018-06-16 14:00:00,4.92566418524764
2018-06-16 15:00:00,6.09844137221136
2018-06-16 16:00:00,6.09844137221136
2018-06-16 17:00:00,5.39477506003313
2018-06-16 18:00:00,6.09844137221136
2018-06-16 19:00:00,6.09844137221136
2018-06-16 20:00:00,5.86388593481862
2018-06-16 21:00:00,6.45027452830048
2018-06-16 22:00:00,6.56755224699685
2018-06-16 23:00:00,6.8021076843896
2018-06-17 00:00:00,6.33299680960411
2018-06-17 01:00:00,5.74660821612225
2018-06-17 02:00:00,6.21571909090774
2018-06-17 03:00:00,6.33299680960411
2018-06-17 04:00:00,6.68482996569322
2018-06-17 05:00:00,5.74660821612225
2018-06-17 06:00:00,5.86388593481862
2018-06-17 07:00:00,5.74660821612225
2018-06-17 08:00:00,6.09844137221136
2018-06-17 09:00:00,5.62933049742587
2018-06-17 10:00:00,5.62933049742587
2018-06-17 11:00:00,5.62933049742587
2018-06-17 12:00:00,5.16021962264038
2018-06-17 13:00:00,5.27749734133676
2018-06-17 14:00:00,5.04294190394401
2018-06-17 15:00:00,5.5120527787295
2018-06-17 16:00:00,5.04294190394401
2018-06-17 17:00:00,5.74660821612225
2018-06-17 18:00:00,5.39477506003313
2018-06-17 19:00:00,5.62933049742587
2018-06-17 20:00:00,6.45027452830048
2018-06-17 21:00:00,6.56755224699685
2018-06-17 22:00:00,6.56755224699685
2018-06-17 23:00:00,6.56755224699685
2018-06-18 00:00:00,6.68482996569322
2018-06-18 00:00:00,6.68482996569322
2018-06-18 01:00:00,6.93708770024769
2018-06-18 02:00:00,7.8199897711883
2018-06-18 03:00:00,7.56773203663384
2018-06-18 04:00:00,7.44160316935661
2018-06-18 05:00:00,6.55870109841599
2018-06-18 06:00:00,6.68482996569322
2018-06-18 07:00:00,6.1803144965843
2018-06-18 08:00:00,6.30644336386153
2018-06-18 09:00:00,6.55870109841599
2018-06-18 10:00:00,6.05418562930707
2018-06-18 11:00:00,6.30644336386153
2018-06-18 12:00:00,6.1803144965843
2018-06-18 13:00:00,6.68482996569322
2018-06-18 14:00:00,7.06321656752492
2018-06-18 15:00:00,6.05418562930707
2018-06-18 16:00:00,6.81095883297046
2018-06-18 17:00:00,7.31547430207938
2018-06-18 18:00:00,6.68482996569322
2018-06-18 19:00:00,6.68482996569322
2018-06-18 20:00:00,7.56773203663384
2018-06-18 21:00:00,7.69386090391107
2018-06-18 22:00:00,7.8199897711883
2018-06-18 23:00:00,7.31547430207938
2018-06-19 00:00:00,8.32450524029722
2018-06-19 01:00:00,7.31547430207938
2018-06-19 02:00:00,7.69386090391107
2018-06-19 03:00:00,7.56773203663384
2018-06-19 04:00:00,7.44160316935661
2018-06-19 05:00:00,6.81095883297046
2018-06-19 06:00:00,6.30644336386153
2018-06-19 07:00:00,5.80192789475261
2018-06-19 08:00:00,6.05418562930707
2018-06-19 09:00:00,6.43257223113876
2018-06-19 10:00:00,6.43257223113876
2018-06-19 11:00:00,6.55870109841599
2018-06-19 12:00:00,5.92805676202984
2018-06-19 13:00:00,6.81095883297046
2018-06-19 14:00:00,6.43257223113876
2018-06-19 15:00:00,6.43257223113876
2018-06-19 16:00:00,6.1803144965843
2018-06-19 17:00:00,6.43257223113876
2018-06-19 18:00:00,6.55870109841599
2018-06-19 19:00:00,6.55870109841599
2018-06-19 20:00:00,7.44160316935661
2018-06-19 21:00:00,7.06321656752492
2018-06-19 22:00:00,7.06321656752492
2018-06-19 23:00:00,7.06321656752492
2018-06-20 00:00:00,6.43257223113876
2018-06-20 01:00:00,7.31547430207938
2018-06-20 02:00:00,7.56773203663384
2018-06-20 03:00:00,7.56773203663384
2018-06-20 04:00:00,7.94611863846553
2018-06-20 05:00:00,7.94611863846553
2018-06-20 06:00:00,7.31547430207938
2018-06-20 07:00:00,6.30644336386153
2018-06-20 08:00:00,6.81095883297046
2018-06-20 09:00:00,6.55870109841599
2018-06-20 10:00:00,6.55870109841599
2018-06-20 11:00:00,6.43257223113876
2018-06-20 12:00:00,5.42354129292092
2018-06-20 13:00:00,6.05418562930707
2018-06-20 14:00:00,6.55870109841599
2018-06-20 15:00:00,6.43257223113876
2018-06-20 16:00:00,6.05418562930707
2018-06-20 17:00:00,6.05418562930707
2018-06-20 18:00:00,6.30644336386153
2018-06-20 19:00:00,6.1803144965843
2018-06-20 20:00:00,7.06321656752492
2018-06-20 21:00:00,6.93708770024769
2018-06-20 22:00:00,7.18934543480215
2018-06-20 23:00:00,6.43257223113876
2018-06-21 00:00:00,6.68482996569322
2018-06-21 01:00:00,6.81095883297046
2018-06-21 02:00:00,6.81095883297046
2018-06-21 03:00:00,6.55870109841599
2018-06-21 04:00:00,7.06321656752492
2018-06-21 05:00:00,7.69386090391107
2018-06-21 06:00:00,7.18934543480215
2018-06-21 07:00:00,6.05418562930707
2018-06-21 08:00:00,5.67579902747538
2018-06-21 09:00:00,6.55870109841599
2018-06-21 10:00:00,6.1803144965843
2018-06-21 11:00:00,6.05418562930707
2018-06-21 12:00:00,5.92805676202984
2018-06-21 13:00:00,5.92805676202984
2018-06-21 14:00:00,5.92805676202984
2018-06-21 15:00:00,6.05418562930707
2018-06-21 16:00:00,5.67579902747538
2018-06-21 17:00:00,6.30644336386153
2018-06-21 18:00:00,5.92805676202984
2018-06-21 19:00:00,5.29741242564369
2018-06-21 20:00:00,5.67579902747538
2018-06-21 21:00:00,6.43257223113876
2018-06-21 22:00:00,6.55870109841599
2018-06-21 23:00:00,6.30644336386153
2018-06-22 00:00:00,5.67579902747538
2018-06-22 01:00:00,6.1803144965843
2018-06-22 02:00:00,5.92805676202984
2018-06-22 03:00:00,6.81095883297046
2018-06-22 04:00:00,6.30644336386153
2018-06-22 05:00:00,6.30644336386153
2018-06-22 06:00:00,5.92805676202984
2018-06-22 07:00:00,6.55870109841599
2018-06-22 08:00:00,6.55870109841599
2018-06-22 09:00:00,5.92805676202984
2018-06-22 10:00:00,7.31547430207938
2018-06-22 11:00:00,6.93708770024769
2018-06-22 12:00:00,6.81095883297046
2018-06-22 13:00:00,8.57676297485168
2018-06-22 14:00:00,8.57676297485168
2018-06-22 15:00:00,8.32450524029722
2018-06-22 16:00:00,8.07224750574276
2018-06-22 17:00:00,6.93708770024769
2018-06-22 18:00:00,7.69386090391107
2018-06-22 19:00:00,7.31547430207938
2018-06-22 20:00:00,9.4596650457923
2018-06-22 21:00:00,12.6128867277231
2018-06-22 22:00:00,10.7209537185646
2018-06-22 23:00:00,9.33353617851507
2018-06-23 00:00:00,9.33353617851507
2018-06-23 01:00:00,8.32450524029722
2018-06-23 02:00:00,8.70289184212892
2018-06-23 03:00:00,7.8199897711883
2018-06-23 04:00:00,8.07224750574276
2018-06-23 05:00:00,7.56773203663384
2018-06-23 06:00:00,8.32450524029722
2018-06-23 07:00:00,7.06321656752492
2018-06-23 08:00:00,6.68482996569322
2018-06-23 09:00:00,6.43257223113876
2018-06-23 10:00:00,6.43257223113876
2018-06-23 11:00:00,6.43257223113876
2018-06-23 12:00:00,6.30644336386153
2018-06-23 13:00:00,6.30644336386153
2018-06-23 14:00:00,5.80192789475261
2018-06-23 15:00:00,5.92805676202984
2018-06-23 16:00:00,5.80192789475261
2018-06-23 17:00:00,6.43257223113876
2018-06-23 18:00:00,5.80192789475261
2018-06-23 19:00:00,5.92805676202984
2018-06-23 20:00:00,5.92805676202984
2018-06-23 21:00:00,7.06321656752492
2018-06-23 22:00:00,6.68482996569322
2018-06-23 23:00:00,7.06321656752492
2018-06-24 00:00:00,6.68482996569322
2018-06-24 01:00:00,6.30644336386153
2018-06-24 02:00:00,7.18934543480215
2018-06-24 03:00:00,6.81095883297046
2018-06-24 04:00:00,7.69386090391107
2018-06-24 05:00:00,9.4596650457923
2018-06-24 06:00:00,10.3425671167329
2018-06-24 07:00:00,9.33353617851507
2018-06-24 08:00:00,8.45063410757445
2018-06-24 09:00:00,8.57676297485168
2018-06-24 10:00:00,7.69386090391107
2018-06-24 11:00:00,7.31547430207938
2018-06-24 12:00:00,7.94611863846553
2018-06-24 13:00:00,7.31547430207938
2018-06-24 14:00:00,7.18934543480215
2018-06-24 15:00:00,7.8199897711883
2018-06-24 16:00:00,7.56773203663384
2018-06-24 17:00:00,6.81095883297046
2018-06-24 18:00:00,7.06321656752492
2018-06-24 19:00:00,6.68482996569322
2018-06-24 20:00:00,7.18934543480215
2018-06-24 21:00:00,7.69386090391107
2018-06-24 22:00:00,7.69386090391107
2018-06-24 23:00:00,7.56773203663384
2018-06-25 00:00:00,7.69386090391107
2018-06-25 00:00:00,7.69386090391107
2018-06-25 01:00:00,7.98603283697098
2018-06-25 02:00:00,7.79125154826437
2018-06-25 03:00:00,8.2782047700309
2018-06-25 04:00:00,7.69386090391107
2018-06-25 05:00:00,7.40168897085116
2018-06-25 06:00:00,7.49907961520446
2018-06-25 07:00:00,6.52517317167141
2018-06-25 08:00:00,5.94082930555159
2018-06-25 09:00:00,6.81734510473133
2018-06-25 10:00:00,6.71995446037802
2018-06-25 11:00:00,6.33039188296481
2018-06-25 12:00:00,6.91473574908463
2018-06-25 13:00:00,7.49907961520446
2018-06-25 14:00:00,6.91473574908463
2018-06-25 15:00:00,6.91473574908463
2018-06-25 16:00:00,7.30429832649785
2018-06-25 17:00:00,6.62256381602472
2018-06-25 18:00:00,6.42778252731811
2018-06-25 19:00:00,6.42778252731811
2018-06-25 20:00:00,6.81734510473133
2018-06-25 21:00:00,7.79125154826437
2018-06-25 22:00:00,7.69386090391107
2018-06-25 23:00:00,7.30429832649785
2018-06-26 00:00:00,7.01212639343794
2018-06-26 01:00:00,7.01212639343794
2018-06-26 02:00:00,6.71995446037802
2018-06-26 03:00:00,7.69386090391107
2018-06-26 04:00:00,6.91473574908463
2018-06-26 05:00:00,6.71995446037802
2018-06-26 06:00:00,6.71995446037802
2018-06-26 07:00:00,6.33039188296481
2018-06-26 08:00:00,6.42778252731811
2018-06-26 09:00:00,6.42778252731811
2018-06-26 10:00:00,6.91473574908463
2018-06-26 11:00:00,6.2330012386115
2018-06-26 12:00:00,6.71995446037802
2018-06-26 13:00:00,6.03821994990489
2018-06-26 14:00:00,5.84343866119828
2018-06-26 15:00:00,6.13561059425819
2018-06-26 16:00:00,6.2330012386115
2018-06-26 17:00:00,6.33039188296481
2018-06-26 18:00:00,5.84343866119828
2018-06-26 19:00:00,5.84343866119828
2018-06-26 20:00:00,6.81734510473133
2018-06-26 21:00:00,7.20690768214455
2018-06-26 22:00:00,7.30429832649785
2018-06-26 23:00:00,6.71995446037802
2018-06-27 00:00:00,7.88864219261768
2018-06-27 01:00:00,7.40168897085116
2018-06-27 02:00:00,7.98603283697098
2018-06-27 03:00:00,7.98603283697098
2018-06-27 04:00:00,7.10951703779124
2018-06-27 05:00:00,7.20690768214455
2018-06-27 06:00:00,6.13561059425819
2018-06-27 07:00:00,6.2330012386115
2018-06-27 08:00:00,6.2330012386115
2018-06-27 09:00:00,5.55126672813837
2018-06-27 10:00:00,6.13561059425819
2018-06-27 11:00:00,6.42778252731811
2018-06-27 12:00:00,6.13561059425819
2018-06-27 13:00:00,6.42778252731811
2018-06-27 14:00:00,6.03821994990489
2018-06-27 15:00:00,5.35648543943176
2018-06-27 16:00:00,5.55126672813837
2018-06-27 17:00:00,5.84343866119828
2018-06-27 18:00:00,5.16170415072515
2018-06-27 19:00:00,6.2330012386115
2018-06-27 20:00:00,6.52517317167141
2018-06-27 21:00:00,7.40168897085116
2018-06-27 22:00:00,7.49907961520446
2018-06-27 23:00:00,6.2330012386115
2018-06-28 00:00:00,7.01212639343794
2018-06-28 01:00:00,7.20690768214455
2018-06-28 02:00:00,7.40168897085116
2018-06-28 03:00:00,7.69386090391107
2018-06-28 04:00:00,6.91473574908463
2018-06-28 05:00:00,5.74604801684498
2018-06-28 06:00:00,6.52517317167141
2018-06-28 07:00:00,5.64865737249167
2018-06-28 08:00:00,5.55126672813837
2018-06-28 09:00:00,5.55126672813837
2018-06-28 10:00:00,5.64865737249167
2018-06-28 11:00:00,6.42778252731811
2018-06-28 12:00:00,6.2330012386115
2018-06-28 13:00:00,6.13561059425819
2018-06-28 14:00:00,5.35648543943176
2018-06-28 15:00:00,5.35648543943176
2018-06-28 16:00:00,5.55126672813837
2018-06-28 17:00:00,6.13561059425819
2018-06-28 18:00:00,5.84343866119828
2018-06-28 19:00:00,5.64865737249167
2018-06-28 20:00:00,6.71995446037802
2018-06-28 21:00:00,7.98603283697098
2018-06-28 22:00:00,8.95993928050403
2018-06-28 23:00:00,9.54428314662386
2018-06-29 00:00:00,8.66776734744412
2018-06-29 01:00:00,8.08342348132429
2018-06-29 02:00:00,8.47298605873751
2018-06-29 03:00:00,8.2782047700309
2018-06-29 04:00:00,8.66776734744412
2018-06-29 05:00:00,8.66776734744412
2018-06-29 06:00:00,7.30429832649785
2018-06-29 07:00:00,7.20690768214455
2018-06-29 08:00:00,5.84343866119828
2018-06-29 09:00:00,6.2330012386115
2018-06-29 10:00:00,7.40168897085116
2018-06-29 11:00:00,7.30429832649785
2018-06-29 12:00:00,7.49907961520446
2018-06-29 13:00:00,8.2782047700309
2018-06-29 14:00:00,8.2782047700309
2018-06-29 15:00:00,8.18081412567759
2018-06-29 16:00:00,8.57037670309081
2018-06-29 17:00:00,7.88864219261768
2018-06-29 18:00:00,7.59647025955777
2018-06-29 19:00:00,7.98603283697098
2018-06-29 20:00:00,8.47298605873751
2018-06-29 21:00:00,9.34950185791725
2018-06-29 22:00:00,9.25211121356394
2018-06-29 23:00:00,9.54428314662386
2018-06-30 00:00:00,9.25211121356394
2018-06-30 01:00:00,9.73906443533047
2018-06-30 02:00:00,9.54428314662386
2018-06-30 03:00:00,8.66776734744412
2018-06-30 04:00:00,9.05732992485734
2018-06-30 05:00:00,7.88864219261768
2018-06-30 06:00:00,8.47298605873751
2018-06-30 07:00:00,8.08342348132429
2018-06-30 08:00:00,7.10951703779124
2018-06-30 09:00:00,7.20690768214455
2018-06-30 10:00:00,6.81734510473133
2018-06-30 11:00:00,6.62256381602472
2018-06-30 12:00:00,7.01212639343794
2018-06-30 13:00:00,6.81734510473133
2018-06-30 14:00:00,5.94082930555159
2018-06-30 15:00:00,5.84343866119828
2018-06-30 16:00:00,5.94082930555159
2018-06-30 17:00:00,6.2330012386115
2018-06-30 18:00:00,6.13561059425819
2018-06-30 19:00:00,6.2330012386115
2018-06-30 20:00:00,6.13561059425819
2018-06-30 21:00:00,6.91473574908463
2018-06-30 22:00:00,7.10951703779124
2018-06-30 23:00:00,7.20690768214455
2018-07-01 00:00:00,7.01212639343794
2018-07-01 01:00:00,6.91473574908463
2018-07-01 02:00:00,7.01212639343794
2018-07-01 03:00:00,7.49907961520446
2018-07-01 04:00:00,6.2330012386115
2018-07-01 05:00:00,6.42778252731811
2018-07-01 06:00:00,6.42778252731811
2018-07-01 07:00:00,6.03821994990489
2018-07-01 08:00:00,6.13561059425819
2018-07-01 09:00:00,5.55126672813837
2018-07-01 10:00:00,5.94082930555159
2018-07-01 11:00:00,5.84343866119828
2018-07-01 12:00:00,6.13561059425819
2018-07-01 13:00:00,5.74604801684498
2018-07-01 14:00:00,5.55126672813837
2018-07-01 15:00:00,5.74604801684498
2018-07-01 16:00:00,5.16170415072515
2018-07-01 17:00:00,5.25909479507845
2018-07-01 18:00:00,5.35648543943176
2018-07-01 19:00:00,6.2330012386115
2018-07-01 20:00:00,5.45387608378506
2018-07-01 21:00:00,6.52517317167141
2018-07-01 22:00:00,6.91473574908463
2018-07-01 23:00:00,7.40168897085116
2018-07-02 00:00:00,6.62256381602472
2018-07-02 00:00:00,6.62256381602472
2018-07-02 01:00:00,6.71583936272929
2018-07-02 02:00:00,7.46204373636588
2018-07-02 03:00:00,6.80911490943386
2018-07-02 04:00:00,6.43601272261557
2018-07-02 05:00:00,6.99566600284301
2018-07-02 06:00:00,6.80911490943386
2018-07-02 07:00:00,6.06291053579728
2018-07-02 08:00:00,5.78308389568356
2018-07-02 09:00:00,5.87635944238813
2018-07-02 10:00:00,6.52928826932014
2018-07-02 11:00:00,6.24946162920642
2018-07-02 12:00:00,6.342737175911
2018-07-02 13:00:00,6.99566600284301
2018-07-02 14:00:00,6.80911490943386
2018-07-02 15:00:00,6.90239045613844
2018-07-02 16:00:00,7.55531928307045
2018-07-02 17:00:00,7.27549264295673
2018-07-02 18:00:00,7.18221709625216
2018-07-02 19:00:00,7.27549264295673
2018-07-02 20:00:00,8.11497256329789
2018-07-02 21:00:00,9.32755467045735
2018-07-02 22:00:00,8.86117693693448
2018-07-02 23:00:00,7.92842146988875
2018-07-03 00:00:00,8.02169701659332
2018-07-03 01:00:00,7.27549264295673
2018-07-03 02:00:00,7.83514592318417
2018-07-03 03:00:00,8.02169701659332
2018-07-03 04:00:00,8.11497256329789
2018-07-03 05:00:00,7.83514592318417
2018-07-03 06:00:00,7.36876818966131
2018-07-03 07:00:00,7.08894154954758
2018-07-03 08:00:00,6.71583936272929
2018-07-03 09:00:00,6.24946162920642
2018-07-03 10:00:00,6.71583936272929
2018-07-03 11:00:00,6.342737175911
2018-07-03 12:00:00,6.62256381602472
2018-07-03 13:00:00,6.342737175911
2018-07-03 14:00:00,6.24946162920642
2018-07-03 15:00:00,6.24946162920642
2018-07-03 16:00:00,6.15618608250185
2018-07-03 17:00:00,6.24946162920642
2018-07-03 18:00:00,5.87635944238813
2018-07-03 19:00:00,5.9696349890927
2018-07-03 20:00:00,6.15618608250185
2018-07-03 21:00:00,6.90239045613844
2018-07-03 22:00:00,6.90239045613844
2018-07-03 23:00:00,6.62256381602472
2018-07-04 00:00:00,6.99566600284301
2018-07-04 01:00:00,6.90239045613844
2018-07-04 02:00:00,7.18221709625216
2018-07-04 03:00:00,6.24946162920642
2018-07-04 04:00:00,6.62256381602472
2018-07-04 05:00:00,7.08894154954758
2018-07-04 06:00:00,6.62256381602472
2018-07-04 07:00:00,6.43601272261557
2018-07-04 08:00:00,5.68980834897898
2018-07-04 09:00:00,5.78308389568356
2018-07-04 10:00:00,5.87635944238813
2018-07-04 11:00:00,5.87635944238813
2018-07-04 12:00:00,5.68980834897898
2018-07-04 13:00:00,6.24946162920642
2018-07-04 14:00:00,6.43601272261557
2018-07-04 15:00:00,6.80911490943386
2018-07-04 16:00:00,6.62256381602472
2018-07-04 17:00:00,6.342737175911
2018-07-04 18:00:00,5.59653280227441
2018-07-04 19:00:00,6.52928826932014
2018-07-04 20:00:00,6.90239045613844
2018-07-04 21:00:00,7.46204373636588
2018-07-04 22:00:00,7.36876818966131
2018-07-04 23:00:00,7.27549264295673
2018-07-05 00:00:00,6.06291053579728
2018-07-05 01:00:00,6.15618608250185
2018-07-05 02:00:00,6.43601272261557
2018-07-05 03:00:00,6.62256381602472
2018-07-05 04:00:00,6.43601272261557
2018-07-05 05:00:00,7.46204373636588
2018-07-05 06:00:00,5.78308389568356
2018-07-05 07:00:00,6.342737175911
2018-07-05 08:00:00,6.15618608250185
2018-07-05 09:00:00,6.06291053579728
2018-07-05 10:00:00,5.9696349890927
2018-07-05 11:00:00,5.87635944238813
2018-07-05 12:00:00,6.15618608250185
2018-07-05 13:00:00,6.06291053579728
2018-07-05 14:00:00,6.24946162920642
2018-07-05 15:00:00,6.43601272261557
2018-07-05 16:00:00,7.08894154954758
2018-07-05 17:00:00,6.99566600284301
2018-07-05 18:00:00,7.18221709625216
2018-07-05 19:00:00,6.99566600284301
2018-07-05 20:00:00,6.71583936272929
2018-07-05 21:00:00,7.7418703764796
2018-07-05 22:00:00,6.99566600284301
2018-07-05 23:00:00,6.62256381602472
2018-07-06 00:00:00,9.1410035770482
2018-07-06 01:00:00,6.80911490943386
2018-07-06 02:00:00,6.90239045613844
2018-07-06 03:00:00,6.99566600284301
2018-07-06 04:00:00,6.90239045613844
2018-07-06 05:00:00,6.43601272261557
2018-07-06 06:00:00,6.24946162920642
2018-07-06 07:00:00,5.87635944238813
2018-07-06 08:00:00,5.78308389568356
2018-07-06 09:00:00,6.06291053579728
2018-07-06 10:00:00,6.24946162920642
2018-07-06 11:00:00,5.68980834897898
2018-07-06 12:00:00,5.50325725556984
2018-07-06 13:00:00,5.40998170886526
2018-07-06 14:00:00,5.50325725556984
2018-07-06 15:00:00,5.50325725556984
2018-07-06 16:00:00,5.50325725556984
2018-07-06 17:00:00,5.78308389568356
2018-07-06 18:00:00,5.50325725556984
2018-07-06 19:00:00,4.75705288193325
2018-07-06 20:00:00,6.15618608250185
2018-07-06 21:00:00,5.9696349890927
2018-07-06 22:00:00,6.15618608250185
2018-07-06 23:00:00,6.24946162920642
2018-07-07 00:00:00,6.342737175911
2018-07-07 01:00:00,5.78308389568356
2018-07-07 02:00:00,6.71583936272929
2018-07-07 03:00:00,6.06291053579728
2018-07-07 04:00:00,5.68980834897898
2018-07-07 05:00:00,5.68980834897898
2018-07-07 06:00:00,5.78308389568356
2018-07-07 07:00:00,5.59653280227441
2018-07-07 08:00:00,5.40998170886526
2018-07-07 09:00:00,5.59653280227441
2018-07-07 10:00:00,4.9436039753424
2018-07-07 11:00:00,5.03687952204697
2018-07-07 12:00:00,5.22343061545612
2018-07-07 13:00:00,5.13015506875154
2018-07-07 14:00:00,4.19739960170581
2018-07-07 15:00:00,4.38395069511495
2018-07-07 16:00:00,4.85032842863782
2018-07-07 17:00:00,4.9436039753424
2018-07-07 18:00:00,4.66377733522867
2018-07-07 19:00:00,5.03687952204697
2018-07-07 20:00:00,4.66377733522867
2018-07-07 21:00:00,5.40998170886526
2018-07-07 22:00:00,5.87635944238813
2018-07-07 23:00:00,6.52928826932014
2018-07-08 00:00:00,6.71583936272929
2018-07-08 01:00:00,5.59653280227441
2018-07-08 02:00:00,5.68980834897898
2018-07-08 03:00:00,5.78308389568356
2018-07-08 04:00:00,5.78308389568356
2018-07-08 05:00:00,6.06291053579728
2018-07-08 06:00:00,5.50325725556984
2018-07-08 07:00:00,5.87635944238813
2018-07-08 08:00:00,5.50325725556984
2018-07-08 09:00:00,5.13015506875154
2018-07-08 10:00:00,5.13015506875154
2018-07-08 11:00:00,5.59653280227441
2018-07-08 12:00:00,6.06291053579728
2018-07-08 13:00:00,5.31670616216069
2018-07-08 14:00:00,5.40998170886526
2018-07-08 15:00:00,5.87635944238813
2018-07-08 16:00:00,5.78308389568356
2018-07-08 17:00:00,6.15618608250185
2018-07-08 18:00:00,5.50325725556984
2018-07-08 19:00:00,5.68980834897898
2018-07-08 20:00:00,6.06291053579728
2018-07-08 21:00:00,6.52928826932014
2018-07-08 22:00:00,6.80911490943386
2018-07-08 23:00:00,6.71583936272929
2018-07-09 00:00:00,6.24946162920642
2018-07-09 00:00:00,6.24946162920642
2018-07-09 01:00:00,6.16500944502796
2018-07-09 02:00:00,6.08055726084949
2018-07-09 03:00:00,5.8272007083141
2018-07-09 04:00:00,6.75617473427721
2018-07-09 05:00:00,6.41836599756335
2018-07-09 06:00:00,5.91165289249256
2018-07-09 07:00:00,5.65829633995717
2018-07-09 08:00:00,5.06713105070791
2018-07-09 09:00:00,5.8272007083141
2018-07-09 10:00:00,5.8272007083141
2018-07-09 11:00:00,5.8272007083141
2018-07-09 12:00:00,5.48939197160024
2018-07-09 13:00:00,5.48939197160024
2018-07-09 14:00:00,5.74274852413563
2018-07-09 15:00:00,5.40493978742177
2018-07-09 16:00:00,5.74274852413563
2018-07-09 17:00:00,5.99610507667103
2018-07-09 18:00:00,6.67172255009875
2018-07-09 19:00:00,6.24946162920642
2018-07-09 20:00:00,6.84062691845568
2018-07-09 21:00:00,7.17843565516954
2018-07-09 22:00:00,7.09398347099108
2018-07-09 23:00:00,7.00953128681261
2018-07-10 00:00:00,6.58727036592028
2018-07-10 01:00:00,6.33391381338489
2018-07-10 02:00:00,6.41836599756335
2018-07-10 03:00:00,6.92507910263414
2018-07-10 04:00:00,6.50281818174182
2018-07-10 05:00:00,6.24946162920642
2018-07-10 06:00:00,6.24946162920642
2018-07-10 07:00:00,5.48939197160024
2018-07-10 08:00:00,5.5738441557787
2018-07-10 09:00:00,5.40493978742177
2018-07-10 10:00:00,6.08055726084949
2018-07-10 11:00:00,6.84062691845568
2018-07-10 12:00:00,5.99610507667103
2018-07-10 13:00:00,5.91165289249256
2018-07-10 14:00:00,6.16500944502796
2018-07-10 15:00:00,6.58727036592028
2018-07-10 16:00:00,6.50281818174182
2018-07-10 17:00:00,6.16500944502796
2018-07-10 18:00:00,5.91165289249256
2018-07-10 19:00:00,5.65829633995717
2018-07-10 20:00:00,6.24946162920642
2018-07-10 21:00:00,6.92507910263414
2018-07-10 22:00:00,7.09398347099108
2018-07-10 23:00:00,6.50281818174182
2018-07-11 00:00:00,8.44521841784652
2018-07-11 01:00:00,6.84062691845568
2018-07-11 02:00:00,6.75617473427721
2018-07-11 03:00:00,6.24946162920642
2018-07-11 04:00:00,6.92507910263414
2018-07-11 05:00:00,6.58727036592028
2018-07-11 06:00:00,6.33391381338489
2018-07-11 07:00:00,5.65829633995717
2018-07-11 08:00:00,5.65829633995717
2018-07-11 09:00:00,5.91165289249256
2018-07-11 10:00:00,5.06713105070791
2018-07-11 11:00:00,5.48939197160024
2018-07-11 12:00:00,5.8272007083141
2018-07-11 13:00:00,5.40493978742177
2018-07-11 14:00:00,5.5738441557787
2018-07-11 15:00:00,5.91165289249256
2018-07-11 16:00:00,5.91165289249256
2018-07-11 17:00:00,5.74274852413563
2018-07-11 18:00:00,5.06713105070791
2018-07-11 19:00:00,5.65829633995717
2018-07-11 20:00:00,5.5738441557787
2018-07-11 21:00:00,6.33391381338489
2018-07-11 22:00:00,7.00953128681261
2018-07-11 23:00:00,6.67172255009875
2018-07-12 00:00:00,6.41836599756335
2018-07-12 01:00:00,6.24946162920642
2018-07-12 02:00:00,6.67172255009875
2018-07-12 03:00:00,6.33391381338489
2018-07-12 04:00:00,7.00953128681261
2018-07-12 05:00:00,6.24946162920642
2018-07-12 06:00:00,5.5738441557787
2018-07-12 07:00:00,6.33391381338489
2018-07-12 08:00:00,6.67172255009875
2018-07-12 09:00:00,5.91165289249256
2018-07-12 10:00:00,5.32048760324331
2018-07-12 11:00:00,5.15158323488638
2018-07-12 12:00:00,6.08055726084949
2018-07-12 13:00:00,6.24946162920642
2018-07-12 14:00:00,6.33391381338489
2018-07-12 15:00:00,6.58727036592028
2018-07-12 16:00:00,6.08055726084949
2018-07-12 17:00:00,6.84062691845568
2018-07-12 18:00:00,6.58727036592028
2018-07-12 19:00:00,6.50281818174182
2018-07-12 20:00:00,7.00953128681261
2018-07-12 21:00:00,7.5162443918834
2018-07-12 22:00:00,7.68514876024033
2018-07-12 23:00:00,7.5162443918834
2018-07-13 00:00:00,7.17843565516954
2018-07-13 01:00:00,6.84062691845568
2018-07-13 02:00:00,6.84062691845568
2018-07-13 03:00:00,6.50281818174182
2018-07-13 04:00:00,6.58727036592028
2018-07-13 05:00:00,6.24946162920642
2018-07-13 06:00:00,5.40493978742177
2018-07-13 07:00:00,5.99610507667103
2018-07-13 08:00:00,5.32048760324331
2018-07-13 09:00:00,5.32048760324331
2018-07-13 10:00:00,5.40493978742177
2018-07-13 11:00:00,5.48939197160024
2018-07-13 12:00:00,5.5738441557787
2018-07-13 13:00:00,5.91165289249256
2018-07-13 14:00:00,5.8272007083141
2018-07-13 15:00:00,5.5738441557787
2018-07-13 16:00:00,5.99610507667103
2018-07-13 17:00:00,5.91165289249256
2018-07-13 18:00:00,6.24946162920642
2018-07-13 19:00:00,5.99610507667103
2018-07-13 20:00:00,6.58727036592028
2018-07-13 21:00:00,6.58727036592028
2018-07-13 22:00:00,7.00953128681261
2018-07-13 23:00:00,6.24946162920642
2018-07-14 00:00:00,6.92507910263414
2018-07-14 01:00:00,5.5738441557787
2018-07-14 02:00:00,5.74274852413563
2018-07-14 03:00:00,6.58727036592028
2018-07-14 04:00:00,5.99610507667103
2018-07-14 05:00:00,6.24946162920642
2018-07-14 06:00:00,5.15158323488638
2018-07-14 07:00:00,4.81377449817252
2018-07-14 08:00:00,5.32048760324331
2018-07-14 09:00:00,5.32048760324331
2018-07-14 10:00:00,5.32048760324331
2018-07-14 11:00:00,5.40493978742177
2018-07-14 12:00:00,5.23603541906484
2018-07-14 13:00:00,5.06713105070791
2018-07-14 14:00:00,4.72932231399405
2018-07-14 15:00:00,4.56041794563712
2018-07-14 16:00:00,4.98267886652944
2018-07-14 17:00:00,5.23603541906484
2018-07-14 18:00:00,4.89822668235098
2018-07-14 19:00:00,5.5738441557787
2018-07-14 20:00:00,5.8272007083141
2018-07-14 21:00:00,5.23603541906484
2018-07-14 22:00:00,5.74274852413563
2018-07-14 23:00:00,6.08055726084949
2018-07-15 00:00:00,6.92507910263414
2018-07-15 01:00:00,5.32048760324331
2018-07-15 02:00:00,5.65829633995717
2018-07-15 03:00:00,5.40493978742177
2018-07-15 04:00:00,5.8272007083141
2018-07-15 05:00:00,5.23603541906484
2018-07-15 06:00:00,5.48939197160024
2018-07-15 07:00:00,5.23603541906484
2018-07-15 08:00:00,5.15158323488638
2018-07-15 09:00:00,5.06713105070791
2018-07-15 10:00:00,4.89822668235098
2018-07-15 11:00:00,5.15158323488638
2018-07-15 12:00:00,5.32048760324331
2018-07-15 13:00:00,4.98267886652944
2018-07-15 14:00:00,4.81377449817252
2018-07-15 15:00:00,3.96925265638786
2018-07-15 16:00:00,4.39151357728019
2018-07-15 17:00:00,5.06713105070791
2018-07-15 18:00:00,5.06713105070791
2018-07-15 19:00:00,5.23603541906484
2018-07-15 20:00:00,5.23603541906484
2018-07-15 21:00:00,6.33391381338489
2018-07-15 22:00:00,5.91165289249256
2018-07-15 23:00:00,6.41836599756335
2018-07-16 00:00:00,5.8272007083141
2018-07-16 00:00:00,5.8272007083141
2018-07-16 01:00:00,5.97661611109138
2018-07-16 02:00:00,5.8272007083141
2018-07-16 03:00:00,6.27544691664595
2018-07-16 04:00:00,5.97661611109138
2018-07-16 05:00:00,6.42486231942323
2018-07-16 06:00:00,5.52836990275953
2018-07-16 07:00:00,5.37895449998224
2018-07-16 08:00:00,5.37895449998224
2018-07-16 09:00:00,5.37895449998224
2018-07-16 10:00:00,5.67778530553681
2018-07-16 11:00:00,6.87310852775509
2018-07-16 12:00:00,6.12603151386867
2018-07-16 13:00:00,6.72369312497781
2018-07-16 14:00:00,6.57427772220052
2018-07-16 15:00:00,6.57427772220052
2018-07-16 16:00:00,6.12603151386867
2018-07-16 17:00:00,6.57427772220052
2018-07-16 18:00:00,7.02252393053237
2018-07-16 19:00:00,7.17193933330966
2018-07-16 20:00:00,7.02252393053237
2018-07-16 21:00:00,7.32135473608694
2018-07-16 22:00:00,8.21784715275065
2018-07-16 23:00:00,8.06843174997336
2018-07-17 00:00:00,8.21784715275065
2018-07-17 01:00:00,7.91901634719608
2018-07-17 02:00:00,7.17193933330966
2018-07-17 03:00:00,8.06843174997336
2018-07-17 04:00:00,7.7696009444188
2018-07-17 05:00:00,7.7696009444188
2018-07-17 06:00:00,7.32135473608694
2018-07-17 07:00:00,6.72369312497781
2018-07-17 08:00:00,6.72369312497781
2018-07-17 09:00:00,6.12603151386867
2018-07-17 10:00:00,6.57427772220052
2018-07-17 11:00:00,6.12603151386867
2018-07-17 12:00:00,5.67778530553681
2018-07-17 13:00:00,6.42486231942323
2018-07-17 14:00:00,6.42486231942323
2018-07-17 15:00:00,6.12603151386867
2018-07-17 16:00:00,6.42486231942323
2018-07-17 17:00:00,7.7696009444188
2018-07-17 18:00:00,14.9415402777285
2018-07-17 19:00:00,12.7003092360692
2018-07-17 20:00:00,11.6544014166282
2018-07-17 21:00:00,12.7003092360692
2018-07-17 22:00:00,11.6544014166282
2018-07-17 23:00:00,11.0567398055191
2018-07-18 00:00:00,10.3096627916326
2018-07-18 01:00:00,9.26375497219164
2018-07-18 02:00:00,9.86141658330078
2018-07-18 03:00:00,11.6544014166282
2018-07-18 04:00:00,10.3096627916326
2018-07-18 05:00:00,10.3096627916326
2018-07-18 06:00:00,9.56258577774621
2018-07-18 07:00:00,8.96492416663707
2018-07-18 08:00:00,7.7696009444188
2018-07-18 09:00:00,7.91901634719608
2018-07-18 10:00:00,8.36726255552793
2018-07-18 11:00:00,8.36726255552793
2018-07-18 12:00:00,9.26375497219164
2018-07-18 13:00:00,8.81550876385979
2018-07-18 14:00:00,9.11433956941436
2018-07-18 15:00:00,8.96492416663707
2018-07-18 16:00:00,9.11433956941436
2018-07-18 17:00:00,8.51667795830522
2018-07-18 18:00:00,9.86141658330078
2018-07-18 19:00:00,9.41317037496892
2018-07-18 20:00:00,9.71200118052349
2018-07-18 21:00:00,9.71200118052349
2018-07-18 22:00:00,8.51667795830522
2018-07-18 23:00:00,8.21784715275065
2018-07-19 00:00:00,7.91901634719608
2018-07-19 01:00:00,7.7696009444188
2018-07-19 02:00:00,8.06843174997336
2018-07-19 03:00:00,8.06843174997336
2018-07-19 04:00:00,8.21784715275065
2018-07-19 05:00:00,8.21784715275065
2018-07-19 06:00:00,8.21784715275065
2018-07-19 07:00:00,6.87310852775509
2018-07-19 08:00:00,7.17193933330966
2018-07-19 09:00:00,6.27544691664595
2018-07-19 10:00:00,7.47077013886423
2018-07-19 11:00:00,6.87310852775509
2018-07-19 12:00:00,7.47077013886423
2018-07-19 13:00:00,7.47077013886423
2018-07-19 14:00:00,8.06843174997336
2018-07-19 15:00:00,8.36726255552793
2018-07-19 16:00:00,7.62018554164151
2018-07-19 17:00:00,7.62018554164151
2018-07-19 18:00:00,7.32135473608694
2018-07-19 19:00:00,8.06843174997336
2018-07-19 20:00:00,8.36726255552793
2018-07-19 21:00:00,8.81550876385979
2018-07-19 22:00:00,7.62018554164151
2018-07-19 23:00:00,8.21784715275065
2018-07-20 00:00:00,8.36726255552793
2018-07-20 01:00:00,7.7696009444188
2018-07-20 02:00:00,7.32135473608694
2018-07-20 03:00:00,7.7696009444188
2018-07-20 04:00:00,7.47077013886423
2018-07-20 05:00:00,7.02252393053237
2018-07-20 06:00:00,7.62018554164151
2018-07-20 07:00:00,7.47077013886423
2018-07-20 08:00:00,7.17193933330966
2018-07-20 09:00:00,7.02252393053237
2018-07-20 10:00:00,6.87310852775509
2018-07-20 11:00:00,6.57427772220052
2018-07-20 12:00:00,6.87310852775509
2018-07-20 13:00:00,6.72369312497781
2018-07-20 14:00:00,7.17193933330966
2018-07-20 15:00:00,6.72369312497781
2018-07-20 16:00:00,7.17193933330966
2018-07-20 17:00:00,7.32135473608694
2018-07-20 18:00:00,6.72369312497781
2018-07-20 19:00:00,7.32135473608694
2018-07-20 20:00:00,7.91901634719608
2018-07-20 21:00:00,7.47077013886423
2018-07-20 22:00:00,7.62018554164151
2018-07-20 23:00:00,7.7696009444188
2018-07-21 00:00:00,7.02252393053237
2018-07-21 01:00:00,6.57427772220052
2018-07-21 02:00:00,7.02252393053237
2018-07-21 03:00:00,6.27544691664595
2018-07-21 04:00:00,6.87310852775509
2018-07-21 05:00:00,6.72369312497781
2018-07-21 06:00:00,6.27544691664595
2018-07-21 07:00:00,6.12603151386867
2018-07-21 08:00:00,5.8272007083141
2018-07-21 09:00:00,6.12603151386867
2018-07-21 10:00:00,5.8272007083141
2018-07-21 11:00:00,6.27544691664595
2018-07-21 12:00:00,5.67778530553681
2018-07-21 13:00:00,5.97661611109138
2018-07-21 14:00:00,5.67778530553681
2018-07-21 15:00:00,5.97661611109138
2018-07-21 16:00:00,5.67778530553681
2018-07-21 17:00:00,5.97661611109138
2018-07-21 18:00:00,7.32135473608694
2018-07-21 19:00:00,6.27544691664595
2018-07-21 20:00:00,6.72369312497781
2018-07-21 21:00:00,7.91901634719608
2018-07-21 22:00:00,6.72369312497781
2018-07-21 23:00:00,7.47077013886423
2018-07-22 00:00:00,6.27544691664595
2018-07-22 01:00:00,5.97661611109138
2018-07-22 02:00:00,6.27544691664595
2018-07-22 03:00:00,5.97661611109138
2018-07-22 04:00:00,6.87310852775509
2018-07-22 05:00:00,6.12603151386867
2018-07-22 06:00:00,5.52836990275953
2018-07-22 07:00:00,5.67778530553681
2018-07-22 08:00:00,5.52836990275953
2018-07-22 09:00:00,5.52836990275953
2018-07-22 10:00:00,6.27544691664595
2018-07-22 11:00:00,5.52836990275953
2018-07-22 12:00:00,5.97661611109138
2018-07-22 13:00:00,5.8272007083141
2018-07-22 14:00:00,6.42486231942323
2018-07-22 15:00:00,6.27544691664595
2018-07-22 16:00:00,6.57427772220052
2018-07-22 17:00:00,6.57427772220052
2018-07-22 18:00:00,6.12603151386867
2018-07-22 19:00:00,6.42486231942323
2018-07-22 20:00:00,6.87310852775509
2018-07-22 21:00:00,7.7696009444188
2018-07-22 22:00:00,7.7696009444188
2018-07-22 23:00:00,7.02252393053237
2018-07-23 00:00:00,6.87310852775509
2018-07-23 00:00:00,6.87310852775509
2018-07-23 01:00:00,6.16209730074594
2018-07-23 02:00:00,7.34711601242785
2018-07-23 03:00:00,6.99161039892328
2018-07-23 04:00:00,7.46561788359604
2018-07-23 05:00:00,7.58411975476423
2018-07-23 06:00:00,7.46561788359604
2018-07-23 07:00:00,6.63610478541871
2018-07-23 08:00:00,6.87310852775509
2018-07-23 09:00:00,6.63610478541871
2018-07-23 10:00:00,7.11011227009147
2018-07-23 11:00:00,6.51760291425052
2018-07-23 12:00:00,6.87310852775509
2018-07-23 13:00:00,7.22861414125966
2018-07-23 14:00:00,7.93962536826881
2018-07-23 15:00:00,7.34711601242785
2018-07-23 16:00:00,7.22861414125966
2018-07-23 17:00:00,7.22861414125966
2018-07-23 18:00:00,7.82112349710062
2018-07-23 19:00:00,7.70262162593243
2018-07-23 20:00:00,8.41363285294158
2018-07-23 21:00:00,9.00614220878253
2018-07-23 22:00:00,8.41363285294158
2018-07-23 23:00:00,8.65063659527796
2018-07-24 00:00:00,8.41363285294158
2018-07-24 01:00:00,7.22861414125966
2018-07-24 02:00:00,7.46561788359604
2018-07-24 03:00:00,8.65063659527796
2018-07-24 04:00:00,8.29513098177338
2018-07-24 05:00:00,10.546666533969
2018-07-24 06:00:00,9.95415717812806
2018-07-24 07:00:00,9.59865156462349
2018-07-24 08:00:00,9.00614220878253
2018-07-24 09:00:00,7.93962536826881
2018-07-24 10:00:00,9.3616478222871
2018-07-24 11:00:00,10.3096627916326
2018-07-24 12:00:00,11.8501871168191
2018-07-24 13:00:00,10.9021721474736
2018-07-24 14:00:00,11.13917588981
2018-07-24 15:00:00,9.95415717812806
2018-07-24 16:00:00,10.3096627916326
2018-07-24 17:00:00,10.1911609204644
2018-07-24 18:00:00,10.1911609204644
2018-07-24 19:00:00,10.6651684051372
2018-07-24 20:00:00,10.6651684051372
2018-07-24 21:00:00,10.9021721474736
2018-07-24 22:00:00,10.3096627916326
2018-07-24 23:00:00,10.9021721474736
2018-07-25 00:00:00,11.13917588981
2018-07-25 01:00:00,10.546666533969
2018-07-25 02:00:00,9.83565530695987
2018-07-25 03:00:00,9.83565530695987
2018-07-25 04:00:00,9.48014969345529
2018-07-25 05:00:00,10.9021721474736
2018-07-25 06:00:00,9.3616478222871
2018-07-25 07:00:00,9.00614220878253
2018-07-25 08:00:00,8.41363285294158
2018-07-25 09:00:00,7.93962536826881
2018-07-25 10:00:00,8.65063659527796
2018-07-25 11:00:00,7.93962536826881
2018-07-25 12:00:00,8.88764033761434
2018-07-25 13:00:00,8.29513098177338
2018-07-25 14:00:00,8.65063659527796
2018-07-25 15:00:00,8.76913846644615
2018-07-25 16:00:00,8.65063659527796
2018-07-25 17:00:00,8.17662911060519
2018-07-25 18:00:00,8.058127239437
2018-07-25 19:00:00,8.41363285294158
2018-07-25 20:00:00,8.41363285294158
2018-07-25 21:00:00,10.1911609204644
2018-07-25 22:00:00,9.95415717812806
2018-07-25 23:00:00,8.65063659527796
2018-07-26 00:00:00,7.82112349710062
2018-07-26 01:00:00,7.93962536826881
2018-07-26 02:00:00,8.41363285294158
2018-07-26 03:00:00,7.46561788359604
2018-07-26 04:00:00,8.65063659527796
2018-07-26 05:00:00,8.53213472410977
2018-07-26 06:00:00,7.93962536826881
2018-07-26 07:00:00,7.34711601242785
2018-07-26 08:00:00,6.87310852775509
2018-07-26 09:00:00,7.70262162593243
2018-07-26 10:00:00,7.58411975476423
2018-07-26 11:00:00,7.46561788359604
2018-07-26 12:00:00,7.22861414125966
2018-07-26 13:00:00,7.11011227009147
2018-07-26 14:00:00,6.99161039892328
2018-07-26 15:00:00,7.22861414125966
2018-07-26 16:00:00,7.58411975476423
2018-07-26 17:00:00,7.58411975476423
2018-07-26 18:00:00,7.70262162593243
2018-07-26 19:00:00,7.70262162593243
2018-07-26 20:00:00,8.29513098177338
2018-07-26 21:00:00,11.13917588981
2018-07-26 22:00:00,11.3761796321464
2018-07-26 23:00:00,10.9021721474736
2018-07-27 00:00:00,9.71715343579168
2018-07-27 01:00:00,8.29513098177338
2018-07-27 02:00:00,9.3616478222871
2018-07-27 03:00:00,9.12464407995072
2018-07-27 04:00:00,8.29513098177338
2018-07-27 05:00:00,8.65063659527796
2018-07-27 06:00:00,8.058127239437
2018-07-27 07:00:00,8.058127239437
2018-07-27 08:00:00,7.93962536826881
2018-07-27 09:00:00,7.34711601242785
2018-07-27 10:00:00,7.46561788359604
2018-07-27 11:00:00,7.46561788359604
2018-07-27 12:00:00,7.11011227009147
2018-07-27 13:00:00,7.34711601242785
2018-07-27 14:00:00,7.22861414125966
2018-07-27 15:00:00,8.88764033761434
2018-07-27 16:00:00,7.70262162593243
2018-07-27 17:00:00,7.34711601242785
2018-07-27 18:00:00,7.93962536826881
2018-07-27 19:00:00,8.058127239437
2018-07-27 20:00:00,7.22861414125966
2018-07-27 21:00:00,7.70262162593243
2018-07-27 22:00:00,8.29513098177338
2018-07-27 23:00:00,7.82112349710062
2018-07-28 00:00:00,7.70262162593243
2018-07-28 01:00:00,7.34711601242785
2018-07-28 02:00:00,6.7546066565869
2018-07-28 03:00:00,7.22861414125966
2018-07-28 04:00:00,7.11011227009147
2018-07-28 05:00:00,7.22861414125966
2018-07-28 06:00:00,7.34711601242785
2018-07-28 07:00:00,6.28059917191413
2018-07-28 08:00:00,6.51760291425052
2018-07-28 09:00:00,6.04359542957775
2018-07-28 10:00:00,6.04359542957775
2018-07-28 11:00:00,5.68808981607318
2018-07-28 12:00:00,6.51760291425052
2018-07-28 13:00:00,6.04359542957775
2018-07-28 14:00:00,6.28059917191413
2018-07-28 15:00:00,6.39910104308232
2018-07-28 16:00:00,6.39910104308232
2018-07-28 17:00:00,6.28059917191413
2018-07-28 18:00:00,6.16209730074594
2018-07-28 19:00:00,6.51760291425052
2018-07-28 20:00:00,7.22861414125966
2018-07-28 21:00:00,6.87310852775509
2018-07-28 22:00:00,6.87310852775509
2018-07-28 23:00:00,6.87310852775509
2018-07-29 00:00:00,7.11011227009147
2018-07-29 01:00:00,5.92509355840956
2018-07-29 02:00:00,6.04359542957775
2018-07-29 03:00:00,6.28059917191413
2018-07-29 04:00:00,6.39910104308232
2018-07-29 05:00:00,6.7546066565869
2018-07-29 06:00:00,6.28059917191413
2018-07-29 07:00:00,6.28059917191413
2018-07-29 08:00:00,5.68808981607318
2018-07-29 09:00:00,5.68808981607318
2018-07-29 10:00:00,6.39910104308232
2018-07-29 11:00:00,5.80659168724137
2018-07-29 12:00:00,5.92509355840956
2018-07-29 13:00:00,6.28059917191413
2018-07-29 14:00:00,6.51760291425052
2018-07-29 15:00:00,6.16209730074594
2018-07-29 16:00:00,6.16209730074594
2018-07-29 17:00:00,6.04359542957775
2018-07-29 18:00:00,6.16209730074594
2018-07-29 19:00:00,6.28059917191413
2018-07-29 20:00:00,6.63610478541871
2018-07-29 21:00:00,7.22861414125966
2018-07-29 22:00:00,8.058127239437
2018-07-29 23:00:00,7.34711601242785
2018-07-30 00:00:00,7.22861414125966
2018-07-30 00:00:00,7.22861414125966
2018-07-30 01:00:00,6.95754111096242
2018-07-30 02:00:00,6.77682575743093
2018-07-30 03:00:00,6.95754111096242
2018-07-30 04:00:00,7.31897181802541
2018-07-30 05:00:00,7.22861414125966
2018-07-30 06:00:00,7.13825646449392
2018-07-30 07:00:00,6.41539505036795
2018-07-30 08:00:00,6.14432202007071
2018-07-30 09:00:00,6.05396434330497
2018-07-30 10:00:00,6.41539505036795
2018-07-30 11:00:00,6.32503737360221
2018-07-30 12:00:00,6.32503737360221
2018-07-30 13:00:00,6.50575272713369
2018-07-30 14:00:00,6.68646808066519
2018-07-30 15:00:00,7.04789878772817
2018-07-30 16:00:00,7.59004484832265
2018-07-30 17:00:00,7.13825646449392
2018-07-30 18:00:00,8.04183323215137
2018-07-30 19:00:00,7.86111787861988
2018-07-30 20:00:00,7.68040252508839
2018-07-30 21:00:00,8.13219090891712
2018-07-30 22:00:00,7.59004484832265
2018-07-30 23:00:00,7.95147555538563
2018-07-31 00:00:00,7.86111787861988
2018-07-31 01:00:00,7.40932949479115
2018-07-31 02:00:00,7.31897181802541
2018-07-31 03:00:00,7.4996871715569
2018-07-31 04:00:00,6.41539505036795
2018-07-31 05:00:00,7.22861414125966
2018-07-31 06:00:00,6.86718343419668
2018-07-31 07:00:00,6.23467969683646
2018-07-31 08:00:00,6.68646808066519
2018-07-31 09:00:00,6.41539505036795
2018-07-31 10:00:00,6.68646808066519
2018-07-31 11:00:00,6.95754111096242
2018-07-31 12:00:00,7.4996871715569
2018-07-31 13:00:00,7.86111787861988
2018-07-31 14:00:00,8.40326393921436
2018-07-31 15:00:00,8.04183323215137
2018-07-31 16:00:00,8.22254858568287
2018-07-31 17:00:00,7.4996871715569
2018-07-31 18:00:00,7.31897181802541
2018-07-31 19:00:00,7.40932949479115
2018-07-31 20:00:00,7.59004484832265
2018-07-31 21:00:00,8.58397929274585
2018-07-31 22:00:00,7.86111787861988
2018-07-31 23:00:00,8.31290626244861
2018-08-01 00:00:00,7.59004484832265
2018-08-01 01:00:00,7.04789878772817
2018-08-01 02:00:00,8.13219090891712
2018-08-01 03:00:00,9.03576767657458
2018-08-01 04:00:00,8.40326393921436
2018-08-01 05:00:00,7.77076020185414
2018-08-01 06:00:00,7.40932949479115
2018-08-01 07:00:00,6.86718343419668
2018-08-01 08:00:00,6.32503737360221
2018-08-01 09:00:00,5.87324898977348
2018-08-01 10:00:00,6.50575272713369
2018-08-01 11:00:00,7.04789878772817
2018-08-01 12:00:00,6.68646808066519
2018-08-01 13:00:00,6.23467969683646
2018-08-01 14:00:00,6.41539505036795
2018-08-01 15:00:00,6.41539505036795
2018-08-01 16:00:00,6.68646808066519
2018-08-01 17:00:00,6.50575272713369
2018-08-01 18:00:00,6.41539505036795
2018-08-01 19:00:00,7.13825646449392
2018-08-01 20:00:00,7.4996871715569
2018-08-01 21:00:00,8.4936216159801
2018-08-01 22:00:00,7.40932949479115
2018-08-01 23:00:00,7.95147555538563
2018-08-02 00:00:00,6.95754111096242
2018-08-02 01:00:00,6.95754111096242
2018-08-02 02:00:00,7.22861414125966
2018-08-02 03:00:00,7.04789878772817
2018-08-02 04:00:00,7.13825646449392
2018-08-02 05:00:00,7.22861414125966
2018-08-02 06:00:00,6.59611040389944
2018-08-02 07:00:00,6.32503737360221
2018-08-02 08:00:00,6.50575272713369
2018-08-02 09:00:00,6.50575272713369
2018-08-02 10:00:00,6.14432202007071
2018-08-02 11:00:00,6.59611040389944
2018-08-02 12:00:00,6.32503737360221
2018-08-02 13:00:00,6.32503737360221
2018-08-02 14:00:00,6.59611040389944
2018-08-02 15:00:00,6.50575272713369
2018-08-02 16:00:00,6.77682575743093
2018-08-02 17:00:00,6.68646808066519
2018-08-02 18:00:00,6.77682575743093
2018-08-02 19:00:00,6.59611040389944
2018-08-02 20:00:00,6.86718343419668
2018-08-02 21:00:00,7.77076020185414
2018-08-02 22:00:00,7.22861414125966
2018-08-02 23:00:00,7.40932949479115
2018-08-03 00:00:00,6.86718343419668
2018-08-03 01:00:00,7.95147555538563
2018-08-03 02:00:00,7.40932949479115
2018-08-03 03:00:00,7.04789878772817
2018-08-03 04:00:00,7.95147555538563
2018-08-03 05:00:00,7.68040252508839
2018-08-03 06:00:00,7.13825646449392
2018-08-03 07:00:00,6.59611040389944
2018-08-03 08:00:00,5.96360666653922
2018-08-03 09:00:00,6.41539505036795
2018-08-03 10:00:00,6.41539505036795
2018-08-03 11:00:00,6.59611040389944
2018-08-03 12:00:00,6.50575272713369
2018-08-03 13:00:00,6.50575272713369
2018-08-03 14:00:00,6.86718343419668
2018-08-03 15:00:00,7.4996871715569
2018-08-03 16:00:00,7.4996871715569
2018-08-03 17:00:00,7.68040252508839
2018-08-03 18:00:00,7.68040252508839
2018-08-03 19:00:00,7.31897181802541
2018-08-03 20:00:00,7.68040252508839
2018-08-03 21:00:00,7.59004484832265
2018-08-03 22:00:00,7.40932949479115
2018-08-03 23:00:00,7.4996871715569
2018-08-04 00:00:00,7.4996871715569
2018-08-04 01:00:00,6.68646808066519
2018-08-04 02:00:00,7.31897181802541
2018-08-04 03:00:00,6.41539505036795
2018-08-04 04:00:00,6.77682575743093
2018-08-04 05:00:00,6.50575272713369
2018-08-04 06:00:00,6.77682575743093
2018-08-04 07:00:00,5.78289131300773
2018-08-04 08:00:00,5.69253363624198
2018-08-04 09:00:00,5.96360666653922
2018-08-04 10:00:00,5.15038757564751
2018-08-04 11:00:00,5.78289131300773
2018-08-04 12:00:00,6.23467969683646
2018-08-04 13:00:00,6.50575272713369
2018-08-04 14:00:00,7.59004484832265
2018-08-04 15:00:00,7.13825646449392
2018-08-04 16:00:00,7.04789878772817
2018-08-04 17:00:00,6.95754111096242
2018-08-04 18:00:00,7.22861414125966
2018-08-04 19:00:00,6.86718343419668
2018-08-04 20:00:00,7.22861414125966
2018-08-04 21:00:00,7.22861414125966
2018-08-04 22:00:00,7.77076020185414
2018-08-04 23:00:00,6.95754111096242
2018-08-05 00:00:00,6.95754111096242
2018-08-05 01:00:00,7.31897181802541
2018-08-05 02:00:00,6.68646808066519
2018-08-05 03:00:00,6.59611040389944
2018-08-05 04:00:00,7.13825646449392
2018-08-05 05:00:00,6.50575272713369
2018-08-05 06:00:00,6.41539505036795
2018-08-05 07:00:00,5.96360666653922
2018-08-05 08:00:00,6.23467969683646
2018-08-05 09:00:00,5.51181828271049
2018-08-05 10:00:00,6.14432202007071
2018-08-05 11:00:00,5.60217595947624
2018-08-05 12:00:00,5.60217595947624
2018-08-05 13:00:00,6.59611040389944
2018-08-05 14:00:00,6.41539505036795
2018-08-05 15:00:00,5.87324898977348
2018-08-05 16:00:00,7.22861414125966
2018-08-05 17:00:00,5.78289131300773
2018-08-05 18:00:00,6.32503737360221
2018-08-05 19:00:00,5.87324898977348
2018-08-05 20:00:00,6.95754111096242
2018-08-05 21:00:00,7.22861414125966
2018-08-05 22:00:00,6.23467969683646
2018-08-05 23:00:00,6.41539505036795
2018-08-06 00:00:00,6.32503737360221
2018-08-06 00:00:00,6.32503737360221
2018-08-06 01:00:00,6.76124684764374
2018-08-06 02:00:00,7.08840395317488
2018-08-06 03:00:00,7.19745632168527
2018-08-06 04:00:00,7.19745632168527
2018-08-06 05:00:00,6.32503737360221
2018-08-06 06:00:00,6.32503737360221
2018-08-06 07:00:00,6.32503737360221
2018-08-06 08:00:00,5.88882789956067
2018-08-06 09:00:00,6.54314211062297
2018-08-06 10:00:00,6.54314211062297
2018-08-06 11:00:00,6.21598500509182
2018-08-06 12:00:00,7.08840395317488
2018-08-06 13:00:00,7.08840395317488
2018-08-06 14:00:00,6.76124684764374
2018-08-06 15:00:00,6.65219447913335
2018-08-06 16:00:00,6.65219447913335
2018-08-06 17:00:00,6.65219447913335
2018-08-06 18:00:00,6.76124684764374
2018-08-06 19:00:00,7.6336657957268
2018-08-06 20:00:00,7.85177053274756
2018-08-06 21:00:00,8.2879800067891
2018-08-06 22:00:00,7.85177053274756
2018-08-06 23:00:00,7.96082290125795
2018-08-07 00:00:00,7.52461342721642
2018-08-07 01:00:00,7.19745632168527
2018-08-07 02:00:00,6.76124684764374
2018-08-07 03:00:00,6.9793515846645
2018-08-07 04:00:00,7.19745632168527
2018-08-07 05:00:00,6.87029921615412
2018-08-07 06:00:00,6.76124684764374
2018-08-07 07:00:00,6.32503737360221
2018-08-07 08:00:00,6.32503737360221
2018-08-07 09:00:00,6.21598500509182
2018-08-07 10:00:00,6.76124684764374
2018-08-07 11:00:00,6.43408974211259
2018-08-07 12:00:00,6.21598500509182
2018-08-07 13:00:00,6.87029921615412
2018-08-07 14:00:00,6.32503737360221
2018-08-07 15:00:00,6.87029921615412
2018-08-07 16:00:00,7.19745632168527
2018-08-07 17:00:00,6.21598500509182
2018-08-07 18:00:00,7.30650869019565
2018-08-07 19:00:00,7.30650869019565
2018-08-07 20:00:00,8.39703237529948
2018-08-07 21:00:00,10.7961844825279
2018-08-07 22:00:00,9.26945132338254
2018-08-07 23:00:00,8.72418948083063
2018-08-08 00:00:00,10.0328179029552
2018-08-08 01:00:00,8.94229421785139
2018-08-08 02:00:00,8.83324184934101
2018-08-08 03:00:00,8.94229421785139
2018-08-08 04:00:00,9.05134658636177
2018-08-08 05:00:00,9.05134658636177
2018-08-08 06:00:00,8.50608474380986
2018-08-08 07:00:00,7.6336657957268
2018-08-08 08:00:00,7.74271816423718
2018-08-08 09:00:00,7.41556105870603
2018-08-08 10:00:00,7.74271816423718
2018-08-08 11:00:00,7.52461342721642
2018-08-08 12:00:00,8.50608474380986
2018-08-08 13:00:00,8.2879800067891
2018-08-08 14:00:00,8.39703237529948
2018-08-08 15:00:00,7.96082290125795
2018-08-08 16:00:00,9.16039895487216
2018-08-08 17:00:00,10.9052368510383
2018-08-08 18:00:00,9.81471316593445
2018-08-08 19:00:00,9.48755606040331
2018-08-08 20:00:00,9.59660842891369
2018-08-08 21:00:00,9.81471316593445
2018-08-08 22:00:00,9.48755606040331
2018-08-08 23:00:00,10.250922639976
2018-08-09 00:00:00,8.83324184934101
2018-08-09 01:00:00,8.06987526976833
2018-08-09 02:00:00,7.85177053274756
2018-08-09 03:00:00,8.50608474380986
2018-08-09 04:00:00,8.39703237529948
2018-08-09 05:00:00,8.06987526976833
2018-08-09 06:00:00,7.6336657957268
2018-08-09 07:00:00,7.30650869019565
2018-08-09 08:00:00,7.08840395317488
2018-08-09 09:00:00,6.87029921615412
2018-08-09 10:00:00,7.30650869019565
2018-08-09 11:00:00,7.19745632168527
2018-08-09 12:00:00,7.19745632168527
2018-08-09 13:00:00,7.30650869019565
2018-08-09 14:00:00,7.74271816423718
2018-08-09 15:00:00,7.74271816423718
2018-08-09 16:00:00,7.30650869019565
2018-08-09 17:00:00,7.30650869019565
2018-08-09 18:00:00,7.19745632168527
2018-08-09 19:00:00,7.52461342721642
2018-08-09 20:00:00,8.17892763827871
2018-08-09 21:00:00,8.2879800067891
2018-08-09 22:00:00,8.17892763827871
2018-08-09 23:00:00,7.74271816423718
2018-08-10 00:00:00,8.06987526976833
2018-08-10 01:00:00,7.52461342721642
2018-08-10 02:00:00,7.08840395317488
2018-08-10 03:00:00,7.08840395317488
2018-08-10 04:00:00,7.52461342721642
2018-08-10 05:00:00,7.85177053274756
2018-08-10 06:00:00,7.74271816423718
2018-08-10 07:00:00,7.19745632168527
2018-08-10 08:00:00,6.54314211062297
2018-08-10 09:00:00,6.87029921615412
2018-08-10 10:00:00,7.08840395317488
2018-08-10 11:00:00,6.65219447913335
2018-08-10 12:00:00,6.87029921615412
2018-08-10 13:00:00,6.76124684764374
2018-08-10 14:00:00,7.19745632168527
2018-08-10 15:00:00,7.08840395317488
2018-08-10 16:00:00,7.52461342721642
2018-08-10 17:00:00,6.76124684764374
2018-08-10 18:00:00,7.08840395317488
2018-08-10 19:00:00,6.9793515846645
2018-08-10 20:00:00,7.19745632168527
2018-08-10 21:00:00,9.59660842891369
2018-08-10 22:00:00,10.1418702714656
2018-08-10 23:00:00,8.83324184934101
2018-08-11 00:00:00,8.50608474380986
2018-08-11 01:00:00,9.26945132338254
2018-08-11 02:00:00,7.96082290125795
2018-08-11 03:00:00,8.2879800067891
2018-08-11 04:00:00,7.85177053274756
2018-08-11 05:00:00,9.05134658636177
2018-08-11 06:00:00,8.50608474380986
2018-08-11 07:00:00,7.85177053274756
2018-08-11 08:00:00,6.76124684764374
2018-08-11 09:00:00,6.76124684764374
2018-08-11 10:00:00,7.30650869019565
2018-08-11 11:00:00,6.32503737360221
2018-08-11 12:00:00,7.19745632168527
2018-08-11 13:00:00,7.19745632168527
2018-08-11 14:00:00,6.65219447913335
2018-08-11 15:00:00,6.76124684764374
2018-08-11 16:00:00,7.19745632168527
2018-08-11 17:00:00,7.74271816423718
2018-08-11 18:00:00,7.19745632168527
2018-08-11 19:00:00,6.9793515846645
2018-08-11 20:00:00,7.08840395317488
2018-08-11 21:00:00,6.9793515846645
2018-08-11 22:00:00,7.19745632168527
2018-08-11 23:00:00,7.74271816423718
2018-08-12 00:00:00,7.30650869019565
2018-08-12 01:00:00,6.76124684764374
2018-08-12 02:00:00,6.65219447913335
2018-08-12 03:00:00,6.54314211062297
2018-08-12 04:00:00,7.19745632168527
2018-08-12 05:00:00,6.32503737360221
2018-08-12 06:00:00,6.54314211062297
2018-08-12 07:00:00,6.43408974211259
2018-08-12 08:00:00,6.43408974211259
2018-08-12 09:00:00,6.10693263658144
2018-08-12 10:00:00,5.99788026807106
2018-08-12 11:00:00,6.10693263658144
2018-08-12 12:00:00,5.99788026807106
2018-08-12 13:00:00,6.32503737360221
2018-08-12 14:00:00,5.88882789956067
2018-08-12 15:00:00,6.10693263658144
2018-08-12 16:00:00,6.21598500509182
2018-08-12 17:00:00,6.21598500509182
2018-08-12 18:00:00,5.88882789956067
2018-08-12 19:00:00,6.54314211062297
2018-08-12 20:00:00,7.19745632168527
2018-08-12 21:00:00,6.76124684764374
2018-08-12 22:00:00,6.65219447913335
2018-08-12 23:00:00,6.9793515846645
2018-08-13 00:00:00,6.9793515846645
2018-08-13 00:00:00,6.9793515846645
2018-08-13 01:00:00,6.76124684764374
2018-08-13 02:00:00,6.43408974211259
2018-08-13 03:00:00,7.19745632168527
2018-08-13 04:00:00,7.19745632168527
2018-08-13 05:00:00,6.76124684764374
2018-08-13 06:00:00,7.08840395317488
2018-08-13 07:00:00,6.32503737360221
2018-08-13 08:00:00,6.32503737360221
2018-08-13 09:00:00,6.76124684764374
2018-08-13 10:00:00,6.87029921615412
2018-08-13 11:00:00,6.21598500509182
2018-08-13 12:00:00,6.54314211062297
2018-08-13 13:00:00,6.65219447913335
2018-08-13 14:00:00,7.08840395317488
2018-08-13 15:00:00,6.9793515846645
2018-08-13 16:00:00,7.41556105870603
2018-08-13 17:00:00,8.17892763827871
2018-08-13 18:00:00,7.85177053274756
2018-08-13 19:00:00,8.06987526976833
2018-08-13 20:00:00,8.2879800067891
2018-08-13 21:00:00,7.96082290125795
2018-08-13 22:00:00,8.39703237529948
2018-08-13 23:00:00,7.08840395317488
2018-08-14 00:00:00,8.06987526976833
2018-08-14 01:00:00,8.61513711232024
2018-08-14 02:00:00,10.3599750084864
2018-08-14 03:00:00,10.9052368510383
2018-08-14 04:00:00,10.0328179029552
2018-08-14 05:00:00,10.5780797455071
2018-08-14 06:00:00,9.16039895487216
2018-08-14 07:00:00,8.61513711232024
2018-08-14 08:00:00,8.50608474380986
2018-08-14 09:00:00,7.74271816423718
2018-08-14 10:00:00,8.2879800067891
2018-08-14 11:00:00,9.92376553444484
2018-08-14 12:00:00,8.72418948083063
2018-08-14 13:00:00,8.06987526976833
2018-08-14 14:00:00,8.83324184934101
2018-08-14 15:00:00,9.16039895487216
2018-08-14 16:00:00,9.48755606040331
2018-08-14 17:00:00,8.83324184934101
2018-08-14 18:00:00,8.72418948083063
2018-08-14 19:00:00,8.17892763827871
2018-08-14 20:00:00,8.39703237529948
2018-08-14 21:00:00,8.83324184934101
2018-08-14 22:00:00,8.94229421785139
2018-08-14 23:00:00,8.39703237529948
2018-08-15 00:00:00,7.6336657957268
2018-08-15 01:00:00,8.17892763827871
2018-08-15 02:00:00,7.74271816423718
2018-08-15 03:00:00,8.39703237529948
2018-08-15 04:00:00,8.39703237529948
2018-08-15 05:00:00,7.52461342721642
2018-08-15 06:00:00,7.19745632168527
2018-08-15 07:00:00,7.19745632168527
2018-08-15 08:00:00,7.30650869019565
2018-08-15 09:00:00,7.6336657957268
2018-08-15 10:00:00,7.19745632168527
2018-08-15 11:00:00,7.30650869019565
2018-08-15 12:00:00,6.9793515846645
2018-08-15 13:00:00,7.19745632168527
2018-08-15 14:00:00,8.06987526976833
2018-08-15 15:00:00,8.2879800067891
2018-08-15 16:00:00,8.61513711232024
2018-08-15 17:00:00,8.83324184934101
2018-08-15 18:00:00,9.26945132338254
2018-08-15 19:00:00,8.72418948083063
2018-08-15 20:00:00,9.26945132338254
2018-08-15 21:00:00,9.26945132338254
2018-08-15 22:00:00,8.94229421785139
2018-08-15 23:00:00,8.17892763827871
2018-08-16 00:00:00,7.41556105870603
2018-08-16 01:00:00,7.08840395317488
2018-08-16 02:00:00,7.08840395317488
2018-08-16 03:00:00,7.41556105870603
2018-08-16 04:00:00,8.17892763827871
2018-08-16 05:00:00,7.85177053274756
2018-08-16 06:00:00,6.65219447913335
2018-08-16 07:00:00,6.76124684764374
2018-08-16 08:00:00,6.65219447913335
2018-08-16 09:00:00,6.43408974211259
2018-08-16 10:00:00,6.87029921615412
2018-08-16 11:00:00,6.76124684764374
2018-08-16 12:00:00,6.76124684764374
2018-08-16 13:00:00,6.87029921615412
2018-08-16 14:00:00,6.32503737360221
2018-08-16 15:00:00,6.43408974211259
2018-08-16 16:00:00,6.87029921615412
2018-08-16 17:00:00,7.19745632168527
2018-08-16 18:00:00,7.08840395317488
2018-08-16 19:00:00,7.08840395317488
2018-08-16 20:00:00,7.52461342721642
2018-08-16 21:00:00,7.6336657957268
2018-08-16 22:00:00,7.74271816423718
2018-08-16 23:00:00,7.41556105870603
2018-08-17 00:00:00,6.65219447913335
2018-08-17 01:00:00,6.65219447913335
2018-08-17 02:00:00,6.21598500509182
2018-08-17 03:00:00,6.65219447913335
2018-08-17 04:00:00,7.52461342721642
2018-08-17 05:00:00,6.65219447913335
2018-08-17 06:00:00,7.19745632168527
2018-08-17 07:00:00,6.87029921615412
2018-08-17 08:00:00,5.67072316253991
2018-08-17 09:00:00,6.43408974211259
2018-08-17 10:00:00,7.19745632168527
2018-08-17 11:00:00,6.10693263658144
2018-08-17 12:00:00,5.99788026807106
2018-08-17 13:00:00,6.10693263658144
2018-08-17 14:00:00,5.99788026807106
2018-08-17 15:00:00,6.76124684764374
2018-08-17 16:00:00,6.43408974211259
2018-08-17 17:00:00,6.76124684764374
2018-08-17 18:00:00,6.76124684764374
2018-08-17 19:00:00,6.65219447913335
2018-08-17 20:00:00,7.41556105870603
2018-08-17 21:00:00,7.08840395317488
2018-08-17 22:00:00,7.96082290125795
2018-08-17 23:00:00,6.87029921615412
2018-08-18 00:00:00,6.87029921615412
2018-08-18 01:00:00,6.54314211062297
2018-08-18 02:00:00,6.65219447913335
2018-08-18 03:00:00,7.08840395317488
2018-08-18 04:00:00,6.65219447913335
2018-08-18 05:00:00,6.32503737360221
2018-08-18 06:00:00,6.54314211062297
2018-08-18 07:00:00,6.10693263658144
2018-08-18 08:00:00,5.45261842551914
2018-08-18 09:00:00,5.77977553105029
2018-08-18 10:00:00,6.21598500509182
2018-08-18 11:00:00,5.67072316253991
2018-08-18 12:00:00,5.56167079402952
2018-08-18 13:00:00,5.67072316253991
2018-08-18 14:00:00,5.67072316253991
2018-08-18 15:00:00,5.34356605700876
2018-08-18 16:00:00,5.77977553105029
2018-08-18 17:00:00,5.77977553105029
2018-08-18 18:00:00,5.67072316253991
2018-08-18 19:00:00,5.56167079402952
2018-08-18 20:00:00,6.21598500509182
2018-08-18 21:00:00,5.99788026807106
2018-08-18 22:00:00,6.87029921615412
2018-08-18 23:00:00,6.43408974211259
2018-08-19 00:00:00,5.88882789956067
2018-08-19 01:00:00,6.10693263658144
2018-08-19 02:00:00,5.34356605700876
2018-08-19 03:00:00,5.34356605700876
2018-08-19 04:00:00,5.67072316253991
2018-08-19 05:00:00,5.67072316253991
2018-08-19 06:00:00,5.23451368849838
2018-08-19 07:00:00,6.10693263658144
2018-08-19 08:00:00,5.45261842551914
2018-08-19 09:00:00,5.12546131998799
2018-08-19 10:00:00,5.77977553105029
2018-08-19 11:00:00,5.45261842551914
2018-08-19 12:00:00,5.77977553105029
2018-08-19 13:00:00,5.88882789956067
2018-08-19 14:00:00,5.56167079402952
2018-08-19 15:00:00,5.12546131998799
2018-08-19 16:00:00,5.34356605700876
2018-08-19 17:00:00,5.23451368849838
2018-08-19 18:00:00,5.88882789956067
2018-08-19 19:00:00,6.21598500509182
2018-08-19 20:00:00,6.54314211062297
2018-08-19 21:00:00,6.54314211062297
2018-08-19 22:00:00,6.65219447913335
2018-08-19 23:00:00,6.9793515846645
2018-08-20 00:00:00,5.99788026807106
2018-08-20 00:00:00,5.99788026807106
2018-08-20 01:00:00,6.44548327315099
2018-08-20 02:00:00,5.90835966705507
2018-08-20 03:00:00,5.99788026807106
2018-08-20 04:00:00,6.17692147010303
2018-08-20 05:00:00,6.17692147010303
2018-08-20 06:00:00,6.08740086908704
2018-08-20 07:00:00,5.46075666197514
2018-08-20 08:00:00,6.17692147010303
2018-08-20 09:00:00,5.90835966705507
2018-08-20 10:00:00,6.62452447518296
2018-08-20 11:00:00,5.90835966705507
2018-08-20 12:00:00,5.63979786400711
2018-08-20 13:00:00,6.08740086908704
2018-08-20 14:00:00,6.44548327315099
2018-08-20 15:00:00,5.99788026807106
2018-08-20 16:00:00,6.08740086908704
2018-08-20 17:00:00,5.90835966705507
2018-08-20 18:00:00,6.62452447518296
2018-08-20 19:00:00,6.44548327315099
2018-08-20 20:00:00,7.6092510863588
2018-08-20 21:00:00,7.69877168737479
2018-08-20 22:00:00,7.69877168737479
2018-08-20 23:00:00,8.59397769753465
2018-08-21 00:00:00,7.16164808127887
2018-08-21 01:00:00,7.43020988432683
2018-08-21 02:00:00,7.16164808127887
2018-08-21 03:00:00,7.51973048534282
2018-08-21 04:00:00,7.07212748026289
2018-08-21 05:00:00,6.89308627823091
2018-08-21 06:00:00,6.44548327315099
2018-08-21 07:00:00,7.07212748026289
2018-08-21 08:00:00,6.44548327315099
2018-08-21 09:00:00,5.99788026807106
2018-08-21 10:00:00,6.355962672135
2018-08-21 11:00:00,6.53500387416697
2018-08-21 12:00:00,6.62452447518296
2018-08-21 13:00:00,6.71404507619894
2018-08-21 14:00:00,6.71404507619894
2018-08-21 15:00:00,6.26644207111901
2018-08-21 16:00:00,6.80356567721493
2018-08-21 17:00:00,6.71404507619894
2018-08-21 18:00:00,6.9826068792469
2018-08-21 19:00:00,7.07212748026289
2018-08-21 20:00:00,7.6092510863588
2018-08-21 21:00:00,7.25116868229486
2018-08-21 22:00:00,7.34068928331084
2018-08-21 23:00:00,7.07212748026289
2018-08-22 00:00:00,6.62452447518296
2018-08-22 01:00:00,8.41493649550268
2018-08-22 02:00:00,8.32541589448669
2018-08-22 03:00:00,7.78829228839077
2018-08-22 04:00:00,7.43020988432683
2018-08-22 05:00:00,7.78829228839077
2018-08-22 06:00:00,7.16164808127887
2018-08-22 07:00:00,6.62452447518296
2018-08-22 08:00:00,6.26644207111901
2018-08-22 09:00:00,6.89308627823091
2018-08-22 10:00:00,6.80356567721493
2018-08-22 11:00:00,6.71404507619894
2018-08-22 12:00:00,7.34068928331084
2018-08-22 13:00:00,6.62452447518296
2018-08-22 14:00:00,6.89308627823091
2018-08-22 15:00:00,7.25116868229486
2018-08-22 16:00:00,7.69877168737479
2018-08-22 17:00:00,6.71404507619894
2018-08-22 18:00:00,7.25116868229486
2018-08-22 19:00:00,7.25116868229486
2018-08-22 20:00:00,8.32541589448669
2018-08-22 21:00:00,8.14637469245472
2018-08-22 22:00:00,8.95206010159859
2018-08-22 23:00:00,7.78829228839077
2018-08-23 00:00:00,6.9826068792469
2018-08-23 01:00:00,6.80356567721493
2018-08-23 02:00:00,7.51973048534282
2018-08-23 03:00:00,7.51973048534282
2018-08-23 04:00:00,6.89308627823091
2018-08-23 05:00:00,6.9826068792469
2018-08-23 06:00:00,7.34068928331084
2018-08-23 07:00:00,6.71404507619894
2018-08-23 08:00:00,6.355962672135
2018-08-23 09:00:00,6.53500387416697
2018-08-23 10:00:00,5.81883906603908
2018-08-23 11:00:00,6.08740086908704
2018-08-23 12:00:00,6.17692147010303
2018-08-23 13:00:00,6.26644207111901
2018-08-23 14:00:00,6.26644207111901
2018-08-23 15:00:00,6.355962672135
2018-08-23 16:00:00,6.9826068792469
2018-08-23 17:00:00,6.62452447518296
2018-08-23 18:00:00,6.71404507619894
2018-08-23 19:00:00,6.53500387416697
2018-08-23 20:00:00,7.16164808127887
2018-08-23 21:00:00,7.43020988432683
2018-08-23 22:00:00,6.80356567721493
2018-08-23 23:00:00,7.25116868229486
2018-08-24 00:00:00,6.26644207111901
2018-08-24 01:00:00,5.90835966705507
2018-08-24 02:00:00,6.355962672135
2018-08-24 03:00:00,6.26644207111901
2018-08-24 04:00:00,6.89308627823091
2018-08-24 05:00:00,6.17692147010303
2018-08-24 06:00:00,5.7293184650231
2018-08-24 07:00:00,6.26644207111901
2018-08-24 08:00:00,6.17692147010303
2018-08-24 09:00:00,5.99788026807106
2018-08-24 10:00:00,5.99788026807106
2018-08-24 11:00:00,5.7293184650231
2018-08-24 12:00:00,5.55027726299113
2018-08-24 13:00:00,5.7293184650231
2018-08-24 14:00:00,6.17692147010303
2018-08-24 15:00:00,5.81883906603908
2018-08-24 16:00:00,6.355962672135
2018-08-24 17:00:00,5.99788026807106
2018-08-24 18:00:00,6.26644207111901
2018-08-24 19:00:00,6.53500387416697
2018-08-24 20:00:00,6.53500387416697
2018-08-24 21:00:00,7.51973048534282
2018-08-24 22:00:00,7.78829228839077
2018-08-24 23:00:00,6.80356567721493
2018-08-25 00:00:00,6.89308627823091
2018-08-25 01:00:00,6.26644207111901
2018-08-25 02:00:00,7.07212748026289
2018-08-25 03:00:00,6.355962672135
2018-08-25 04:00:00,6.89308627823091
2018-08-25 05:00:00,6.17692147010303
2018-08-25 06:00:00,6.08740086908704
2018-08-25 07:00:00,5.81883906603908
2018-08-25 08:00:00,5.01315365689521
2018-08-25 09:00:00,5.99788026807106
2018-08-25 10:00:00,5.55027726299113
2018-08-25 11:00:00,5.63979786400711
2018-08-25 12:00:00,5.19219485892718
2018-08-25 13:00:00,5.37123606095916
2018-08-25 14:00:00,5.7293184650231
2018-08-25 15:00:00,5.63979786400711
2018-08-25 16:00:00,5.37123606095916
2018-08-25 17:00:00,5.7293184650231
2018-08-25 18:00:00,5.19219485892718
2018-08-25 19:00:00,5.63979786400711
2018-08-25 20:00:00,5.81883906603908
2018-08-25 21:00:00,5.81883906603908
2018-08-25 22:00:00,5.81883906603908
2018-08-25 23:00:00,5.7293184650231
2018-08-26 00:00:00,5.7293184650231
2018-08-26 01:00:00,5.46075666197514
2018-08-26 02:00:00,5.37123606095916
2018-08-26 03:00:00,5.99788026807106
2018-08-26 04:00:00,5.81883906603908
2018-08-26 05:00:00,5.63979786400711
2018-08-26 06:00:00,5.63979786400711
2018-08-26 07:00:00,5.46075666197514
2018-08-26 08:00:00,6.08740086908704
2018-08-26 09:00:00,5.55027726299113
2018-08-26 10:00:00,4.74459185384725
2018-08-26 11:00:00,5.1026742579112
2018-08-26 12:00:00,5.55027726299113
2018-08-26 13:00:00,5.1026742579112
2018-08-26 14:00:00,5.1026742579112
2018-08-26 15:00:00,5.46075666197514
2018-08-26 16:00:00,4.92363305587923
2018-08-26 17:00:00,5.46075666197514
2018-08-26 18:00:00,5.63979786400711
2018-08-26 19:00:00,6.08740086908704
2018-08-26 20:00:00,5.46075666197514
2018-08-26 21:00:00,6.17692147010303
2018-08-26 22:00:00,6.80356567721493
2018-08-26 23:00:00,6.53500387416697
2018-08-27 00:00:00,6.355962672135
2018-08-27 00:00:00,6.355962672135
2018-08-27 01:00:00,6.03277812948407
2018-08-27 02:00:00,6.355962672135
2018-08-27 03:00:00,5.92504994860042
2018-08-27 04:00:00,6.14050631036771
2018-08-27 05:00:00,6.46369085301864
2018-08-27 06:00:00,5.49413722506585
2018-08-27 07:00:00,5.27868086329856
2018-08-27 08:00:00,5.70959358683314
2018-08-27 09:00:00,5.70959358683314
2018-08-27 10:00:00,5.92504994860042
2018-08-27 11:00:00,5.49413722506585
2018-08-27 12:00:00,5.81732176771678
2018-08-27 13:00:00,6.03277812948407
2018-08-27 14:00:00,5.81732176771678
2018-08-27 15:00:00,5.92504994860042
2018-08-27 16:00:00,6.24823449125136
2018-08-27 17:00:00,5.49413722506585
2018-08-27 18:00:00,6.355962672135
2018-08-27 19:00:00,7.00233175743686
2018-08-27 20:00:00,6.57141903390229
2018-08-27 21:00:00,7.3255163000878
2018-08-27 22:00:00,8.51052628980788
2018-08-27 23:00:00,7.97188538538966
2018-08-28 00:00:00,7.21778811920415
2018-08-28 01:00:00,7.21778811920415
2018-08-28 02:00:00,7.54097266185508
2018-08-28 03:00:00,7.11005993832051
2018-08-28 04:00:00,7.11005993832051
2018-08-28 05:00:00,6.46369085301864
2018-08-28 06:00:00,6.67914721478593
2018-08-28 07:00:00,6.67914721478593
2018-08-28 08:00:00,6.24823449125136
2018-08-28 09:00:00,6.355962672135
2018-08-28 10:00:00,7.00233175743686
2018-08-28 11:00:00,7.21778811920415
2018-08-28 12:00:00,7.64870084273873
2018-08-28 13:00:00,7.64870084273873
2018-08-28 14:00:00,7.3255163000878
2018-08-28 15:00:00,7.97188538538966
2018-08-28 16:00:00,7.43324448097144
2018-08-28 17:00:00,7.43324448097144
2018-08-28 18:00:00,7.75642902362237
2018-08-28 19:00:00,7.64870084273873
2018-08-28 20:00:00,8.18734174715695
2018-08-28 21:00:00,7.97188538538966
2018-08-28 22:00:00,7.86415720450602
2018-08-28 23:00:00,7.64870084273873
2018-08-29 00:00:00,7.3255163000878
2018-08-29 01:00:00,7.00233175743686
2018-08-29 02:00:00,6.57141903390229
2018-08-29 03:00:00,7.00233175743686
2018-08-29 04:00:00,7.21778811920415
2018-08-29 05:00:00,7.43324448097144
2018-08-29 06:00:00,7.11005993832051
2018-08-29 07:00:00,5.92504994860042
2018-08-29 08:00:00,6.46369085301864
2018-08-29 09:00:00,6.14050631036771
2018-08-29 10:00:00,6.78687539566958
2018-08-29 11:00:00,6.24823449125136
2018-08-29 12:00:00,6.67914721478593
2018-08-29 13:00:00,6.46369085301864
2018-08-29 14:00:00,6.46369085301864
2018-08-29 15:00:00,6.67914721478593
2018-08-29 16:00:00,6.78687539566958
2018-08-29 17:00:00,6.67914721478593
2018-08-29 18:00:00,7.43324448097144
2018-08-29 19:00:00,6.67914721478593
2018-08-29 20:00:00,7.11005993832051
2018-08-29 21:00:00,7.75642902362237
2018-08-29 22:00:00,7.75642902362237
2018-08-29 23:00:00,7.3255163000878
2018-08-30 00:00:00,6.57141903390229
2018-08-30 01:00:00,5.92504994860042
2018-08-30 02:00:00,6.355962672135
2018-08-30 03:00:00,7.00233175743686
2018-08-30 04:00:00,7.00233175743686
2018-08-30 05:00:00,6.46369085301864
2018-08-30 06:00:00,6.57141903390229
2018-08-30 07:00:00,5.92504994860042
2018-08-30 08:00:00,6.14050631036771
2018-08-30 09:00:00,5.3864090441822
2018-08-30 10:00:00,6.24823449125136
2018-08-30 11:00:00,6.24823449125136
2018-08-30 12:00:00,6.14050631036771
2018-08-30 13:00:00,6.355962672135
2018-08-30 14:00:00,6.46369085301864
2018-08-30 15:00:00,6.46369085301864
2018-08-30 16:00:00,5.92504994860042
2018-08-30 17:00:00,6.03277812948407
2018-08-30 18:00:00,7.11005993832051
2018-08-30 19:00:00,10.7728180883644
2018-08-30 20:00:00,7.3255163000878
2018-08-30 21:00:00,6.89460357655322
2018-08-30 22:00:00,7.3255163000878
2018-08-30 23:00:00,6.355962672135
2018-08-31 00:00:00,6.46369085301864
2018-08-31 01:00:00,5.92504994860042
2018-08-31 02:00:00,6.78687539566958
2018-08-31 03:00:00,6.46369085301864
2018-08-31 04:00:00,6.14050631036771
2018-08-31 05:00:00,6.89460357655322
2018-08-31 06:00:00,6.67914721478593
2018-08-31 07:00:00,5.92504994860042
2018-08-31 08:00:00,6.14050631036771
2018-08-31 09:00:00,6.57141903390229
2018-08-31 10:00:00,6.24823449125136
2018-08-31 11:00:00,6.14050631036771
2018-08-31 12:00:00,6.355962672135
2018-08-31 13:00:00,6.24823449125136
2018-08-31 14:00:00,6.14050631036771
2018-08-31 15:00:00,6.24823449125136
2018-08-31 16:00:00,6.24823449125136
2018-08-31 17:00:00,5.92504994860042
2018-08-31 18:00:00,6.67914721478593
2018-08-31 19:00:00,6.89460357655322
2018-08-31 20:00:00,6.57141903390229
2018-08-31 21:00:00,7.21778811920415
2018-08-31 22:00:00,7.21778811920415
2018-08-31 23:00:00,7.3255163000878
2018-09-01 00:00:00,6.24823449125136
2018-09-01 01:00:00,6.57141903390229
2018-09-01 02:00:00,6.24823449125136
2018-09-01 03:00:00,6.78687539566958
2018-09-01 04:00:00,6.57141903390229
2018-09-01 05:00:00,5.81732176771678
2018-09-01 06:00:00,6.24823449125136
2018-09-01 07:00:00,6.24823449125136
2018-09-01 08:00:00,5.81732176771678
2018-09-01 09:00:00,5.49413722506585
2018-09-01 10:00:00,6.03277812948407
2018-09-01 11:00:00,5.17095268241492
2018-09-01 12:00:00,5.49413722506585
2018-09-01 13:00:00,5.3864090441822
2018-09-01 14:00:00,5.3864090441822
2018-09-01 15:00:00,6.24823449125136
2018-09-01 16:00:00,6.67914721478593
2018-09-01 17:00:00,6.14050631036771
2018-09-01 18:00:00,6.14050631036771
2018-09-01 19:00:00,6.67914721478593
2018-09-01 20:00:00,7.11005993832051
2018-09-01 21:00:00,7.11005993832051
2018-09-01 22:00:00,7.3255163000878
2018-09-01 23:00:00,6.67914721478593
2018-09-02 00:00:00,6.57141903390229
2018-09-02 01:00:00,6.46369085301864
2018-09-02 02:00:00,5.70959358683314
2018-09-02 03:00:00,6.03277812948407
2018-09-02 04:00:00,6.46369085301864
2018-09-02 05:00:00,6.89460357655322
2018-09-02 06:00:00,6.57141903390229
2018-09-02 07:00:00,6.46369085301864
2018-09-02 08:00:00,6.24823449125136
2018-09-02 09:00:00,6.14050631036771
2018-09-02 10:00:00,5.92504994860042
2018-09-02 11:00:00,5.60186540594949
2018-09-02 12:00:00,5.70959358683314
2018-09-02 13:00:00,5.49413722506585
2018-09-02 14:00:00,6.24823449125136
2018-09-02 15:00:00,6.355962672135
2018-09-02 16:00:00,6.24823449125136
2018-09-02 17:00:00,6.355962672135
2018-09-02 18:00:00,6.24823449125136
2018-09-02 19:00:00,6.67914721478593
2018-09-02 20:00:00,6.57141903390229
2018-09-02 21:00:00,6.89460357655322
2018-09-02 22:00:00,7.00233175743686
2018-09-02 23:00:00,7.00233175743686
2018-09-03 00:00:00,7.11005993832051
2018-09-03 00:00:00,7.11005993832051
2018-09-03 01:00:00,6.59296467007902
2018-09-03 02:00:00,6.2051432188979
2018-09-03 03:00:00,6.59296467007902
2018-09-03 04:00:00,7.23933375538088
2018-09-03 05:00:00,6.07586940183752
2018-09-03 06:00:00,5.81732176771678
2018-09-03 07:00:00,6.46369085301864
2018-09-03 08:00:00,5.55877413359603
2018-09-03 09:00:00,6.33441703595827
2018-09-03 10:00:00,6.46369085301864
2018-09-03 11:00:00,5.81732176771678
2018-09-03 12:00:00,5.94659558477715
2018-09-03 13:00:00,6.33441703595827
2018-09-03 14:00:00,6.46369085301864
2018-09-03 15:00:00,6.07586940183752
2018-09-03 16:00:00,6.2051432188979
2018-09-03 17:00:00,5.68804795065641
2018-09-03 18:00:00,5.94659558477715
2018-09-03 19:00:00,6.33441703595827
2018-09-03 20:00:00,6.59296467007902
2018-09-03 21:00:00,7.49788138950163
2018-09-03 22:00:00,7.11005993832051
2018-09-03 23:00:00,6.98078612126014
2018-09-04 00:00:00,6.46369085301864
2018-09-04 01:00:00,6.2051432188979
2018-09-04 02:00:00,6.72223848713939
2018-09-04 03:00:00,7.23933375538088
2018-09-04 04:00:00,6.72223848713939
2018-09-04 05:00:00,6.85151230419976
2018-09-04 06:00:00,5.68804795065641
2018-09-04 07:00:00,6.85151230419976
2018-09-04 08:00:00,5.81732176771678
2018-09-04 09:00:00,6.33441703595827
2018-09-04 10:00:00,6.33441703595827
2018-09-04 11:00:00,6.33441703595827
2018-09-04 12:00:00,6.46369085301864
2018-09-04 13:00:00,6.46369085301864
2018-09-04 14:00:00,6.59296467007902
2018-09-04 15:00:00,6.72223848713939
2018-09-04 16:00:00,6.59296467007902
2018-09-04 17:00:00,6.46369085301864
2018-09-04 18:00:00,6.85151230419976
2018-09-04 19:00:00,6.98078612126014
2018-09-04 20:00:00,7.36860757244125
2018-09-04 21:00:00,6.85151230419976
2018-09-04 22:00:00,7.49788138950163
2018-09-04 23:00:00,6.33441703595827
2018-09-05 00:00:00,6.98078612126014
2018-09-05 01:00:00,6.85151230419976
2018-09-05 02:00:00,7.11005993832051
2018-09-05 03:00:00,6.46369085301864
2018-09-05 04:00:00,7.36860757244125
2018-09-05 05:00:00,6.33441703595827
2018-09-05 06:00:00,6.98078612126014
2018-09-05 07:00:00,6.33441703595827
2018-09-05 08:00:00,6.46369085301864
2018-09-05 09:00:00,6.85151230419976
2018-09-05 10:00:00,8.53207192598461
2018-09-05 11:00:00,9.30771482834685
2018-09-05 12:00:00,8.66134574304498
2018-09-05 13:00:00,9.30771482834685
2018-09-05 14:00:00,9.43698864540722
2018-09-05 15:00:00,8.91989337716573
2018-09-05 16:00:00,9.0491671942261
2018-09-05 17:00:00,9.95408391364871
2018-09-05 18:00:00,9.17844101128647
2018-09-05 19:00:00,9.56626246246759
2018-09-05 20:00:00,8.79061956010536
2018-09-05 21:00:00,8.66134574304498
2018-09-05 22:00:00,8.91989337716573
2018-09-05 23:00:00,9.0491671942261
2018-09-06 00:00:00,12.9273817060373
2018-09-06 01:00:00,10.7297268160109
2018-09-06 02:00:00,9.69553627952796
2018-09-06 03:00:00,9.30771482834685
2018-09-06 04:00:00,10.2126315477695
2018-09-06 05:00:00,9.56626246246759
2018-09-06 06:00:00,9.95408391364871
2018-09-06 07:00:00,9.43698864540722
2018-09-06 08:00:00,8.66134574304498
2018-09-06 09:00:00,8.53207192598461
2018-09-06 10:00:00,9.43698864540722
2018-09-06 11:00:00,9.17844101128647
2018-09-06 12:00:00,9.43698864540722
2018-09-06 13:00:00,8.53207192598461
2018-09-06 14:00:00,9.30771482834685
2018-09-06 15:00:00,8.53207192598461
2018-09-06 16:00:00,7.88570284068274
2018-09-06 17:00:00,9.0491671942261
2018-09-06 18:00:00,8.79061956010536
2018-09-06 19:00:00,8.66134574304498
2018-09-06 20:00:00,9.30771482834685
2018-09-06 21:00:00,9.17844101128647
2018-09-06 22:00:00,9.30771482834685
2018-09-06 23:00:00,8.01497665774312
2018-09-07 00:00:00,8.14425047480349
2018-09-07 01:00:00,7.627155206562
2018-09-07 02:00:00,8.01497665774312
2018-09-07 03:00:00,8.27352429186386
2018-09-07 04:00:00,8.01497665774312
2018-09-07 05:00:00,8.01497665774312
2018-09-07 06:00:00,8.01497665774312
2018-09-07 07:00:00,7.11005993832051
2018-09-07 08:00:00,6.98078612126014
2018-09-07 09:00:00,6.59296467007902
2018-09-07 10:00:00,7.88570284068274
2018-09-07 11:00:00,6.85151230419976
2018-09-07 12:00:00,7.11005993832051
2018-09-07 13:00:00,6.59296467007902
2018-09-07 14:00:00,6.85151230419976
2018-09-07 15:00:00,6.98078612126014
2018-09-07 16:00:00,6.98078612126014
2018-09-07 17:00:00,7.11005993832051
2018-09-07 18:00:00,6.46369085301864
2018-09-07 19:00:00,7.49788138950163
2018-09-07 20:00:00,7.11005993832051
2018-09-07 21:00:00,6.85151230419976
2018-09-07 22:00:00,7.11005993832051
2018-09-07 23:00:00,6.72223848713939
2018-09-08 00:00:00,6.59296467007902
2018-09-08 01:00:00,5.94659558477715
2018-09-08 02:00:00,6.59296467007902
2018-09-08 03:00:00,6.2051432188979
2018-09-08 04:00:00,6.07586940183752
2018-09-08 05:00:00,5.81732176771678
2018-09-08 06:00:00,6.2051432188979
2018-09-08 07:00:00,6.59296467007902
2018-09-08 08:00:00,5.42950031653566
2018-09-08 09:00:00,5.81732176771678
2018-09-08 10:00:00,5.55877413359603
2018-09-08 11:00:00,5.55877413359603
2018-09-08 12:00:00,5.68804795065641
2018-09-08 13:00:00,5.30022649947529
2018-09-08 14:00:00,5.81732176771678
2018-09-08 15:00:00,5.94659558477715
2018-09-08 16:00:00,6.33441703595827
2018-09-08 17:00:00,5.94659558477715
2018-09-08 18:00:00,7.11005993832051
2018-09-08 19:00:00,7.23933375538088
2018-09-08 20:00:00,7.49788138950163
2018-09-08 21:00:00,7.627155206562
2018-09-08 22:00:00,7.627155206562
2018-09-08 23:00:00,6.98078612126014
2018-09-09 00:00:00,6.46369085301864
2018-09-09 01:00:00,6.46369085301864
2018-09-09 02:00:00,6.2051432188979
2018-09-09 03:00:00,6.59296467007902
2018-09-09 04:00:00,6.98078612126014
2018-09-09 05:00:00,6.07586940183752
2018-09-09 06:00:00,5.94659558477715
2018-09-09 07:00:00,5.81732176771678
2018-09-09 08:00:00,6.2051432188979
2018-09-09 09:00:00,5.55877413359603
2018-09-09 10:00:00,5.55877413359603
2018-09-09 11:00:00,5.94659558477715
2018-09-09 12:00:00,6.2051432188979
2018-09-09 13:00:00,5.55877413359603
2018-09-09 14:00:00,5.81732176771678
2018-09-09 15:00:00,5.30022649947529
2018-09-09 16:00:00,5.81732176771678
2018-09-09 17:00:00,5.30022649947529
2018-09-09 18:00:00,5.42950031653566
2018-09-09 19:00:00,5.30022649947529
2018-09-09 20:00:00,5.81732176771678
2018-09-09 21:00:00,5.55877413359603
2018-09-09 22:00:00,6.85151230419976
2018-09-09 23:00:00,6.33441703595827
2018-09-10 00:00:00,6.85151230419976
2018-09-10 00:00:00,6.85151230419976
2018-09-10 01:00:00,6.26662710749978
2018-09-10 02:00:00,6.43373716369978
2018-09-10 03:00:00,6.51729219179977
2018-09-10 04:00:00,6.76795727609977
2018-09-10 05:00:00,6.43373716369978
2018-09-10 06:00:00,5.7652969388998
2018-09-10 07:00:00,5.7652969388998
2018-09-10 08:00:00,5.7652969388998
2018-09-10 09:00:00,5.8488519669998
2018-09-10 10:00:00,5.8488519669998
2018-09-10 11:00:00,6.09951705129979
2018-09-10 12:00:00,6.01596202319979
2018-09-10 13:00:00,6.43373716369978
2018-09-10 14:00:00,6.01596202319979
2018-09-10 15:00:00,6.18307207939979
2018-09-10 16:00:00,6.18307207939979
2018-09-10 17:00:00,6.51729219179977
2018-09-10 18:00:00,6.26662710749978
2018-09-10 19:00:00,7.18573241659975
2018-09-10 20:00:00,7.68706258519974
2018-09-10 21:00:00,7.43639750089974
2018-09-10 22:00:00,7.26928744469975
2018-09-10 23:00:00,7.18573241659975
2018-09-11 00:00:00,6.76795727609977
2018-09-11 01:00:00,6.43373716369978
2018-09-11 02:00:00,6.35018213559978
2018-09-11 03:00:00,6.85151230419976
2018-09-11 04:00:00,6.68440224799977
2018-09-11 05:00:00,6.35018213559978
2018-09-11 06:00:00,6.51729219179977
2018-09-11 07:00:00,6.76795727609977
2018-09-11 08:00:00,5.9324069950998
2018-09-11 09:00:00,6.18307207939979
2018-09-11 10:00:00,6.43373716369978
2018-09-11 11:00:00,6.01596202319979
2018-09-11 12:00:00,6.09951705129979
2018-09-11 13:00:00,6.09951705129979
2018-09-11 14:00:00,6.68440224799977
2018-09-11 15:00:00,7.18573241659975
2018-09-11 16:00:00,6.60084721989977
2018-09-11 17:00:00,6.85151230419976
2018-09-11 18:00:00,6.76795727609977
2018-09-11 19:00:00,6.60084721989977
2018-09-11 20:00:00,7.60350755709974
2018-09-11 21:00:00,7.43639750089974
2018-09-11 22:00:00,7.68706258519974
2018-09-11 23:00:00,6.76795727609977
2018-09-12 00:00:00,7.01862236039976
2018-09-12 01:00:00,6.26662710749978
2018-09-12 02:00:00,8.35550280999971
2018-09-12 03:00:00,7.18573241659975
2018-09-12 04:00:00,6.93506733229976
2018-09-12 05:00:00,7.51995252899974
2018-09-12 06:00:00,6.26662710749978
2018-09-12 07:00:00,7.10217738849975
2018-09-12 08:00:00,6.43373716369978
2018-09-12 09:00:00,6.93506733229976
2018-09-12 10:00:00,7.18573241659975
2018-09-12 11:00:00,7.18573241659975
2018-09-12 12:00:00,6.43373716369978
2018-09-12 13:00:00,7.43639750089974
2018-09-12 14:00:00,7.43639750089974
2018-09-12 15:00:00,7.85417264139973
2018-09-12 16:00:00,7.18573241659975
2018-09-12 17:00:00,6.60084721989977
2018-09-12 18:00:00,7.26928744469975
2018-09-12 19:00:00,7.77061761329973
2018-09-12 20:00:00,7.93772766949973
2018-09-12 21:00:00,8.10483772569972
2018-09-12 22:00:00,7.60350755709974
2018-09-12 23:00:00,7.60350755709974
2018-09-13 00:00:00,7.35284247279975
2018-09-13 01:00:00,6.35018213559978
2018-09-13 02:00:00,6.76795727609977
2018-09-13 03:00:00,7.10217738849975
2018-09-13 04:00:00,7.35284247279975
2018-09-13 05:00:00,7.68706258519974
2018-09-13 06:00:00,6.60084721989977
2018-09-13 07:00:00,6.51729219179977
2018-09-13 08:00:00,6.01596202319979
2018-09-13 09:00:00,6.51729219179977
2018-09-13 10:00:00,7.43639750089974
2018-09-13 11:00:00,7.10217738849975
2018-09-13 12:00:00,6.68440224799977
2018-09-13 13:00:00,6.51729219179977
2018-09-13 14:00:00,7.35284247279975
2018-09-13 15:00:00,7.35284247279975
2018-09-13 16:00:00,6.60084721989977
2018-09-13 17:00:00,7.18573241659975
2018-09-13 18:00:00,6.60084721989977
2018-09-13 19:00:00,6.93506733229976
2018-09-13 20:00:00,7.60350755709974
2018-09-13 21:00:00,8.10483772569972
2018-09-13 22:00:00,7.43639750089974
2018-09-13 23:00:00,6.85151230419976
2018-09-14 00:00:00,7.01862236039976
2018-09-14 01:00:00,5.8488519669998
2018-09-14 02:00:00,6.60084721989977
2018-09-14 03:00:00,6.76795727609977
2018-09-14 04:00:00,6.93506733229976
2018-09-14 05:00:00,7.60350755709974
2018-09-14 06:00:00,7.10217738849975
2018-09-14 07:00:00,6.93506733229976
2018-09-14 08:00:00,6.68440224799977
2018-09-14 09:00:00,6.26662710749978
2018-09-14 10:00:00,6.35018213559978
2018-09-14 11:00:00,5.7652969388998
2018-09-14 12:00:00,5.7652969388998
2018-09-14 13:00:00,6.01596202319979
2018-09-14 14:00:00,5.8488519669998
2018-09-14 15:00:00,6.01596202319979
2018-09-14 16:00:00,5.9324069950998
2018-09-14 17:00:00,6.09951705129979
2018-09-14 18:00:00,6.09951705129979
2018-09-14 19:00:00,6.60084721989977
2018-09-14 20:00:00,6.76795727609977
2018-09-14 21:00:00,6.51729219179977
2018-09-14 22:00:00,7.01862236039976
2018-09-14 23:00:00,6.26662710749978
2018-09-15 00:00:00,6.35018213559978
2018-09-15 01:00:00,5.51463185459981
2018-09-15 02:00:00,5.51463185459981
2018-09-15 03:00:00,6.35018213559978
2018-09-15 04:00:00,6.43373716369978
2018-09-15 05:00:00,5.59818688269981
2018-09-15 06:00:00,5.34752179839981
2018-09-15 07:00:00,5.6817419107998
2018-09-15 08:00:00,5.34752179839981
2018-09-15 09:00:00,5.6817419107998
2018-09-15 10:00:00,5.09685671409982
2018-09-15 11:00:00,5.26396677029982
2018-09-15 12:00:00,5.26396677029982
2018-09-15 13:00:00,5.18041174219982
2018-09-15 14:00:00,5.26396677029982
2018-09-15 15:00:00,5.18041174219982
2018-09-15 16:00:00,5.18041174219982
2018-09-15 17:00:00,5.18041174219982
2018-09-15 18:00:00,5.59818688269981
2018-09-15 19:00:00,5.8488519669998
2018-09-15 20:00:00,5.7652969388998
2018-09-15 21:00:00,5.18041174219982
2018-09-15 22:00:00,6.18307207939979
2018-09-15 23:00:00,5.9324069950998
2018-09-16 00:00:00,5.34752179839981
2018-09-16 01:00:00,4.51197151739984
2018-09-16 02:00:00,5.43107682649981
2018-09-16 03:00:00,5.43107682649981
2018-09-16 04:00:00,5.7652969388998
2018-09-16 05:00:00,5.9324069950998
2018-09-16 06:00:00,5.34752179839981
2018-09-16 07:00:00,5.18041174219982
2018-09-16 08:00:00,4.92974665789983
2018-09-16 09:00:00,5.18041174219982
2018-09-16 10:00:00,4.92974665789983
2018-09-16 11:00:00,4.92974665789983
2018-09-16 12:00:00,5.43107682649981
2018-09-16 13:00:00,4.76263660169984
2018-09-16 14:00:00,5.01330168599983
2018-09-16 15:00:00,5.34752179839981
2018-09-16 16:00:00,5.34752179839981
2018-09-16 17:00:00,4.67908157359984
2018-09-16 18:00:00,5.26396677029982
2018-09-16 19:00:00,5.26396677029982
2018-09-16 20:00:00,5.51463185459981
2018-09-16 21:00:00,6.51729219179977
2018-09-16 22:00:00,6.26662710749978
2018-09-16 23:00:00,5.7652969388998
2018-09-17 00:00:00,5.8488519669998
2018-09-17 00:00:00,5.8488519669998
2018-09-17 01:00:00,6.30460666572705
2018-09-17 02:00:00,6.07672931636343
2018-09-17 03:00:00,6.00077019990888
2018-09-17 04:00:00,5.77289285054525
2018-09-17 05:00:00,6.00077019990888
2018-09-17 06:00:00,5.62097461763617
2018-09-17 07:00:00,5.92481108345434
2018-09-17 08:00:00,5.77289285054525
2018-09-17 09:00:00,5.24117903536345
2018-09-17 10:00:00,5.92481108345434
2018-09-17 11:00:00,5.01330168599983
2018-09-17 12:00:00,5.54501550118163
2018-09-17 13:00:00,5.77289285054525
2018-09-17 14:00:00,6.22864754927251
2018-09-17 15:00:00,6.45652489863614
2018-09-17 16:00:00,6.3805657821816
2018-09-17 17:00:00,6.30460666572705
2018-09-17 18:00:00,5.62097461763617
2018-09-17 19:00:00,6.3805657821816
2018-09-17 20:00:00,6.98823871381794
2018-09-17 21:00:00,7.06419783027248
2018-09-17 22:00:00,7.4439934125452
2018-09-17 23:00:00,6.60844313154523
2018-09-18 00:00:00,6.22864754927251
2018-09-18 01:00:00,7.06419783027248
2018-09-18 02:00:00,5.54501550118163
2018-09-18 03:00:00,6.07672931636343
2018-09-18 04:00:00,6.60844313154523
2018-09-18 05:00:00,6.68440224799977
2018-09-18 06:00:00,5.92481108345434
2018-09-18 07:00:00,5.77289285054525
2018-09-18 08:00:00,5.46905638472708
2018-09-18 09:00:00,5.62097461763617
2018-09-18 10:00:00,5.8488519669998
2018-09-18 11:00:00,5.54501550118163
2018-09-18 12:00:00,5.54501550118163
2018-09-18 13:00:00,5.54501550118163
2018-09-18 14:00:00,6.07672931636343
2018-09-18 15:00:00,5.8488519669998
2018-09-18 16:00:00,6.00077019990888
2018-09-18 17:00:00,5.46905638472708
2018-09-18 18:00:00,5.77289285054525
2018-09-18 19:00:00,6.22864754927251
2018-09-18 20:00:00,6.07672931636343
2018-09-18 21:00:00,6.30460666572705
2018-09-18 22:00:00,7.14015694672703
2018-09-18 23:00:00,6.45652489863614
2018-09-19 00:00:00,6.3805657821816
2018-09-19 01:00:00,5.8488519669998
2018-09-19 02:00:00,6.07672931636343
2018-09-19 03:00:00,6.30460666572705
2018-09-19 04:00:00,6.15268843281797
2018-09-19 05:00:00,6.22864754927251
2018-09-19 06:00:00,6.07672931636343
2018-09-19 07:00:00,5.92481108345434
2018-09-19 08:00:00,6.3805657821816
2018-09-19 09:00:00,5.39309726827254
2018-09-19 10:00:00,5.69693373409071
2018-09-19 11:00:00,5.92481108345434
2018-09-19 12:00:00,5.92481108345434
2018-09-19 13:00:00,5.62097461763617
2018-09-19 14:00:00,5.54501550118163
2018-09-19 15:00:00,5.46905638472708
2018-09-19 16:00:00,6.15268843281797
2018-09-19 17:00:00,6.07672931636343
2018-09-19 18:00:00,6.98823871381794
2018-09-19 19:00:00,7.51995252899974
2018-09-19 20:00:00,7.21611606318157
2018-09-19 21:00:00,6.60844313154523
2018-09-19 22:00:00,6.83632048090886
2018-09-19 23:00:00,6.9122795973634
2018-09-20 00:00:00,6.22864754927251
2018-09-20 01:00:00,5.69693373409071
2018-09-20 02:00:00,6.3805657821816
2018-09-20 03:00:00,5.92481108345434
2018-09-20 04:00:00,6.53248401509068
2018-09-20 05:00:00,5.8488519669998
2018-09-20 06:00:00,5.54501550118163
2018-09-20 07:00:00,5.62097461763617
2018-09-20 08:00:00,5.69693373409071
2018-09-20 09:00:00,5.62097461763617
2018-09-20 10:00:00,5.8488519669998
2018-09-20 11:00:00,6.22864754927251
2018-09-20 12:00:00,6.07672931636343
2018-09-20 13:00:00,6.30460666572705
2018-09-20 14:00:00,5.92481108345434
2018-09-20 15:00:00,5.46905638472708
2018-09-20 16:00:00,5.77289285054525
2018-09-20 17:00:00,5.46905638472708
2018-09-20 18:00:00,5.8488519669998
2018-09-20 19:00:00,6.60844313154523
2018-09-20 20:00:00,6.83632048090886
2018-09-20 21:00:00,7.14015694672703
2018-09-20 22:00:00,6.98823871381794
2018-09-20 23:00:00,7.4439934125452
2018-09-21 00:00:00,6.22864754927251
2018-09-21 01:00:00,6.00077019990888
2018-09-21 02:00:00,5.77289285054525
2018-09-21 03:00:00,6.3805657821816
2018-09-21 04:00:00,6.30460666572705
2018-09-21 05:00:00,6.9122795973634
2018-09-21 06:00:00,6.30460666572705
2018-09-21 07:00:00,6.07672931636343
2018-09-21 08:00:00,6.83632048090886
2018-09-21 09:00:00,6.45652489863614
2018-09-21 10:00:00,7.29207517963611
2018-09-21 11:00:00,6.45652489863614
2018-09-21 12:00:00,7.06419783027248
2018-09-21 13:00:00,6.30460666572705
2018-09-21 14:00:00,6.53248401509068
2018-09-21 15:00:00,6.98823871381794
2018-09-21 16:00:00,6.45652489863614
2018-09-21 17:00:00,7.06419783027248
2018-09-21 18:00:00,6.30460666572705
2018-09-21 19:00:00,7.21611606318157
2018-09-21 20:00:00,7.36803429609066
2018-09-21 21:00:00,7.06419783027248
2018-09-21 22:00:00,7.59591164545428
2018-09-21 23:00:00,6.76036136445431
2018-09-22 00:00:00,6.76036136445431
2018-09-22 01:00:00,6.76036136445431
2018-09-22 02:00:00,6.83632048090886
2018-09-22 03:00:00,6.53248401509068
2018-09-22 04:00:00,5.8488519669998
2018-09-22 05:00:00,6.15268843281797
2018-09-22 06:00:00,5.77289285054525
2018-09-22 07:00:00,6.60844313154523
2018-09-22 08:00:00,5.77289285054525
2018-09-22 09:00:00,5.77289285054525
2018-09-22 10:00:00,5.317138151818
2018-09-22 11:00:00,6.07672931636343
2018-09-22 12:00:00,5.92481108345434
2018-09-22 13:00:00,5.24117903536345
2018-09-22 14:00:00,5.39309726827254
2018-09-22 15:00:00,5.77289285054525
2018-09-22 16:00:00,5.16521991890891
2018-09-22 17:00:00,5.46905638472708
2018-09-22 18:00:00,5.62097461763617
2018-09-22 19:00:00,5.69693373409071
2018-09-22 20:00:00,6.07672931636343
2018-09-22 21:00:00,5.69693373409071
2018-09-22 22:00:00,6.07672931636343
2018-09-22 23:00:00,6.00077019990888
2018-09-23 00:00:00,5.92481108345434
2018-09-23 01:00:00,5.39309726827254
2018-09-23 02:00:00,5.62097461763617
2018-09-23 03:00:00,5.39309726827254
2018-09-23 04:00:00,5.69693373409071
2018-09-23 05:00:00,5.08926080245437
2018-09-23 06:00:00,5.01330168599983
2018-09-23 07:00:00,5.92481108345434
2018-09-23 08:00:00,5.16521991890891
2018-09-23 09:00:00,5.16521991890891
2018-09-23 10:00:00,5.24117903536345
2018-09-23 11:00:00,5.01330168599983
2018-09-23 12:00:00,5.16521991890891
2018-09-23 13:00:00,5.08926080245437
2018-09-23 14:00:00,5.01330168599983
2018-09-23 15:00:00,5.54501550118163
2018-09-23 16:00:00,5.54501550118163
2018-09-23 17:00:00,4.63350610372711
2018-09-23 18:00:00,5.16521991890891
2018-09-23 19:00:00,5.317138151818
2018-09-23 20:00:00,5.92481108345434
2018-09-23 21:00:00,6.60844313154523
2018-09-23 22:00:00,6.30460666572705
2018-09-23 23:00:00,5.77289285054525
2018-09-24 00:00:00,5.69693373409071
2018-09-24 00:00:00,5.69693373409071
2018-09-24 01:00:00,5.24117903536345
2018-09-24 02:00:00,5.54501550118163
2018-09-24 03:00:00,6.22864754927251
2018-09-24 04:00:00,6.22864754927251
2018-09-24 05:00:00,5.69693373409071
2018-09-24 06:00:00,5.39309726827254
2018-09-24 07:00:00,5.39309726827254
2018-09-24 08:00:00,5.54501550118163
2018-09-24 09:00:00,5.62097461763617
2018-09-24 10:00:00,6.07672931636343
2018-09-24 11:00:00,5.62097461763617
2018-09-24 12:00:00,5.92481108345434
2018-09-24 13:00:00,5.16521991890891
2018-09-24 14:00:00,5.69693373409071
2018-09-24 15:00:00,5.92481108345434
2018-09-24 16:00:00,5.77289285054525
2018-09-24 17:00:00,5.62097461763617
2018-09-24 18:00:00,5.69693373409071
2018-09-24 19:00:00,5.8488519669998
2018-09-24 20:00:00,6.07672931636343
2018-09-24 21:00:00,6.53248401509068
2018-09-24 22:00:00,6.68440224799977
2018-09-24 23:00:00,6.22864754927251
2018-09-25 00:00:00,6.15268843281797
2018-09-25 01:00:00,6.15268843281797
2018-09-25 02:00:00,7.06419783027248
2018-09-25 03:00:00,6.22864754927251
2018-09-25 04:00:00,6.45652489863614
2018-09-25 05:00:00,6.53248401509068
2018-09-25 06:00:00,5.92481108345434
2018-09-25 07:00:00,6.07672931636343
2018-09-25 08:00:00,5.46905638472708
2018-09-25 09:00:00,5.54501550118163
2018-09-25 10:00:00,6.22864754927251
2018-09-25 11:00:00,5.69693373409071
2018-09-25 12:00:00,5.39309726827254
2018-09-25 13:00:00,5.46905638472708
2018-09-25 14:00:00,5.62097461763617
2018-09-25 15:00:00,5.46905638472708
2018-09-25 16:00:00,5.62097461763617
2018-09-25 17:00:00,5.62097461763617
2018-09-25 18:00:00,6.07672931636343
2018-09-25 19:00:00,5.92481108345434
2018-09-25 20:00:00,6.45652489863614
2018-09-25 21:00:00,6.53248401509068
2018-09-25 22:00:00,6.98823871381794
2018-09-25 23:00:00,6.00077019990888
2018-09-26 00:00:00,6.15268843281797
2018-09-26 01:00:00,5.77289285054525
2018-09-26 02:00:00,6.3805657821816
2018-09-26 03:00:00,5.92481108345434
2018-09-26 04:00:00,6.30460666572705
2018-09-26 05:00:00,6.22864754927251
2018-09-26 06:00:00,6.07672931636343
2018-09-26 07:00:00,5.16521991890891
2018-09-26 08:00:00,5.8488519669998
2018-09-26 09:00:00,5.39309726827254
2018-09-26 10:00:00,6.00077019990888
2018-09-26 11:00:00,6.00077019990888
2018-09-26 12:00:00,5.54501550118163
2018-09-26 13:00:00,5.01330168599983
2018-09-26 14:00:00,5.39309726827254
2018-09-26 15:00:00,5.62097461763617
2018-09-26 16:00:00,5.8488519669998
2018-09-26 17:00:00,6.3805657821816
2018-09-26 18:00:00,6.30460666572705
2018-09-26 19:00:00,6.07672931636343
2018-09-26 20:00:00,6.45652489863614
2018-09-26 21:00:00,6.76036136445431
2018-09-26 22:00:00,6.83632048090886
2018-09-26 23:00:00,6.22864754927251
2018-09-27 00:00:00,5.46905638472708
2018-09-27 01:00:00,5.46905638472708
2018-09-27 02:00:00,6.00077019990888
2018-09-27 03:00:00,6.00077019990888
2018-09-27 04:00:00,5.317138151818
2018-09-27 05:00:00,5.92481108345434
2018-09-27 06:00:00,5.92481108345434
2018-09-27 07:00:00,6.00077019990888
2018-09-27 08:00:00,5.01330168599983
2018-09-27 09:00:00,5.24117903536345
2018-09-27 10:00:00,5.39309726827254
2018-09-27 11:00:00,5.39309726827254
2018-09-27 12:00:00,5.8488519669998
2018-09-27 13:00:00,5.39309726827254
2018-09-27 14:00:00,5.317138151818
2018-09-27 15:00:00,5.69693373409071
2018-09-27 16:00:00,5.8488519669998
2018-09-27 17:00:00,5.54501550118163
2018-09-27 18:00:00,5.54501550118163
2018-09-27 19:00:00,5.77289285054525
2018-09-27 20:00:00,7.29207517963611
2018-09-27 21:00:00,7.4439934125452
2018-09-27 22:00:00,7.59591164545428
2018-09-27 23:00:00,6.68440224799977
2018-09-28 00:00:00,6.9122795973634
2018-09-28 01:00:00,5.69693373409071
2018-09-28 02:00:00,6.07672931636343
2018-09-28 03:00:00,6.30460666572705
2018-09-28 04:00:00,6.3805657821816
2018-09-28 05:00:00,6.15268843281797
2018-09-28 06:00:00,6.15268843281797
2018-09-28 07:00:00,5.77289285054525
2018-09-28 08:00:00,5.46905638472708
2018-09-28 09:00:00,5.54501550118163
2018-09-28 10:00:00,5.62097461763617
2018-09-28 11:00:00,6.07672931636343
2018-09-28 12:00:00,5.54501550118163
2018-09-28 13:00:00,5.46905638472708
2018-09-28 14:00:00,5.69693373409071
2018-09-28 15:00:00,5.24117903536345
2018-09-28 16:00:00,5.317138151818
2018-09-28 17:00:00,5.39309726827254
2018-09-28 18:00:00,5.317138151818
2018-09-28 19:00:00,5.69693373409071
2018-09-28 20:00:00,6.07672931636343
2018-09-28 21:00:00,5.62097461763617
2018-09-28 22:00:00,6.68440224799977
2018-09-28 23:00:00,6.30460666572705
2018-09-29 00:00:00,5.77289285054525
2018-09-29 01:00:00,6.15268843281797
2018-09-29 02:00:00,4.93734256954528
2018-09-29 03:00:00,5.54501550118163
2018-09-29 04:00:00,5.16521991890891
2018-09-29 05:00:00,5.24117903536345
2018-09-29 06:00:00,4.55754698727257
2018-09-29 07:00:00,4.70946522018166
2018-09-29 08:00:00,4.70946522018166
2018-09-29 09:00:00,5.01330168599983
2018-09-29 10:00:00,4.86138345309074
2018-09-29 11:00:00,4.63350610372711
2018-09-29 12:00:00,4.70946522018166
2018-09-29 13:00:00,4.40562875436348
2018-09-29 14:00:00,4.55754698727257
2018-09-29 15:00:00,4.7854243366362
2018-09-29 16:00:00,4.70946522018166
2018-09-29 17:00:00,5.08926080245437
2018-09-29 18:00:00,4.93734256954528
2018-09-29 19:00:00,4.7854243366362
2018-09-29 20:00:00,5.92481108345434
2018-09-29 21:00:00,4.86138345309074
2018-09-29 22:00:00,5.317138151818
2018-09-29 23:00:00,5.77289285054525
2018-09-30 00:00:00,5.16521991890891
2018-09-30 01:00:00,5.54501550118163
2018-09-30 02:00:00,5.77289285054525
2018-09-30 03:00:00,4.93734256954528
2018-09-30 04:00:00,5.317138151818
2018-09-30 05:00:00,4.93734256954528
2018-09-30 06:00:00,5.39309726827254
2018-09-30 07:00:00,4.86138345309074
2018-09-30 08:00:00,4.86138345309074
2018-09-30 09:00:00,5.01330168599983
2018-09-30 10:00:00,4.55754698727257
2018-09-30 11:00:00,4.32966963790894
2018-09-30 12:00:00,4.32966963790894
2018-09-30 13:00:00,4.7854243366362
2018-09-30 14:00:00,4.86138345309074
2018-09-30 15:00:00,4.86138345309074
2018-09-30 16:00:00,4.93734256954528
2018-09-30 17:00:00,4.93734256954528
2018-09-30 18:00:00,5.01330168599983
2018-09-30 19:00:00,5.317138151818
2018-09-30 20:00:00,5.39309726827254
2018-09-30 21:00:00,6.00077019990888
2018-09-30 22:00:00,5.46905638472708
2018-09-30 23:00:00,5.62097461763617
2018-10-01 00:00:00,5.54501550118163
2018-10-01 00:00:00,5.54501550118163
2018-10-01 01:00:00,5.32897593620052
2018-10-01 02:00:00,5.25696274787349
2018-10-01 03:00:00,5.40098912452756
2018-10-01 04:00:00,5.18494955954646
2018-10-01 05:00:00,5.9050814428168
2018-10-01 06:00:00,5.25696274787349
2018-10-01 07:00:00,5.40098912452756
2018-10-01 08:00:00,5.11293637121942
2018-10-01 09:00:00,4.75287042958425
2018-10-01 10:00:00,5.61702868950866
2018-10-01 11:00:00,5.68904187783569
2018-10-01 12:00:00,4.82488361791128
2018-10-01 13:00:00,5.11293637121942
2018-10-01 14:00:00,5.32897593620052
2018-10-01 15:00:00,5.40098912452756
2018-10-01 16:00:00,4.60884405293018
2018-10-01 17:00:00,4.89689680623832
2018-10-01 18:00:00,5.68904187783569
2018-10-01 19:00:00,5.04092318289239
2018-10-01 20:00:00,5.97709463114383
2018-10-01 21:00:00,6.04910781947087
2018-10-01 22:00:00,6.337160572779
2018-10-01 23:00:00,5.54501550118163
2018-10-02 00:00:00,5.25696274787349
2018-10-02 01:00:00,5.40098912452756
2018-10-02 02:00:00,5.76105506616273
2018-10-02 03:00:00,4.89689680623832
2018-10-02 04:00:00,5.61702868950866
2018-10-02 05:00:00,5.32897593620052
2018-10-02 06:00:00,5.76105506616273
2018-10-02 07:00:00,4.96890999456535
2018-10-02 08:00:00,4.82488361791128
2018-10-02 09:00:00,5.54501550118163
2018-10-02 10:00:00,5.83306825448976
2018-10-02 11:00:00,5.11293637121942
2018-10-02 12:00:00,5.11293637121942
2018-10-02 13:00:00,5.32897593620052
2018-10-02 14:00:00,5.32897593620052
2018-10-02 15:00:00,5.47300231285459
2018-10-02 16:00:00,5.18494955954646
2018-10-02 17:00:00,4.68085724125722
2018-10-02 18:00:00,5.32897593620052
2018-10-02 19:00:00,5.54501550118163
2018-10-02 20:00:00,5.61702868950866
2018-10-02 21:00:00,6.40917376110604
2018-10-02 22:00:00,6.1211210077979
2018-10-02 23:00:00,6.04910781947087
2018-10-03 00:00:00,6.04910781947087
2018-10-03 01:00:00,5.11293637121942
2018-10-03 02:00:00,5.76105506616273
2018-10-03 03:00:00,5.54501550118163
2018-10-03 04:00:00,6.1211210077979
2018-10-03 05:00:00,5.40098912452756
2018-10-03 06:00:00,5.25696274787349
2018-10-03 07:00:00,4.89689680623832
2018-10-03 08:00:00,5.11293637121942
2018-10-03 09:00:00,5.76105506616273
2018-10-03 10:00:00,5.25696274787349
2018-10-03 11:00:00,5.25696274787349
2018-10-03 12:00:00,5.54501550118163
2018-10-03 13:00:00,5.61702868950866
2018-10-03 14:00:00,4.89689680623832
2018-10-03 15:00:00,5.32897593620052
2018-10-03 16:00:00,5.54501550118163
2018-10-03 17:00:00,4.75287042958425
2018-10-03 18:00:00,5.61702868950866
2018-10-03 19:00:00,5.47300231285459
2018-10-03 20:00:00,5.76105506616273
2018-10-03 21:00:00,5.68904187783569
2018-10-03 22:00:00,7.20131883270341
2018-10-03 23:00:00,5.61702868950866
2018-10-04 00:00:00,5.54501550118163
2018-10-04 01:00:00,5.68904187783569
2018-10-04 02:00:00,5.68904187783569
2018-10-04 03:00:00,5.68904187783569
2018-10-04 04:00:00,5.40098912452756
2018-10-04 05:00:00,5.40098912452756
2018-10-04 06:00:00,5.11293637121942
2018-10-04 07:00:00,5.25696274787349
2018-10-04 08:00:00,4.75287042958425
2018-10-04 09:00:00,4.89689680623832
2018-10-04 10:00:00,5.32897593620052
2018-10-04 11:00:00,4.82488361791128
2018-10-04 12:00:00,4.96890999456535
2018-10-04 13:00:00,4.60884405293018
2018-10-04 14:00:00,5.18494955954646
2018-10-04 15:00:00,5.25696274787349
2018-10-04 16:00:00,4.82488361791128
2018-10-04 17:00:00,4.68085724125722
2018-10-04 18:00:00,5.04092318289239
2018-10-04 19:00:00,5.47300231285459
2018-10-04 20:00:00,5.9050814428168
2018-10-04 21:00:00,5.83306825448976
2018-10-04 22:00:00,6.5532001377601
2018-10-04 23:00:00,5.83306825448976
2018-10-05 00:00:00,5.40098912452756
2018-10-05 01:00:00,5.76105506616273
2018-10-05 02:00:00,5.61702868950866
2018-10-05 03:00:00,4.96890999456535
2018-10-05 04:00:00,5.47300231285459
2018-10-05 05:00:00,5.25696274787349
2018-10-05 06:00:00,5.04092318289239
2018-10-05 07:00:00,5.11293637121942
2018-10-05 08:00:00,5.18494955954646
2018-10-05 09:00:00,5.11293637121942
2018-10-05 10:00:00,5.18494955954646
2018-10-05 11:00:00,4.75287042958425
2018-10-05 12:00:00,4.96890999456535
2018-10-05 13:00:00,4.89689680623832
2018-10-05 14:00:00,4.89689680623832
2018-10-05 15:00:00,5.18494955954646
2018-10-05 16:00:00,5.04092318289239
2018-10-05 17:00:00,4.82488361791128
2018-10-05 18:00:00,4.60884405293018
2018-10-05 19:00:00,5.47300231285459
2018-10-05 20:00:00,5.97709463114383
2018-10-05 21:00:00,5.68904187783569
2018-10-05 22:00:00,5.97709463114383
2018-10-05 23:00:00,6.26514738445197
2018-10-06 00:00:00,5.32897593620052
2018-10-06 01:00:00,5.11293637121942
2018-10-06 02:00:00,4.53683086460315
2018-10-06 03:00:00,4.89689680623832
2018-10-06 04:00:00,5.47300231285459
2018-10-06 05:00:00,4.89689680623832
2018-10-06 06:00:00,4.89689680623832
2018-10-06 07:00:00,4.89689680623832
2018-10-06 08:00:00,5.04092318289239
2018-10-06 09:00:00,4.17676492296798
2018-10-06 10:00:00,4.60884405293018
2018-10-06 11:00:00,4.03273854631391
2018-10-06 12:00:00,4.75287042958425
2018-10-06 13:00:00,4.32079129962205
2018-10-06 14:00:00,4.32079129962205
2018-10-06 15:00:00,4.39280448794908
2018-10-06 16:00:00,4.53683086460315
2018-10-06 17:00:00,4.60884405293018
2018-10-06 18:00:00,4.53683086460315
2018-10-06 19:00:00,4.82488361791128
2018-10-06 20:00:00,4.82488361791128
2018-10-06 21:00:00,5.11293637121942
2018-10-06 22:00:00,5.04092318289239
2018-10-06 23:00:00,4.96890999456535
2018-10-07 00:00:00,4.68085724125722
2018-10-07 01:00:00,4.32079129962205
2018-10-07 02:00:00,4.32079129962205
2018-10-07 03:00:00,4.24877811129501
2018-10-07 04:00:00,3.88871216965984
2018-10-07 05:00:00,4.46481767627611
2018-10-07 06:00:00,4.96890999456535
2018-10-07 07:00:00,4.10475173464094
2018-10-07 08:00:00,4.24877811129501
2018-10-07 09:00:00,4.32079129962205
2018-10-07 10:00:00,4.60884405293018
2018-10-07 11:00:00,4.03273854631391
2018-10-07 12:00:00,4.10475173464094
2018-10-07 13:00:00,4.17676492296798
2018-10-07 14:00:00,4.39280448794908
2018-10-07 15:00:00,4.17676492296798
2018-10-07 16:00:00,4.10475173464094
2018-10-07 17:00:00,4.32079129962205
2018-10-07 18:00:00,4.17676492296798
2018-10-07 19:00:00,4.89689680623832
2018-10-07 20:00:00,4.24877811129501
2018-10-07 21:00:00,4.53683086460315
2018-10-07 22:00:00,4.89689680623832
2018-10-07 23:00:00,4.24877811129501
2018-10-08 00:00:00,4.46481767627611
2018-10-08 00:00:00,4.46481767627611
2018-10-08 01:00:00,4.7895316890962
2018-10-08 02:00:00,4.87071019230122
2018-10-08 03:00:00,4.3836391730711
2018-10-08 04:00:00,5.1954242051213
2018-10-08 05:00:00,4.46481767627611
2018-10-08 06:00:00,4.46481767627611
2018-10-08 07:00:00,4.7895316890962
2018-10-08 08:00:00,4.95188869550624
2018-10-08 09:00:00,5.11424570191628
2018-10-08 10:00:00,4.62717468268616
2018-10-08 11:00:00,4.70835318589118
2018-10-08 12:00:00,5.03306719871126
2018-10-08 13:00:00,5.03306719871126
2018-10-08 14:00:00,5.27660270832632
2018-10-08 15:00:00,5.1954242051213
2018-10-08 16:00:00,5.27660270832632
2018-10-08 17:00:00,5.6013167211464
2018-10-08 18:00:00,5.6013167211464
2018-10-08 19:00:00,5.6013167211464
2018-10-08 20:00:00,6.65663726281166
2018-10-08 21:00:00,6.4131017531966
2018-10-08 22:00:00,6.33192324999158
2018-10-08 23:00:00,5.84485223076146
2018-10-09 00:00:00,5.11424570191628
2018-10-09 01:00:00,5.11424570191628
2018-10-09 02:00:00,5.03306719871126
2018-10-09 03:00:00,5.52013821794138
2018-10-09 04:00:00,5.68249522435142
2018-10-09 05:00:00,4.87071019230122
2018-10-09 06:00:00,5.76367372755644
2018-10-09 07:00:00,5.11424570191628
2018-10-09 08:00:00,4.87071019230122
2018-10-09 09:00:00,4.87071019230122
2018-10-09 10:00:00,5.52013821794138
2018-10-09 11:00:00,4.87071019230122
2018-10-09 12:00:00,5.27660270832632
2018-10-09 13:00:00,4.87071019230122
2018-10-09 14:00:00,5.11424570191628
2018-10-09 15:00:00,5.27660270832632
2018-10-09 16:00:00,5.52013821794138
2018-10-09 17:00:00,6.08838774037652
2018-10-09 18:00:00,4.62717468268616
2018-10-09 19:00:00,5.6013167211464
2018-10-09 20:00:00,5.52013821794138
2018-10-09 21:00:00,5.76367372755644
2018-10-09 22:00:00,6.16956624358154
2018-10-09 23:00:00,5.68249522435142
2018-10-10 00:00:00,5.43895971473636
2018-10-10 01:00:00,5.43895971473636
2018-10-10 02:00:00,5.52013821794138
2018-10-10 03:00:00,5.52013821794138
2018-10-10 04:00:00,5.11424570191628
2018-10-10 05:00:00,5.43895971473636
2018-10-10 06:00:00,5.11424570191628
2018-10-10 07:00:00,4.87071019230122
2018-10-10 08:00:00,5.03306719871126
2018-10-10 09:00:00,4.7895316890962
2018-10-10 10:00:00,6.0072092371715
2018-10-10 11:00:00,5.6013167211464
2018-10-10 12:00:00,5.35778121153134
2018-10-10 13:00:00,5.27660270832632
2018-10-10 14:00:00,5.43895971473636
2018-10-10 15:00:00,5.11424570191628
2018-10-10 16:00:00,5.68249522435142
2018-10-10 17:00:00,5.1954242051213
2018-10-10 18:00:00,5.6013167211464
2018-10-10 19:00:00,6.25074474678656
2018-10-10 20:00:00,6.57545875960664
2018-10-10 21:00:00,7.14370828204179
2018-10-10 22:00:00,6.73781576601668
2018-10-10 23:00:00,6.4131017531966
2018-10-11 00:00:00,6.25074474678656
2018-10-11 01:00:00,7.79313630768195
2018-10-11 02:00:00,7.63077930127191
2018-10-11 03:00:00,6.73781576601668
2018-10-11 04:00:00,7.95549331409199
2018-10-11 05:00:00,7.06252977883676
2018-10-11 06:00:00,8.11785032050203
2018-10-11 07:00:00,6.98135127563174
2018-10-11 08:00:00,6.73781576601668
2018-10-11 09:00:00,7.14370828204179
2018-10-11 10:00:00,7.38724379165685
2018-10-11 11:00:00,6.73781576601668
2018-10-11 12:00:00,6.65663726281166
2018-10-11 13:00:00,7.79313630768195
2018-10-11 14:00:00,6.90017277242672
2018-10-11 15:00:00,6.90017277242672
2018-10-11 16:00:00,7.06252977883676
2018-10-11 17:00:00,6.4131017531966
2018-10-11 18:00:00,6.49428025640162
2018-10-11 19:00:00,7.06252977883676
2018-10-11 20:00:00,7.46842229486187
2018-10-11 21:00:00,7.71195780447693
2018-10-11 22:00:00,7.46842229486187
2018-10-11 23:00:00,7.95549331409199
2018-10-12 00:00:00,6.8189942692217
2018-10-12 01:00:00,6.25074474678656
2018-10-12 02:00:00,6.49428025640162
2018-10-12 03:00:00,6.33192324999158
2018-10-12 04:00:00,6.4131017531966
2018-10-12 05:00:00,6.8189942692217
2018-10-12 06:00:00,6.16956624358154
2018-10-12 07:00:00,5.84485223076146
2018-10-12 08:00:00,6.16956624358154
2018-10-12 09:00:00,5.6013167211464
2018-10-12 10:00:00,6.08838774037652
2018-10-12 11:00:00,5.52013821794138
2018-10-12 12:00:00,5.6013167211464
2018-10-12 13:00:00,5.35778121153134
2018-10-12 14:00:00,5.11424570191628
2018-10-12 15:00:00,5.52013821794138
2018-10-12 16:00:00,5.92603073396648
2018-10-12 17:00:00,5.84485223076146
2018-10-12 18:00:00,5.76367372755644
2018-10-12 19:00:00,5.68249522435142
2018-10-12 20:00:00,6.25074474678656
2018-10-12 21:00:00,5.84485223076146
2018-10-12 22:00:00,6.0072092371715
2018-10-12 23:00:00,5.1954242051213
2018-10-13 00:00:00,5.27660270832632
2018-10-13 01:00:00,5.92603073396648
2018-10-13 02:00:00,5.6013167211464
2018-10-13 03:00:00,5.35778121153134
2018-10-13 04:00:00,5.11424570191628
2018-10-13 05:00:00,5.35778121153134
2018-10-13 06:00:00,5.03306719871126
2018-10-13 07:00:00,4.30246066986607
2018-10-13 08:00:00,5.03306719871126
2018-10-13 09:00:00,4.62717468268616
2018-10-13 10:00:00,4.87071019230122
2018-10-13 11:00:00,4.70835318589118
2018-10-13 12:00:00,4.87071019230122
2018-10-13 13:00:00,4.95188869550624
2018-10-13 14:00:00,4.95188869550624
2018-10-13 15:00:00,4.70835318589118
2018-10-13 16:00:00,4.87071019230122
2018-10-13 17:00:00,4.22128216666105
2018-10-13 18:00:00,4.62717468268616
2018-10-13 19:00:00,4.62717468268616
2018-10-13 20:00:00,5.35778121153134
2018-10-13 21:00:00,5.27660270832632
2018-10-13 22:00:00,5.52013821794138
2018-10-13 23:00:00,4.7895316890962
2018-10-14 00:00:00,4.95188869550624
2018-10-14 01:00:00,5.11424570191628
2018-10-14 02:00:00,4.87071019230122
2018-10-14 03:00:00,4.14010366345603
2018-10-14 04:00:00,5.1954242051213
2018-10-14 05:00:00,4.22128216666105
2018-10-14 06:00:00,5.1954242051213
2018-10-14 07:00:00,5.27660270832632
2018-10-14 08:00:00,5.6013167211464
2018-10-14 09:00:00,4.70835318589118
2018-10-14 10:00:00,4.70835318589118
2018-10-14 11:00:00,5.03306719871126
2018-10-14 12:00:00,4.70835318589118
2018-10-14 13:00:00,4.3836391730711
2018-10-14 14:00:00,4.87071019230122
2018-10-14 15:00:00,4.54599617948113
2018-10-14 16:00:00,4.30246066986607
2018-10-14 17:00:00,4.7895316890962
2018-10-14 18:00:00,5.27660270832632
2018-10-14 19:00:00,4.95188869550624
2018-10-14 20:00:00,5.35778121153134
2018-10-14 21:00:00,4.95188869550624
2018-10-14 22:00:00,6.33192324999158
2018-10-14 23:00:00,5.1954242051213
2018-10-15 00:00:00,5.6013167211464
2018-10-15 00:00:00,5.6013167211464
2018-10-15 01:00:00,5.6013167211464
2018-10-15 02:00:00,5.6013167211464
2018-10-15 03:00:00,5.07619327853892
2018-10-15 04:00:00,5.77635786868222
2018-10-15 05:00:00,5.77635786868222
2018-10-15 06:00:00,8.75205737679125
2018-10-15 07:00:00,8.05189278664795
2018-10-15 08:00:00,7.17668704896882
2018-10-15 09:00:00,5.95139901621805
2018-10-15 10:00:00,7.17668704896882
2018-10-15 11:00:00,6.82660475389717
2018-10-15 12:00:00,6.38900188505761
2018-10-15 13:00:00,6.21396073752179
2018-10-15 14:00:00,6.21396073752179
2018-10-15 15:00:00,5.95139901621805
2018-10-15 16:00:00,5.77635786868222
2018-10-15 17:00:00,6.3014813112897
2018-10-15 18:00:00,6.65156360636135
2018-10-15 19:00:00,5.77635786868222
2018-10-15 20:00:00,6.65156360636135
2018-10-15 21:00:00,6.65156360636135
2018-10-15 22:00:00,6.73908418012926
2018-10-15 23:00:00,6.73908418012926
2018-10-16 00:00:00,5.86387844245014
2018-10-16 01:00:00,6.03891958998596
2018-10-16 02:00:00,6.03891958998596
2018-10-16 03:00:00,5.86387844245014
2018-10-16 04:00:00,6.03891958998596
2018-10-16 05:00:00,6.12644016375387
2018-10-16 06:00:00,5.95139901621805
2018-10-16 07:00:00,5.51379614737849
2018-10-16 08:00:00,5.51379614737849
2018-10-16 09:00:00,5.68883729491431
2018-10-16 10:00:00,5.95139901621805
2018-10-16 11:00:00,5.51379614737849
2018-10-16 12:00:00,5.68883729491431
2018-10-16 13:00:00,5.33875499984266
2018-10-16 14:00:00,5.68883729491431
2018-10-16 15:00:00,5.25123442607475
2018-10-16 16:00:00,5.95139901621805
2018-10-16 17:00:00,5.77635786868222
2018-10-16 18:00:00,5.86387844245014
2018-10-16 19:00:00,5.42627557361057
2018-10-16 20:00:00,6.56404303259343
2018-10-16 21:00:00,6.21396073752179
2018-10-16 22:00:00,5.77635786868222
2018-10-16 23:00:00,6.12644016375387
2018-10-17 00:00:00,5.86387844245014
2018-10-17 01:00:00,4.9011521310031
2018-10-17 02:00:00,5.25123442607475
2018-10-17 03:00:00,5.33875499984266
2018-10-17 04:00:00,6.3014813112897
2018-10-17 05:00:00,6.12644016375387
2018-10-17 06:00:00,5.42627557361057
2018-10-17 07:00:00,4.98867270477101
2018-10-17 08:00:00,4.98867270477101
2018-10-17 09:00:00,5.33875499984266
2018-10-17 10:00:00,5.42627557361057
2018-10-17 11:00:00,4.9011521310031
2018-10-17 12:00:00,5.51379614737849
2018-10-17 13:00:00,5.42627557361057
2018-10-17 14:00:00,5.51379614737849
2018-10-17 15:00:00,4.98867270477101
2018-10-17 16:00:00,4.98867270477101
2018-10-17 17:00:00,5.25123442607475
2018-10-17 18:00:00,5.42627557361057
2018-10-17 19:00:00,5.86387844245014
2018-10-17 20:00:00,5.95139901621805
2018-10-17 21:00:00,5.95139901621805
2018-10-17 22:00:00,6.56404303259343
2018-10-17 23:00:00,5.51379614737849
2018-10-18 00:00:00,5.07619327853892
2018-10-18 01:00:00,5.07619327853892
2018-10-18 02:00:00,4.72611098346727
2018-10-18 03:00:00,5.77635786868222
2018-10-18 04:00:00,5.77635786868222
2018-10-18 05:00:00,5.25123442607475
2018-10-18 06:00:00,5.07619327853892
2018-10-18 07:00:00,4.72611098346727
2018-10-18 08:00:00,5.25123442607475
2018-10-18 09:00:00,5.16371385230684
2018-10-18 10:00:00,5.42627557361057
2018-10-18 11:00:00,4.81363155723519
2018-10-18 12:00:00,5.51379614737849
2018-10-18 13:00:00,4.72611098346727
2018-10-18 14:00:00,5.51379614737849
2018-10-18 15:00:00,5.25123442607475
2018-10-18 16:00:00,5.42627557361057
2018-10-18 17:00:00,5.68883729491431
2018-10-18 18:00:00,5.86387844245014
2018-10-18 19:00:00,5.6013167211464
2018-10-18 20:00:00,5.95139901621805
2018-10-18 21:00:00,5.77635786868222
2018-10-18 22:00:00,6.03891958998596
2018-10-18 23:00:00,5.07619327853892
2018-10-19 00:00:00,5.42627557361057
2018-10-19 01:00:00,5.25123442607475
2018-10-19 02:00:00,4.98867270477101
2018-10-19 03:00:00,5.07619327853892
2018-10-19 04:00:00,4.81363155723519
2018-10-19 05:00:00,5.07619327853892
2018-10-19 06:00:00,4.72611098346727
2018-10-19 07:00:00,4.98867270477101
2018-10-19 08:00:00,5.07619327853892
2018-10-19 09:00:00,5.25123442607475
2018-10-19 10:00:00,5.33875499984266
2018-10-19 11:00:00,4.37602868839562
2018-10-19 12:00:00,5.25123442607475
2018-10-19 13:00:00,5.16371385230684
2018-10-19 14:00:00,5.33875499984266
2018-10-19 15:00:00,5.16371385230684
2018-10-19 16:00:00,4.98867270477101
2018-10-19 17:00:00,4.72611098346727
2018-10-19 18:00:00,4.9011521310031
2018-10-19 19:00:00,5.07619327853892
2018-10-19 20:00:00,5.33875499984266
2018-10-19 21:00:00,5.51379614737849
2018-10-19 22:00:00,5.95139901621805
2018-10-19 23:00:00,5.6013167211464
2018-10-20 00:00:00,5.16371385230684
2018-10-20 01:00:00,5.07619327853892
2018-10-20 02:00:00,4.46354926216354
2018-10-20 03:00:00,4.11346696709189
2018-10-20 04:00:00,4.81363155723519
2018-10-20 05:00:00,4.81363155723519
2018-10-20 06:00:00,4.9011521310031
2018-10-20 07:00:00,5.07619327853892
2018-10-20 08:00:00,4.98867270477101
2018-10-20 09:00:00,4.28850811462771
2018-10-20 10:00:00,4.81363155723519
2018-10-20 11:00:00,4.11346696709189
2018-10-20 12:00:00,4.28850811462771
2018-10-20 13:00:00,4.46354926216354
2018-10-20 14:00:00,4.46354926216354
2018-10-20 15:00:00,4.28850811462771
2018-10-20 16:00:00,4.46354926216354
2018-10-20 17:00:00,4.63859040969936
2018-10-20 18:00:00,4.98867270477101
2018-10-20 19:00:00,4.98867270477101
2018-10-20 20:00:00,5.16371385230684
2018-10-20 21:00:00,4.72611098346727
2018-10-20 22:00:00,4.9011521310031
2018-10-20 23:00:00,4.98867270477101
2018-10-21 00:00:00,4.98867270477101
2018-10-21 01:00:00,4.9011521310031
2018-10-21 02:00:00,4.9011521310031
2018-10-21 03:00:00,4.46354926216354
2018-10-21 04:00:00,4.72611098346727
2018-10-21 05:00:00,4.9011521310031
2018-10-21 06:00:00,4.63859040969936
2018-10-21 07:00:00,4.2009875408598
2018-10-21 08:00:00,4.72611098346727
2018-10-21 09:00:00,4.72611098346727
2018-10-21 10:00:00,4.81363155723519
2018-10-21 11:00:00,4.55106983593145
2018-10-21 12:00:00,4.63859040969936
2018-10-21 13:00:00,4.2009875408598
2018-10-21 14:00:00,4.98867270477101
2018-10-21 15:00:00,4.46354926216354
2018-10-21 16:00:00,4.46354926216354
2018-10-21 17:00:00,4.2009875408598
2018-10-21 18:00:00,4.63859040969936
2018-10-21 19:00:00,4.55106983593145
2018-10-21 20:00:00,4.63859040969936
2018-10-21 21:00:00,5.42627557361057
2018-10-21 22:00:00,4.9011521310031
2018-10-21 23:00:00,5.42627557361057
2018-10-22 00:00:00,5.16371385230684
2018-10-22 00:00:00,5.16371385230684
2018-10-22 01:00:00,5.63314238433473
2018-10-22 02:00:00,5.39842811832078
2018-10-22 03:00:00,5.39842811832078
2018-10-22 04:00:00,4.92899958629289
2018-10-22 05:00:00,4.85076149762157
2018-10-22 06:00:00,5.63314238433473
2018-10-22 07:00:00,5.16371385230684
2018-10-22 08:00:00,5.08547576363552
2018-10-22 09:00:00,5.08547576363552
2018-10-22 10:00:00,5.08547576363552
2018-10-22 11:00:00,4.85076149762157
2018-10-22 12:00:00,5.08547576363552
2018-10-22 13:00:00,5.08547576363552
2018-10-22 14:00:00,5.24195194097815
2018-10-22 15:00:00,4.92899958629289
2018-10-22 16:00:00,4.92899958629289
2018-10-22 17:00:00,4.459571054265
2018-10-22 18:00:00,5.00723767496421
2018-10-22 19:00:00,5.32019002964947
2018-10-22 20:00:00,5.55490429566341
2018-10-22 21:00:00,5.71138047300605
2018-10-22 22:00:00,5.71138047300605
2018-10-22 23:00:00,5.63314238433473
2018-10-23 00:00:00,5.4766662069921
2018-10-23 01:00:00,4.459571054265
2018-10-23 02:00:00,5.16371385230684
2018-10-23 03:00:00,5.4766662069921
2018-10-23 04:00:00,5.78961856167736
2018-10-23 05:00:00,5.00723767496421
2018-10-23 06:00:00,5.08547576363552
2018-10-23 07:00:00,4.61604723160763
2018-10-23 08:00:00,4.85076149762157
2018-10-23 09:00:00,5.71138047300605
2018-10-23 10:00:00,5.08547576363552
2018-10-23 11:00:00,4.69428532027894
2018-10-23 12:00:00,5.32019002964947
2018-10-23 13:00:00,5.08547576363552
2018-10-23 14:00:00,5.24195194097815
2018-10-23 15:00:00,5.32019002964947
2018-10-23 16:00:00,5.24195194097815
2018-10-23 17:00:00,5.78961856167736
2018-10-23 18:00:00,5.24195194097815
2018-10-23 19:00:00,5.16371385230684
2018-10-23 20:00:00,5.94609473901999
2018-10-23 21:00:00,5.78961856167736
2018-10-23 22:00:00,5.71138047300605
2018-10-23 23:00:00,6.88495180307578
2018-10-24 00:00:00,4.61604723160763
2018-10-24 01:00:00,5.16371385230684
2018-10-24 02:00:00,5.24195194097815
2018-10-24 03:00:00,5.63314238433473
2018-10-24 04:00:00,5.24195194097815
2018-10-24 05:00:00,5.4766662069921
2018-10-24 06:00:00,4.92899958629289
2018-10-24 07:00:00,5.71138047300605
2018-10-24 08:00:00,5.16371385230684
2018-10-24 09:00:00,5.55490429566341
2018-10-24 10:00:00,4.77252340895026
2018-10-24 11:00:00,5.00723767496421
2018-10-24 12:00:00,5.4766662069921
2018-10-24 13:00:00,4.85076149762157
2018-10-24 14:00:00,4.92899958629289
2018-10-24 15:00:00,5.32019002964947
2018-10-24 16:00:00,5.08547576363552
2018-10-24 17:00:00,5.16371385230684
2018-10-24 18:00:00,5.16371385230684
2018-10-24 19:00:00,5.16371385230684
2018-10-24 20:00:00,6.02433282769131
2018-10-24 21:00:00,6.65023753706184
2018-10-24 22:00:00,6.57199944839052
2018-10-24 23:00:00,5.32019002964947
2018-10-25 00:00:00,5.4766662069921
2018-10-25 01:00:00,5.24195194097815
2018-10-25 02:00:00,5.16371385230684
2018-10-25 03:00:00,5.16371385230684
2018-10-25 04:00:00,6.10257091636262
2018-10-25 05:00:00,6.10257091636262
2018-10-25 06:00:00,5.55490429566341
2018-10-25 07:00:00,5.00723767496421
2018-10-25 08:00:00,5.16371385230684
2018-10-25 09:00:00,5.00723767496421
2018-10-25 10:00:00,5.4766662069921
2018-10-25 11:00:00,5.32019002964947
2018-10-25 12:00:00,4.92899958629289
2018-10-25 13:00:00,4.77252340895026
2018-10-25 14:00:00,4.77252340895026
2018-10-25 15:00:00,5.16371385230684
2018-10-25 16:00:00,4.53780914293631
2018-10-25 17:00:00,5.00723767496421
2018-10-25 18:00:00,5.4766662069921
2018-10-25 19:00:00,5.39842811832078
2018-10-25 20:00:00,5.86785665034868
2018-10-25 21:00:00,5.4766662069921
2018-10-25 22:00:00,6.10257091636262
2018-10-25 23:00:00,4.85076149762157
2018-10-26 00:00:00,5.16371385230684
2018-10-26 01:00:00,5.00723767496421
2018-10-26 02:00:00,5.16371385230684
2018-10-26 03:00:00,5.32019002964947
2018-10-26 04:00:00,4.69428532027894
2018-10-26 05:00:00,5.08547576363552
2018-10-26 06:00:00,5.32019002964947
2018-10-26 07:00:00,4.61604723160763
2018-10-26 08:00:00,5.32019002964947
2018-10-26 09:00:00,4.69428532027894
2018-10-26 10:00:00,4.92899958629289
2018-10-26 11:00:00,4.92899958629289
2018-10-26 12:00:00,4.85076149762157
2018-10-26 13:00:00,4.85076149762157
2018-10-26 14:00:00,4.92899958629289
2018-10-26 15:00:00,4.92899958629289
2018-10-26 16:00:00,5.08547576363552
2018-10-26 17:00:00,4.53780914293631
2018-10-26 18:00:00,5.00723767496421
2018-10-26 19:00:00,4.85076149762157
2018-10-26 20:00:00,5.08547576363552
2018-10-26 21:00:00,5.00723767496421
2018-10-26 22:00:00,5.86785665034868
2018-10-26 23:00:00,4.92899958629289
2018-10-27 00:00:00,4.85076149762157
2018-10-27 01:00:00,4.53780914293631
2018-10-27 02:00:00,4.30309487692236
2018-10-27 03:00:00,4.69428532027894
2018-10-27 04:00:00,4.459571054265
2018-10-27 05:00:00,4.22485678825105
2018-10-27 06:00:00,4.69428532027894
2018-10-27 07:00:00,4.38133296559368
2018-10-27 08:00:00,4.22485678825105
2018-10-27 09:00:00,4.38133296559368
2018-10-27 10:00:00,3.83366634489447
2018-10-27 11:00:00,3.67719016755184
2018-10-27 12:00:00,3.9901425222371
2018-10-27 13:00:00,3.91190443356579
2018-10-27 14:00:00,3.67719016755184
2018-10-27 15:00:00,3.91190443356579
2018-10-27 16:00:00,3.91190443356579
2018-10-27 17:00:00,4.30309487692236
2018-10-27 18:00:00,7.82380886713157
2018-10-27 19:00:00,5.08547576363552
2018-10-27 20:00:00,5.08547576363552
2018-10-27 21:00:00,4.53780914293631
2018-10-27 22:00:00,5.00723767496421
2018-10-27 23:00:00,4.459571054265
2018-10-28 00:00:00,4.459571054265
2018-10-28 01:00:00,4.22485678825105
2018-10-28 02:00:00,4.30309487692236
2018-10-28 03:00:00,4.06838061090842
2018-10-28 04:00:00,4.14661869957973
2018-10-28 05:00:00,4.77252340895026
2018-10-28 06:00:00,4.22485678825105
2018-10-28 07:00:00,4.06838061090842
2018-10-28 08:00:00,4.14661869957973
2018-10-28 09:00:00,4.30309487692236
2018-10-28 10:00:00,4.14661869957973
2018-10-28 11:00:00,4.14661869957973
2018-10-28 12:00:00,3.83366634489447
2018-10-28 13:00:00,4.30309487692236
2018-10-28 14:00:00,4.06838061090842
2018-10-28 15:00:00,3.91190443356579
2018-10-28 16:00:00,4.14661869957973
2018-10-28 17:00:00,4.14661869957973
2018-10-28 18:00:00,4.06838061090842
2018-10-28 19:00:00,4.30309487692236
2018-10-28 20:00:00,4.22485678825105
2018-10-28 21:00:00,4.53780914293631
2018-10-28 22:00:00,4.77252340895026
2018-10-28 23:00:00,5.24195194097815
2018-10-29 00:00:00,5.16371385230684
2018-10-29 00:00:00,5.16371385230684
2018-10-29 01:00:00,4.898908013727
2018-10-29 02:00:00,4.70030363479212
2018-10-29 03:00:00,4.43549779621228
2018-10-29 04:00:00,4.70030363479212
2018-10-29 05:00:00,4.96510947337196
2018-10-29 06:00:00,3.90588611905261
2018-10-29 07:00:00,4.36929633656732
2018-10-29 08:00:00,4.70030363479212
2018-10-29 09:00:00,4.5679007155022
2018-10-29 10:00:00,3.97208757869757
2018-10-29 11:00:00,4.43549779621228
2018-10-29 12:00:00,4.63410217514716
2018-10-29 13:00:00,5.69332552946651
2018-10-29 14:00:00,5.56092261017659
2018-10-29 15:00:00,5.56092261017659
2018-10-29 16:00:00,5.2299153119518
2018-10-29 17:00:00,5.2299153119518
2018-10-29 18:00:00,6.02433282769131
2018-10-29 19:00:00,6.02433282769131
2018-10-29 20:00:00,5.82572844875643
2018-10-29 21:00:00,5.95813136804635
2018-10-29 22:00:00,6.15673574698123
2018-10-29 23:00:00,6.62014596449594
2018-10-30 00:00:00,5.36231823124172
2018-10-30 01:00:00,5.42851969088667
2018-10-30 02:00:00,4.70030363479212
2018-10-30 03:00:00,5.56092261017659
2018-10-30 04:00:00,5.62712406982155
2018-10-30 05:00:00,5.75952698911147
2018-10-30 06:00:00,5.29611677159676
2018-10-30 07:00:00,4.96510947337196
2018-10-30 08:00:00,5.29611677159676
2018-10-30 09:00:00,5.36231823124172
2018-10-30 10:00:00,5.42851969088667
2018-10-30 11:00:00,5.49472115053163
2018-10-30 12:00:00,5.29611677159676
2018-10-30 13:00:00,4.96510947337196
2018-10-30 14:00:00,4.898908013727
2018-10-30 15:00:00,5.16371385230684
2018-10-30 16:00:00,5.36231823124172
2018-10-30 17:00:00,5.03131093301692
2018-10-30 18:00:00,5.75952698911147
2018-10-30 19:00:00,4.96510947337196
2018-10-30 20:00:00,5.29611677159676
2018-10-30 21:00:00,5.03131093301692
2018-10-30 22:00:00,5.75952698911147
2018-10-30 23:00:00,6.09053428733627
2018-10-31 00:00:00,5.42851969088667
2018-10-31 01:00:00,5.49472115053163
2018-10-31 02:00:00,5.16371385230684
2018-10-31 03:00:00,4.96510947337196
2018-10-31 04:00:00,5.2299153119518
2018-10-31 05:00:00,5.42851969088667
2018-10-31 06:00:00,5.49472115053163
2018-10-31 07:00:00,5.56092261017659
2018-10-31 08:00:00,5.29611677159676
2018-10-31 09:00:00,4.96510947337196
2018-10-31 10:00:00,5.36231823124172
2018-10-31 11:00:00,5.16371385230684
2018-10-31 12:00:00,5.36231823124172
2018-10-31 13:00:00,5.56092261017659
2018-10-31 14:00:00,5.29611677159676
2018-10-31 15:00:00,5.2299153119518
2018-10-31 16:00:00,5.29611677159676
2018-10-31 17:00:00,5.62712406982155
2018-10-31 18:00:00,6.02433282769131
2018-10-31 19:00:00,5.56092261017659
2018-10-31 20:00:00,5.56092261017659
2018-10-31 21:00:00,5.89192990840139
2018-10-31 22:00:00,5.89192990840139
2018-10-31 23:00:00,6.15673574698123
2018-11-01 00:00:00,5.29611677159676
2018-11-01 01:00:00,5.09751239266188
2018-11-01 02:00:00,5.16371385230684
2018-11-01 03:00:00,5.29611677159676
2018-11-01 04:00:00,5.2299153119518
2018-11-01 05:00:00,6.09053428733627
2018-11-01 06:00:00,5.82572844875643
2018-11-01 07:00:00,4.63410217514716
2018-11-01 08:00:00,4.898908013727
2018-11-01 09:00:00,4.83270655408204
2018-11-01 10:00:00,4.76650509443708
2018-11-01 11:00:00,5.89192990840139
2018-11-01 12:00:00,4.96510947337196
2018-11-01 13:00:00,5.16371385230684
2018-11-01 14:00:00,5.16371385230684
2018-11-01 15:00:00,5.29611677159676
2018-11-01 16:00:00,4.76650509443708
2018-11-01 17:00:00,5.49472115053163
2018-11-01 18:00:00,5.03131093301692
2018-11-01 19:00:00,4.83270655408204
2018-11-01 20:00:00,5.49472115053163
2018-11-01 21:00:00,6.15673574698123
2018-11-01 22:00:00,5.62712406982155
2018-11-01 23:00:00,5.49472115053163
2018-11-02 00:00:00,5.09751239266188
2018-11-02 01:00:00,5.09751239266188
2018-11-02 02:00:00,4.2368934172774
2018-11-02 03:00:00,5.49472115053163
2018-11-02 04:00:00,5.42851969088667
2018-11-02 05:00:00,5.2299153119518
2018-11-02 06:00:00,5.49472115053163
2018-11-02 07:00:00,5.03131093301692
2018-11-02 08:00:00,5.03131093301692
2018-11-02 09:00:00,4.96510947337196
2018-11-02 10:00:00,4.83270655408204
2018-11-02 11:00:00,5.2299153119518
2018-11-02 12:00:00,4.96510947337196
2018-11-02 13:00:00,5.16371385230684
2018-11-02 14:00:00,5.03131093301692
2018-11-02 15:00:00,4.76650509443708
2018-11-02 16:00:00,5.16371385230684
2018-11-02 17:00:00,5.2299153119518
2018-11-02 18:00:00,4.898908013727
2018-11-02 19:00:00,5.36231823124172
2018-11-02 20:00:00,5.42851969088667
2018-11-02 21:00:00,5.75952698911147
2018-11-02 22:00:00,5.69332552946651
2018-11-02 23:00:00,5.49472115053163
2018-11-03 00:00:00,4.96510947337196
2018-11-03 01:00:00,4.70030363479212
2018-11-03 02:00:00,5.09751239266188
2018-11-03 03:00:00,4.17069195763245
2018-11-03 04:00:00,4.83270655408204
2018-11-03 05:00:00,4.96510947337196
2018-11-03 06:00:00,4.83270655408204
2018-11-03 07:00:00,4.83270655408204
2018-11-03 08:00:00,5.16371385230684
2018-11-03 09:00:00,5.09751239266188
2018-11-03 10:00:00,4.43549779621228
2018-11-03 11:00:00,4.2368934172774
2018-11-03 12:00:00,4.36929633656732
2018-11-03 13:00:00,4.10449049798749
2018-11-03 14:00:00,4.36929633656732
2018-11-03 15:00:00,4.30309487692236
2018-11-03 16:00:00,4.30309487692236
2018-11-03 17:00:00,4.36929633656732
2018-11-03 18:00:00,4.2368934172774
2018-11-03 19:00:00,4.83270655408204
2018-11-03 20:00:00,4.43549779621228
2018-11-03 21:00:00,4.2368934172774
2018-11-03 22:00:00,4.50169925585724
2018-11-03 23:00:00,4.898908013727
2018-11-04 00:00:00,4.76650509443708
2018-11-04 01:00:00,4.898908013727
2018-11-04 02:00:00,4.2368934172774
2018-11-04 03:00:00,4.83270655408204
2018-11-04 04:00:00,4.50169925585724
2018-11-04 05:00:00,4.63410217514716
2018-11-04 06:00:00,5.2299153119518
2018-11-04 07:00:00,5.2299153119518
2018-11-04 08:00:00,5.36231823124172
2018-11-04 09:00:00,4.96510947337196
2018-11-04 10:00:00,5.36231823124172
2018-11-04 11:00:00,4.5679007155022
2018-11-04 12:00:00,5.03131093301692
2018-11-04 13:00:00,4.30309487692236
2018-11-04 14:00:00,4.50169925585724
2018-11-04 15:00:00,5.16371385230684
2018-11-04 16:00:00,5.36231823124172
2018-11-04 17:00:00,5.29611677159676
2018-11-04 18:00:00,5.89192990840139
2018-11-04 19:00:00,5.42851969088667
2018-11-04 20:00:00,5.03131093301692
2018-11-04 21:00:00,5.49472115053163
2018-11-04 22:00:00,5.62712406982155
2018-11-04 23:00:00,5.89192990840139
2018-11-05 00:00:00,5.36231823124172
2018-11-05 00:00:00,5.36231823124172
2018-11-05 01:00:00,5.29444078527663
2018-11-05 02:00:00,5.22656333931155
2018-11-05 03:00:00,5.4301956772068
2018-11-05 04:00:00,5.76958290703222
2018-11-05 05:00:00,5.36231823124172
2018-11-05 06:00:00,4.68354377159086
2018-11-05 07:00:00,5.22656333931155
2018-11-05 08:00:00,6.04109269089256
2018-11-05 09:00:00,5.36231823124172
2018-11-05 10:00:00,6.24472502878782
2018-11-05 11:00:00,5.36231823124172
2018-11-05 12:00:00,5.4301956772068
2018-11-05 13:00:00,5.76958290703222
2018-11-05 14:00:00,5.63382801510205
2018-11-05 15:00:00,5.4301956772068
2018-11-05 16:00:00,5.4301956772068
2018-11-05 17:00:00,5.63382801510205
2018-11-05 18:00:00,5.56595056913697
2018-11-05 19:00:00,5.70170546106714
2018-11-05 20:00:00,5.97321524492748
2018-11-05 21:00:00,6.3126024747529
2018-11-05 22:00:00,6.17684758282273
2018-11-05 23:00:00,6.10897013685765
2018-11-06 00:00:00,5.9053377989624
2018-11-06 01:00:00,5.49807312317188
2018-11-06 02:00:00,5.29444078527663
2018-11-06 03:00:00,5.09080844738137
2018-11-06 04:00:00,5.09080844738137
2018-11-06 05:00:00,5.15868589334646
2018-11-06 06:00:00,5.22656333931155
2018-11-06 07:00:00,5.15868589334646
2018-11-06 08:00:00,5.56595056913697
2018-11-06 09:00:00,5.29444078527663
2018-11-06 10:00:00,5.63382801510205
2018-11-06 11:00:00,5.70170546106714
2018-11-06 12:00:00,5.29444078527663
2018-11-06 13:00:00,5.36231823124172
2018-11-06 14:00:00,5.36231823124172
2018-11-06 15:00:00,5.36231823124172
2018-11-06 16:00:00,5.22656333931155
2018-11-06 17:00:00,5.4301956772068
2018-11-06 18:00:00,5.83746035299731
2018-11-06 19:00:00,6.17684758282273
2018-11-06 20:00:00,5.22656333931155
2018-11-06 21:00:00,5.97321524492748
2018-11-06 22:00:00,5.9053377989624
2018-11-06 23:00:00,6.24472502878782
2018-11-07 00:00:00,5.56595056913697
2018-11-07 01:00:00,5.49807312317188
2018-11-07 02:00:00,5.49807312317188
2018-11-07 03:00:00,4.34415654176544
2018-11-07 04:00:00,5.63382801510205
2018-11-07 05:00:00,5.49807312317188
2018-11-07 06:00:00,5.63382801510205
2018-11-07 07:00:00,5.29444078527663
2018-11-07 08:00:00,5.56595056913697
2018-11-07 09:00:00,5.56595056913697
2018-11-07 10:00:00,5.36231823124172
2018-11-07 11:00:00,5.36231823124172
2018-11-07 12:00:00,5.56595056913697
2018-11-07 13:00:00,5.29444078527663
2018-11-07 14:00:00,5.4301956772068
2018-11-07 15:00:00,5.4301956772068
2018-11-07 16:00:00,5.22656333931155
2018-11-07 17:00:00,5.36231823124172
2018-11-07 18:00:00,5.49807312317188
2018-11-07 19:00:00,5.4301956772068
2018-11-07 20:00:00,5.29444078527663
2018-11-07 21:00:00,5.70170546106714
2018-11-07 22:00:00,5.9053377989624
2018-11-07 23:00:00,6.38047992071799
2018-11-08 00:00:00,6.7877445965085
2018-11-08 01:00:00,5.70170546106714
2018-11-08 02:00:00,5.49807312317188
2018-11-08 03:00:00,5.56595056913697
2018-11-08 04:00:00,5.70170546106714
2018-11-08 05:00:00,5.15868589334646
2018-11-08 06:00:00,5.49807312317188
2018-11-08 07:00:00,5.29444078527663
2018-11-08 08:00:00,4.75142121755595
2018-11-08 09:00:00,5.09080844738137
2018-11-08 10:00:00,4.9550535554512
2018-11-08 11:00:00,5.63382801510205
2018-11-08 12:00:00,5.02293100141629
2018-11-08 13:00:00,4.9550535554512
2018-11-08 14:00:00,5.15868589334646
2018-11-08 15:00:00,5.22656333931155
2018-11-08 16:00:00,5.4301956772068
2018-11-08 17:00:00,5.36231823124172
2018-11-08 18:00:00,5.09080844738137
2018-11-08 19:00:00,5.22656333931155
2018-11-08 20:00:00,5.02293100141629
2018-11-08 21:00:00,5.09080844738137
2018-11-08 22:00:00,5.83746035299731
2018-11-08 23:00:00,5.76958290703222
2018-11-09 00:00:00,5.36231823124172
2018-11-09 01:00:00,5.22656333931155
2018-11-09 02:00:00,5.02293100141629
2018-11-09 03:00:00,5.22656333931155
2018-11-09 04:00:00,5.02293100141629
2018-11-09 05:00:00,4.68354377159086
2018-11-09 06:00:00,4.61566632562578
2018-11-09 07:00:00,5.02293100141629
2018-11-09 08:00:00,4.88717610948612
2018-11-09 09:00:00,5.09080844738137
2018-11-09 10:00:00,5.22656333931155
2018-11-09 11:00:00,4.88717610948612
2018-11-09 12:00:00,5.22656333931155
2018-11-09 13:00:00,4.81929866352104
2018-11-09 14:00:00,4.75142121755595
2018-11-09 15:00:00,4.75142121755595
2018-11-09 16:00:00,5.29444078527663
2018-11-09 17:00:00,4.68354377159086
2018-11-09 18:00:00,4.68354377159086
2018-11-09 19:00:00,4.88717610948612
2018-11-09 20:00:00,4.88717610948612
2018-11-09 21:00:00,5.29444078527663
2018-11-09 22:00:00,5.83746035299731
2018-11-09 23:00:00,5.63382801510205
2018-11-10 00:00:00,4.9550535554512
2018-11-10 01:00:00,5.02293100141629
2018-11-10 02:00:00,4.81929866352104
2018-11-10 03:00:00,4.27627909580036
2018-11-10 04:00:00,4.75142121755595
2018-11-10 05:00:00,4.61566632562578
2018-11-10 06:00:00,5.22656333931155
2018-11-10 07:00:00,4.47991143369561
2018-11-10 08:00:00,4.41203398773052
2018-11-10 09:00:00,4.34415654176544
2018-11-10 10:00:00,4.41203398773052
2018-11-10 11:00:00,4.27627909580036
2018-11-10 12:00:00,4.27627909580036
2018-11-10 13:00:00,4.00476931194002
2018-11-10 14:00:00,4.20840164983527
2018-11-10 15:00:00,4.14052420387019
2018-11-10 16:00:00,4.20840164983527
2018-11-10 17:00:00,4.27627909580036
2018-11-10 18:00:00,4.20840164983527
2018-11-10 19:00:00,4.20840164983527
2018-11-10 20:00:00,3.80113697404476
2018-11-10 21:00:00,4.75142121755595
2018-11-10 22:00:00,4.61566632562578
2018-11-10 23:00:00,5.29444078527663
2018-11-11 00:00:00,4.61566632562578
2018-11-11 01:00:00,4.68354377159086
2018-11-11 02:00:00,3.66538208211459
2018-11-11 03:00:00,3.80113697404476
2018-11-11 04:00:00,4.75142121755595
2018-11-11 05:00:00,4.68354377159086
2018-11-11 06:00:00,4.14052420387019
2018-11-11 07:00:00,4.81929866352104
2018-11-11 08:00:00,4.0726467579051
2018-11-11 09:00:00,4.34415654176544
2018-11-11 10:00:00,4.00476931194002
2018-11-11 11:00:00,4.34415654176544
2018-11-11 12:00:00,4.20840164983527
2018-11-11 13:00:00,4.00476931194002
2018-11-11 14:00:00,4.14052420387019
2018-11-11 15:00:00,4.27627909580036
2018-11-11 16:00:00,4.0726467579051
2018-11-11 17:00:00,4.20840164983527
2018-11-11 18:00:00,4.47991143369561
2018-11-11 19:00:00,4.27627909580036
2018-11-11 20:00:00,4.34415654176544
2018-11-11 21:00:00,4.68354377159086
2018-11-11 22:00:00,4.47991143369561
2018-11-11 23:00:00,5.15868589334646
2018-11-12 00:00:00,4.9550535554512
2018-11-12 00:00:00,4.9550535554512
2018-11-12 01:00:00,4.9550535554512
2018-11-12 02:00:00,4.47553224363335
2018-11-12 03:00:00,4.9550535554512
2018-11-12 04:00:00,5.11489399272382
2018-11-12 05:00:00,4.9550535554512
2018-11-12 06:00:00,4.47553224363335
2018-11-12 07:00:00,4.47553224363335
2018-11-12 08:00:00,4.47553224363335
2018-11-12 09:00:00,4.9550535554512
2018-11-12 10:00:00,4.31569180636073
2018-11-12 11:00:00,5.27473442999644
2018-11-12 12:00:00,5.11489399272382
2018-11-12 13:00:00,4.9550535554512
2018-11-12 14:00:00,4.63537268090597
2018-11-12 15:00:00,5.27473442999644
2018-11-12 16:00:00,4.9550535554512
2018-11-12 17:00:00,5.27473442999644
2018-11-12 18:00:00,5.11489399272382
2018-11-12 19:00:00,5.27473442999644
2018-11-12 20:00:00,5.59441530454168
2018-11-12 21:00:00,5.7542557418143
2018-11-12 22:00:00,5.27473442999644
2018-11-12 23:00:00,5.59441530454168
2018-11-13 00:00:00,5.11489399272382
2018-11-13 01:00:00,5.27473442999644
2018-11-13 02:00:00,5.27473442999644
2018-11-13 03:00:00,5.59441530454168
2018-11-13 04:00:00,5.27473442999644
2018-11-13 05:00:00,5.43457486726906
2018-11-13 06:00:00,5.27473442999644
2018-11-13 07:00:00,5.7542557418143
2018-11-13 08:00:00,5.11489399272382
2018-11-13 09:00:00,5.43457486726906
2018-11-13 10:00:00,4.9550535554512
2018-11-13 11:00:00,5.43457486726906
2018-11-13 12:00:00,4.9550535554512
2018-11-13 13:00:00,4.9550535554512
2018-11-13 14:00:00,4.79521311817859
2018-11-13 15:00:00,5.11489399272382
2018-11-13 16:00:00,4.9550535554512
2018-11-13 17:00:00,5.27473442999644
2018-11-13 18:00:00,5.27473442999644
2018-11-13 19:00:00,5.27473442999644
2018-11-13 20:00:00,6.07393661635954
2018-11-13 21:00:00,5.7542557418143
2018-11-13 22:00:00,6.07393661635954
2018-11-13 23:00:00,5.27473442999644
2018-11-14 00:00:00,5.11489399272382
2018-11-14 01:00:00,4.9550535554512
2018-11-14 02:00:00,5.27473442999644
2018-11-14 03:00:00,4.9550535554512
2018-11-14 04:00:00,5.43457486726906
2018-11-14 05:00:00,4.79521311817859
2018-11-14 06:00:00,5.7542557418143
2018-11-14 07:00:00,4.9550535554512
2018-11-14 08:00:00,5.59441530454168
2018-11-14 09:00:00,5.59441530454168
2018-11-14 10:00:00,5.7542557418143
2018-11-14 11:00:00,5.59441530454168
2018-11-14 12:00:00,5.59441530454168
2018-11-14 13:00:00,5.59441530454168
2018-11-14 14:00:00,5.43457486726906
2018-11-14 15:00:00,5.7542557418143
2018-11-14 16:00:00,10.8691497345381
2018-11-14 17:00:00,12.6273945445369
2018-11-14 18:00:00,11.8281923581738
2018-11-14 19:00:00,13.9061180427179
2018-11-14 20:00:00,15.984043727262
2018-11-14 21:00:00,14.705320229081
2018-11-14 22:00:00,13.9061180427179
2018-11-14 23:00:00,11.9880327954465
2018-11-15 00:00:00,10.3896284227203
2018-11-15 01:00:00,9.27074536181193
2018-11-15 02:00:00,9.27074536181193
2018-11-15 03:00:00,9.27074536181193
2018-11-15 04:00:00,10.8691497345381
2018-11-15 05:00:00,9.43058579908455
2018-11-15 06:00:00,9.59042623635717
2018-11-15 07:00:00,9.59042623635717
2018-11-15 08:00:00,8.95106448726669
2018-11-15 09:00:00,7.99202186363098
2018-11-15 10:00:00,8.47154317544883
2018-11-15 11:00:00,9.91010711090241
2018-11-15 12:00:00,8.63138361272145
2018-11-15 13:00:00,8.95106448726669
2018-11-15 14:00:00,9.75026667362979
2018-11-15 15:00:00,10.069947548175
2018-11-15 16:00:00,9.75026667362979
2018-11-15 17:00:00,9.75026667362979
2018-11-15 18:00:00,9.59042623635717
2018-11-15 19:00:00,9.43058579908455
2018-11-15 20:00:00,8.31170273817621
2018-11-15 21:00:00,9.75026667362979
2018-11-15 22:00:00,9.27074536181193
2018-11-15 23:00:00,8.95106448726669
2018-11-16 00:00:00,7.83218142635836
2018-11-16 01:00:00,7.51250055181312
2018-11-16 02:00:00,7.19281967726788
2018-11-16 03:00:00,7.3526601145405
2018-11-16 04:00:00,8.79122404999407
2018-11-16 05:00:00,7.67234098908574
2018-11-16 06:00:00,8.47154317544883
2018-11-16 07:00:00,7.83218142635836
2018-11-16 08:00:00,7.3526601145405
2018-11-16 09:00:00,7.03297923999526
2018-11-16 10:00:00,7.3526601145405
2018-11-16 11:00:00,7.3526601145405
2018-11-16 12:00:00,6.23377705363216
2018-11-16 13:00:00,5.91409617908692
2018-11-16 14:00:00,6.23377705363216
2018-11-16 15:00:00,6.5534579281774
2018-11-16 16:00:00,6.71329836545002
2018-11-16 17:00:00,6.23377705363216
2018-11-16 18:00:00,6.71329836545002
2018-11-16 19:00:00,6.87313880272264
2018-11-16 20:00:00,7.03297923999526
2018-11-16 21:00:00,7.03297923999526
2018-11-16 22:00:00,8.1518623009036
2018-11-16 23:00:00,7.3526601145405
2018-11-17 00:00:00,7.3526601145405
2018-11-17 01:00:00,6.07393661635954
2018-11-17 02:00:00,6.87313880272264
2018-11-17 03:00:00,6.5534579281774
2018-11-17 04:00:00,6.23377705363216
2018-11-17 05:00:00,6.71329836545002
2018-11-17 06:00:00,7.03297923999526
2018-11-17 07:00:00,6.39361749090478
2018-11-17 08:00:00,5.91409617908692
2018-11-17 09:00:00,6.07393661635954
2018-11-17 10:00:00,5.43457486726906
2018-11-17 11:00:00,5.7542557418143
2018-11-17 12:00:00,5.91409617908692
2018-11-17 13:00:00,5.7542557418143
2018-11-17 14:00:00,5.59441530454168
2018-11-17 15:00:00,5.11489399272382
2018-11-17 16:00:00,5.59441530454168
2018-11-17 17:00:00,5.59441530454168
2018-11-17 18:00:00,5.43457486726906
2018-11-17 19:00:00,5.7542557418143
2018-11-17 20:00:00,5.43457486726906
2018-11-17 21:00:00,5.7542557418143
2018-11-17 22:00:00,5.7542557418143
2018-11-17 23:00:00,6.23377705363216
2018-11-18 00:00:00,6.5534579281774
2018-11-18 01:00:00,5.7542557418143
2018-11-18 02:00:00,5.43457486726906
2018-11-18 03:00:00,5.59441530454168
2018-11-18 04:00:00,5.43457486726906
2018-11-18 05:00:00,5.7542557418143
2018-11-18 06:00:00,5.43457486726906
2018-11-18 07:00:00,5.59441530454168
2018-11-18 08:00:00,5.27473442999644
2018-11-18 09:00:00,5.43457486726906
2018-11-18 10:00:00,5.59441530454168
2018-11-18 11:00:00,5.43457486726906
2018-11-18 12:00:00,5.7542557418143
2018-11-18 13:00:00,4.79521311817859
2018-11-18 14:00:00,4.79521311817859
2018-11-18 15:00:00,4.79521311817859
2018-11-18 16:00:00,5.43457486726906
2018-11-18 17:00:00,4.9550535554512
2018-11-18 18:00:00,5.59441530454168
2018-11-18 19:00:00,5.59441530454168
2018-11-18 20:00:00,5.43457486726906
2018-11-18 21:00:00,6.07393661635954
2018-11-18 22:00:00,5.7542557418143
2018-11-18 23:00:00,5.91409617908692
2018-11-19 00:00:00,5.91409617908692
2018-11-19 00:00:00,5.91409617908692
2018-11-19 01:00:00,5.91409617908692
2018-11-19 02:00:00,6.078376628506
2018-11-19 03:00:00,5.42125483082968
2018-11-19 04:00:00,6.40693752734417
2018-11-19 05:00:00,5.58553528024876
2018-11-19 06:00:00,6.73549842618233
2018-11-19 07:00:00,6.24265707792508
2018-11-19 08:00:00,7.55690067327773
2018-11-19 09:00:00,7.22833977443957
2018-11-19 10:00:00,7.22833977443957
2018-11-19 11:00:00,7.8854615721159
2018-11-19 12:00:00,7.39262022385865
2018-11-19 13:00:00,8.37830292037314
2018-11-19 14:00:00,8.87114426863038
2018-11-19 15:00:00,8.87114426863038
2018-11-19 16:00:00,10.5139487628212
2018-11-19 17:00:00,10.185387863983
2018-11-19 18:00:00,11.6639119087548
2018-11-19 19:00:00,13.6352773017837
2018-11-19 20:00:00,11.9924728075929
2018-11-19 21:00:00,14.4566795488791
2018-11-19 22:00:00,15.2780817959746
2018-11-19 23:00:00,14.128118650041
2018-11-20 00:00:00,11.8281923581738
2018-11-20 01:00:00,10.8425096616594
2018-11-20 02:00:00,10.185387863983
2018-11-20 03:00:00,10.6782292122403
2018-11-20 04:00:00,10.3496683134021
2018-11-20 05:00:00,12.8138750546883
2018-11-20 06:00:00,14.4566795488791
2018-11-20 07:00:00,13.3067164029456
2018-11-20 08:00:00,13.6352773017837
2018-11-20 09:00:00,13.7995577512028
2018-11-20 10:00:00,12.9781555041074
2018-11-20 11:00:00,13.7995577512028
2018-11-20 12:00:00,14.6209599982982
2018-11-20 13:00:00,13.3067164029456
2018-11-20 14:00:00,13.3067164029456
2018-11-20 15:00:00,14.128118650041
2018-11-20 16:00:00,12.8138750546883
2018-11-20 17:00:00,12.4853141558502
2018-11-20 18:00:00,12.6495946052692
2018-11-20 19:00:00,12.4853141558502
2018-11-20 20:00:00,15.6066426948127
2018-11-20 21:00:00,15.9352035936509
2018-11-20 22:00:00,16.4280449419081
2018-11-20 23:00:00,15.1138013465555
2018-11-21 00:00:00,14.128118650041
2018-11-21 01:00:00,12.9781555041074
2018-11-21 02:00:00,11.9924728075929
2018-11-21 03:00:00,11.6639119087548
2018-11-21 04:00:00,11.1710705604975
2018-11-21 05:00:00,10.8425096616594
2018-11-21 06:00:00,11.1710705604975
2018-11-21 07:00:00,10.3496683134021
2018-11-21 08:00:00,10.021107414564
2018-11-21 09:00:00,9.19970516746854
2018-11-21 10:00:00,9.69254651572579
2018-11-21 11:00:00,9.03542471804946
2018-11-21 12:00:00,9.19970516746854
2018-11-21 13:00:00,9.52826606630671
2018-11-21 14:00:00,9.36398561688763
2018-11-21 15:00:00,10.3496683134021
2018-11-21 16:00:00,9.36398561688763
2018-11-21 17:00:00,10.021107414564
2018-11-21 18:00:00,9.69254651572579
2018-11-21 19:00:00,10.185387863983
2018-11-21 20:00:00,10.021107414564
2018-11-21 21:00:00,10.3496683134021
2018-11-21 22:00:00,9.69254651572579
2018-11-21 23:00:00,9.69254651572579
2018-11-22 00:00:00,7.8854615721159
2018-11-22 01:00:00,8.54258336979222
2018-11-22 02:00:00,8.37830292037314
2018-11-22 03:00:00,7.72118112269681
2018-11-22 04:00:00,8.21402247095406
2018-11-22 05:00:00,7.8854615721159
2018-11-22 06:00:00,8.37830292037314
2018-11-22 07:00:00,7.55690067327773
2018-11-22 08:00:00,7.8854615721159
2018-11-22 09:00:00,7.06405932502049
2018-11-22 10:00:00,7.39262022385865
2018-11-22 11:00:00,7.72118112269681
2018-11-22 12:00:00,7.22833977443957
2018-11-22 13:00:00,7.22833977443957
2018-11-22 14:00:00,7.22833977443957
2018-11-22 15:00:00,7.06405932502049
2018-11-22 16:00:00,6.89977887560141
2018-11-22 17:00:00,7.22833977443957
2018-11-22 18:00:00,7.06405932502049
2018-11-22 19:00:00,7.22833977443957
2018-11-22 20:00:00,7.72118112269681
2018-11-22 21:00:00,7.8854615721159
2018-11-22 22:00:00,7.8854615721159
2018-11-22 23:00:00,8.87114426863038
2018-11-23 00:00:00,8.54258336979222
2018-11-23 01:00:00,8.04974202153498
2018-11-23 02:00:00,9.03542471804946
2018-11-23 03:00:00,8.7068638192113
2018-11-23 04:00:00,9.36398561688763
2018-11-23 05:00:00,9.36398561688763
2018-11-23 06:00:00,8.7068638192113
2018-11-23 07:00:00,8.04974202153498
2018-11-23 08:00:00,8.04974202153498
2018-11-23 09:00:00,7.06405932502049
2018-11-23 10:00:00,7.06405932502049
2018-11-23 11:00:00,7.39262022385865
2018-11-23 12:00:00,7.39262022385865
2018-11-23 13:00:00,7.06405932502049
2018-11-23 14:00:00,7.39262022385865
2018-11-23 15:00:00,8.21402247095406
2018-11-23 16:00:00,7.8854615721159
2018-11-23 17:00:00,8.7068638192113
2018-11-23 18:00:00,8.04974202153498
2018-11-23 19:00:00,7.22833977443957
2018-11-23 20:00:00,7.55690067327773
2018-11-23 21:00:00,8.54258336979222
2018-11-23 22:00:00,8.21402247095406
2018-11-23 23:00:00,8.21402247095406
2018-11-24 00:00:00,7.55690067327773
2018-11-24 01:00:00,7.8854615721159
2018-11-24 02:00:00,7.22833977443957
2018-11-24 03:00:00,7.06405932502049
2018-11-24 04:00:00,7.39262022385865
2018-11-24 05:00:00,7.22833977443957
2018-11-24 06:00:00,7.06405932502049
2018-11-24 07:00:00,6.73549842618233
2018-11-24 08:00:00,6.73549842618233
2018-11-24 09:00:00,6.73549842618233
2018-11-24 10:00:00,6.89977887560141
2018-11-24 11:00:00,6.078376628506
2018-11-24 12:00:00,6.24265707792508
2018-11-24 13:00:00,6.24265707792508
2018-11-24 14:00:00,5.91409617908692
2018-11-24 15:00:00,5.74981572966784
2018-11-24 16:00:00,6.24265707792508
2018-11-24 17:00:00,6.24265707792508
2018-11-24 18:00:00,6.24265707792508
2018-11-24 19:00:00,6.73549842618233
2018-11-24 20:00:00,7.06405932502049
2018-11-24 21:00:00,8.87114426863038
2018-11-24 22:00:00,14.6209599982982
2018-11-24 23:00:00,14.7852404477173
2018-11-25 00:00:00,14.6209599982982
2018-11-25 01:00:00,12.156753257012
2018-11-25 02:00:00,11.8281923581738
2018-11-25 03:00:00,13.4709968523647
2018-11-25 04:00:00,13.6352773017837
2018-11-25 05:00:00,11.8281923581738
2018-11-25 06:00:00,13.1424359535265
2018-11-25 07:00:00,12.156753257012
2018-11-25 08:00:00,11.1710705604975
2018-11-25 09:00:00,10.8425096616594
2018-11-25 10:00:00,12.6495946052692
2018-11-25 11:00:00,10.6782292122403
2018-11-25 12:00:00,10.5139487628212
2018-11-25 13:00:00,9.69254651572579
2018-11-25 14:00:00,9.69254651572579
2018-11-25 15:00:00,10.021107414564
2018-11-25 16:00:00,10.6782292122403
2018-11-25 17:00:00,10.6782292122403
2018-11-25 18:00:00,10.6782292122403
2018-11-25 19:00:00,10.5139487628212
2018-11-25 20:00:00,10.185387863983
2018-11-25 21:00:00,10.3496683134021
2018-11-25 22:00:00,11.4996314593357
2018-11-25 23:00:00,10.8425096616594
2018-11-26 00:00:00,10.5139487628212
2018-11-26 00:00:00,10.5139487628212
2018-11-26 01:00:00,10.2443603330053
2018-11-26 02:00:00,8.89641818392563
2018-11-26 03:00:00,10.2443603330053
2018-11-26 04:00:00,10.5139487628212
2018-11-26 05:00:00,10.9183314075451
2018-11-26 06:00:00,9.83997768828137
2018-11-26 07:00:00,10.6487429777292
2018-11-26 08:00:00,9.16600661374155
2018-11-26 09:00:00,9.16600661374155
2018-11-26 10:00:00,9.16600661374155
2018-11-26 11:00:00,9.70518347337341
2018-11-26 12:00:00,9.97477190318934
2018-11-26 13:00:00,9.30080082864952
2018-11-26 14:00:00,10.1095661180973
2018-11-26 15:00:00,11.0531256224531
2018-11-26 16:00:00,11.4575082671769
2018-11-26 17:00:00,11.8618909119008
2018-11-26 18:00:00,12.8054504162566
2018-11-26 19:00:00,13.4794214907964
2018-11-26 20:00:00,12.6706562013486
2018-11-26 21:00:00,12.8054504162566
2018-11-26 22:00:00,13.4794214907964
2018-11-26 23:00:00,12.2662735566247
2018-11-27 00:00:00,10.7835371926371
2018-11-27 01:00:00,10.3791545479132
2018-11-27 02:00:00,10.3791545479132
2018-11-27 03:00:00,10.2443603330053
2018-11-27 04:00:00,11.4575082671769
2018-11-27 05:00:00,9.83997768828137
2018-11-27 06:00:00,10.6487429777292
2018-11-27 07:00:00,9.57038925846545
2018-11-27 08:00:00,9.03121239883359
2018-11-27 09:00:00,9.83997768828137
2018-11-27 10:00:00,9.83997768828137
2018-11-27 11:00:00,9.57038925846545
2018-11-27 12:00:00,9.57038925846545
2018-11-27 13:00:00,9.97477190318934
2018-11-27 14:00:00,9.30080082864952
2018-11-27 15:00:00,9.57038925846545
2018-11-27 16:00:00,9.83997768828137
2018-11-27 17:00:00,9.43559504355748
2018-11-27 18:00:00,9.03121239883359
2018-11-27 19:00:00,9.83997768828137
2018-11-27 20:00:00,9.57038925846545
2018-11-27 21:00:00,10.5139487628212
2018-11-27 22:00:00,9.70518347337341
2018-11-27 23:00:00,9.30080082864952
2018-11-28 00:00:00,9.30080082864952
2018-11-28 01:00:00,8.35724132429377
2018-11-28 02:00:00,8.49203553920173
2018-11-28 03:00:00,8.22244710938581
2018-11-28 04:00:00,9.16600661374155
2018-11-28 05:00:00,9.03121239883359
2018-11-28 06:00:00,9.03121239883359
2018-11-28 07:00:00,8.89641818392563
2018-11-28 08:00:00,8.89641818392563
2018-11-28 09:00:00,8.35724132429377
2018-11-28 10:00:00,8.08765289447784
2018-11-28 11:00:00,8.08765289447784
2018-11-28 12:00:00,7.54847603484598
2018-11-28 13:00:00,8.6268297541097
2018-11-28 14:00:00,9.57038925846545
2018-11-28 15:00:00,9.43559504355748
2018-11-28 16:00:00,9.16600661374155
2018-11-28 17:00:00,9.43559504355748
2018-11-28 18:00:00,9.16600661374155
2018-11-28 19:00:00,10.2443603330053
2018-11-28 20:00:00,11.0531256224531
2018-11-28 21:00:00,10.1095661180973
2018-11-28 22:00:00,9.83997768828137
2018-11-28 23:00:00,10.2443603330053
2018-11-29 00:00:00,9.30080082864952
2018-11-29 01:00:00,8.35724132429377
2018-11-29 02:00:00,7.81806446466191
2018-11-29 03:00:00,7.95285867956988
2018-11-29 04:00:00,8.76162396901766
2018-11-29 05:00:00,8.49203553920173
2018-11-29 06:00:00,8.76162396901766
2018-11-29 07:00:00,7.95285867956988
2018-11-29 08:00:00,7.81806446466191
2018-11-29 09:00:00,8.08765289447784
2018-11-29 10:00:00,7.00929917521413
2018-11-29 11:00:00,7.54847603484598
2018-11-29 12:00:00,7.41368181993802
2018-11-29 13:00:00,7.68327024975395
2018-11-29 14:00:00,7.81806446466191
2018-11-29 15:00:00,7.95285867956988
2018-11-29 16:00:00,7.54847603484598
2018-11-29 17:00:00,7.14409339012209
2018-11-29 18:00:00,7.41368181993802
2018-11-29 19:00:00,7.54847603484598
2018-11-29 20:00:00,7.95285867956988
2018-11-29 21:00:00,7.68327024975395
2018-11-29 22:00:00,8.49203553920173
2018-11-29 23:00:00,8.08765289447784
2018-11-30 00:00:00,8.35724132429377
2018-11-30 01:00:00,7.95285867956988
2018-11-30 02:00:00,7.54847603484598
2018-11-30 03:00:00,7.41368181993802
2018-11-30 04:00:00,7.68327024975395
2018-11-30 05:00:00,7.27888760503006
2018-11-30 06:00:00,6.87450496030616
2018-11-30 07:00:00,7.54847603484598
2018-11-30 08:00:00,6.06573967085838
2018-11-30 09:00:00,6.87450496030616
2018-11-30 10:00:00,6.20053388576635
2018-11-30 11:00:00,7.14409339012209
2018-11-30 12:00:00,7.27888760503006
2018-11-30 13:00:00,7.14409339012209
2018-11-30 14:00:00,6.7397107453982
2018-11-30 15:00:00,7.41368181993802
2018-11-30 16:00:00,7.27888760503006
2018-11-30 17:00:00,6.7397107453982
2018-11-30 18:00:00,7.00929917521413
2018-11-30 19:00:00,7.41368181993802
2018-11-30 20:00:00,7.27888760503006
2018-11-30 21:00:00,8.22244710938581
2018-11-30 22:00:00,8.49203553920173
2018-11-30 23:00:00,8.76162396901766
2018-12-01 00:00:00,7.68327024975395
2018-12-01 01:00:00,7.27888760503006
2018-12-01 02:00:00,6.60491653049024
2018-12-01 03:00:00,6.47012231558227
2018-12-01 04:00:00,6.87450496030616
2018-12-01 05:00:00,6.33532810067431
2018-12-01 06:00:00,7.00929917521413
2018-12-01 07:00:00,6.87450496030616
2018-12-01 08:00:00,6.06573967085838
2018-12-01 09:00:00,6.33532810067431
2018-12-01 10:00:00,5.52656281122653
2018-12-01 11:00:00,6.20053388576635
2018-12-01 12:00:00,5.79615124104245
2018-12-01 13:00:00,5.66135702613449
2018-12-01 14:00:00,5.66135702613449
2018-12-01 15:00:00,5.52656281122653
2018-12-01 16:00:00,5.79615124104245
2018-12-01 17:00:00,6.06573967085838
2018-12-01 18:00:00,6.33532810067431
2018-12-01 19:00:00,6.20053388576635
2018-12-01 20:00:00,7.68327024975395
2018-12-01 21:00:00,6.60491653049024
2018-12-01 22:00:00,6.60491653049024
2018-12-01 23:00:00,6.47012231558227
2018-12-02 00:00:00,6.33532810067431
2018-12-02 01:00:00,6.06573967085838
2018-12-02 02:00:00,6.33532810067431
2018-12-02 03:00:00,6.33532810067431
2018-12-02 04:00:00,6.06573967085838
2018-12-02 05:00:00,5.39176859631856
2018-12-02 06:00:00,5.52656281122653
2018-12-02 07:00:00,6.06573967085838
2018-12-02 08:00:00,5.52656281122653
2018-12-02 09:00:00,5.93094545595042
2018-12-02 10:00:00,5.79615124104245
2018-12-02 11:00:00,5.12218016650263
2018-12-02 12:00:00,5.12218016650263
2018-12-02 13:00:00,4.98738595159467
2018-12-02 14:00:00,5.52656281122653
2018-12-02 15:00:00,5.52656281122653
2018-12-02 16:00:00,5.66135702613449
2018-12-02 17:00:00,5.52656281122653
2018-12-02 18:00:00,5.2569743814106
2018-12-02 19:00:00,6.33532810067431
2018-12-02 20:00:00,6.47012231558227
2018-12-02 21:00:00,6.47012231558227
2018-12-02 22:00:00,6.60491653049024
2018-12-02 23:00:00,6.33532810067431
2018-12-03 00:00:00,6.47012231558227
2018-12-03 00:00:00,6.47012231558227
2018-12-03 01:00:00,5.68924548439131
2018-12-03 02:00:00,6.9163376476914
2018-12-03 03:00:00,6.69322998163683
2018-12-03 04:00:00,6.47012231558227
2018-12-03 05:00:00,6.69322998163683
2018-12-03 06:00:00,6.69322998163683
2018-12-03 07:00:00,6.69322998163683
2018-12-03 08:00:00,6.69322998163683
2018-12-03 09:00:00,5.91235315044587
2018-12-03 10:00:00,5.68924548439131
2018-12-03 11:00:00,6.35856848255499
2018-12-03 12:00:00,6.47012231558227
2018-12-03 13:00:00,6.13546081650043
2018-12-03 14:00:00,6.47012231558227
2018-12-03 15:00:00,8.0318759779642
2018-12-03 16:00:00,8.47809131007332
2018-12-03 17:00:00,8.0318759779642
2018-12-03 18:00:00,7.92032214493692
2018-12-03 19:00:00,8.81275280915517
2018-12-03 20:00:00,9.03586047520973
2018-12-03 21:00:00,8.81275280915517
2018-12-03 22:00:00,8.81275280915517
2018-12-03 23:00:00,8.25498364401876
2018-12-04 00:00:00,8.14342981099148
2018-12-04 01:00:00,7.80876831190964
2018-12-04 02:00:00,7.4741068128278
2018-12-04 03:00:00,7.92032214493692
2018-12-04 04:00:00,7.80876831190964
2018-12-04 05:00:00,7.69721447888236
2018-12-04 06:00:00,6.80478381466411
2018-12-04 07:00:00,6.9163376476914
2018-12-04 08:00:00,7.25099914677324
2018-12-04 09:00:00,6.24701464952771
2018-12-04 10:00:00,7.02789148071868
2018-12-04 11:00:00,6.35856848255499
2018-12-04 12:00:00,6.02390698347315
2018-12-04 13:00:00,6.58167614860955
2018-12-04 14:00:00,6.13546081650043
2018-12-04 15:00:00,6.47012231558227
2018-12-04 16:00:00,6.80478381466411
2018-12-04 17:00:00,6.47012231558227
2018-12-04 18:00:00,7.25099914677324
2018-12-04 19:00:00,7.92032214493692
2018-12-04 20:00:00,7.92032214493692
2018-12-04 21:00:00,8.36653747704604
2018-12-04 22:00:00,8.36653747704604
2018-12-04 23:00:00,8.0318759779642
2018-12-05 00:00:00,7.69721447888236
2018-12-05 01:00:00,7.92032214493692
2018-12-05 02:00:00,7.69721447888236
2018-12-05 03:00:00,6.80478381466411
2018-12-05 04:00:00,7.02789148071868
2018-12-05 05:00:00,7.13944531374596
2018-12-05 06:00:00,7.25099914677324
2018-12-05 07:00:00,6.58167614860955
2018-12-05 08:00:00,6.9163376476914
2018-12-05 09:00:00,6.58167614860955
2018-12-05 10:00:00,6.58167614860955
2018-12-05 11:00:00,5.68924548439131
2018-12-05 12:00:00,6.24701464952771
2018-12-05 13:00:00,5.80079931741859
2018-12-05 14:00:00,6.47012231558227
2018-12-05 15:00:00,5.80079931741859
2018-12-05 16:00:00,6.69322998163683
2018-12-05 17:00:00,7.58566064585508
2018-12-05 18:00:00,6.58167614860955
2018-12-05 19:00:00,7.69721447888236
2018-12-05 20:00:00,7.36255297980052
2018-12-05 21:00:00,7.4741068128278
2018-12-05 22:00:00,7.80876831190964
2018-12-05 23:00:00,8.25498364401876
2018-12-06 00:00:00,7.4741068128278
2018-12-06 01:00:00,7.02789148071868
2018-12-06 02:00:00,6.69322998163683
2018-12-06 03:00:00,7.02789148071868
2018-12-06 04:00:00,6.9163376476914
2018-12-06 05:00:00,7.36255297980052
2018-12-06 06:00:00,6.80478381466411
2018-12-06 07:00:00,7.25099914677324
2018-12-06 08:00:00,6.13546081650043
2018-12-06 09:00:00,5.91235315044587
2018-12-06 10:00:00,6.80478381466411
2018-12-06 11:00:00,6.80478381466411
2018-12-06 12:00:00,6.80478381466411
2018-12-06 13:00:00,6.47012231558227
2018-12-06 14:00:00,7.58566064585508
2018-12-06 15:00:00,8.14342981099148
2018-12-06 16:00:00,8.5896451431006
2018-12-06 17:00:00,8.5896451431006
2018-12-06 18:00:00,8.81275280915517
2018-12-06 19:00:00,9.48207580731885
2018-12-06 20:00:00,9.03586047520973
2018-12-06 21:00:00,8.47809131007332
2018-12-06 22:00:00,9.25896814126429
2018-12-06 23:00:00,8.47809131007332
2018-12-07 00:00:00,10.7091679706189
2018-12-07 01:00:00,10.5976141375917
2018-12-07 02:00:00,9.81673730640069
2018-12-07 03:00:00,10.7091679706189
2018-12-07 04:00:00,10.3745064715371
2018-12-07 05:00:00,10.7091679706189
2018-12-07 06:00:00,9.92829113942797
2018-12-07 07:00:00,9.81673730640069
2018-12-07 08:00:00,9.59362964034613
2018-12-07 09:00:00,9.25896814126429
2018-12-07 10:00:00,9.14741430823701
2018-12-07 11:00:00,8.47809131007332
2018-12-07 12:00:00,8.5896451431006
2018-12-07 13:00:00,8.70119897612788
2018-12-07 14:00:00,8.47809131007332
2018-12-07 15:00:00,8.25498364401876
2018-12-07 16:00:00,9.81673730640069
2018-12-07 17:00:00,10.7091679706189
2018-12-07 18:00:00,10.8207218036462
2018-12-07 19:00:00,10.5976141375917
2018-12-07 20:00:00,11.1553833027281
2018-12-07 21:00:00,11.0438294697008
2018-12-07 22:00:00,10.3745064715371
2018-12-07 23:00:00,10.1513988054825
2018-12-08 00:00:00,9.48207580731885
2018-12-08 01:00:00,8.0318759779642
2018-12-08 02:00:00,8.0318759779642
2018-12-08 03:00:00,8.70119897612788
2018-12-08 04:00:00,7.69721447888236
2018-12-08 05:00:00,8.5896451431006
2018-12-08 06:00:00,7.92032214493692
2018-12-08 07:00:00,8.47809131007332
2018-12-08 08:00:00,7.25099914677324
2018-12-08 09:00:00,6.80478381466411
2018-12-08 10:00:00,7.25099914677324
2018-12-08 11:00:00,6.80478381466411
2018-12-08 12:00:00,6.69322998163683
2018-12-08 13:00:00,6.58167614860955
2018-12-08 14:00:00,6.9163376476914
2018-12-08 15:00:00,6.9163376476914
2018-12-08 16:00:00,6.58167614860955
2018-12-08 17:00:00,6.58167614860955
2018-12-08 18:00:00,7.25099914677324
2018-12-08 19:00:00,7.25099914677324
2018-12-08 20:00:00,6.80478381466411
2018-12-08 21:00:00,7.13944531374596
2018-12-08 22:00:00,8.25498364401876
2018-12-08 23:00:00,8.36653747704604
2018-12-09 00:00:00,7.80876831190964
2018-12-09 01:00:00,7.4741068128278
2018-12-09 02:00:00,6.35856848255499
2018-12-09 03:00:00,6.13546081650043
2018-12-09 04:00:00,6.9163376476914
2018-12-09 05:00:00,6.80478381466411
2018-12-09 06:00:00,6.24701464952771
2018-12-09 07:00:00,6.69322998163683
2018-12-09 08:00:00,6.13546081650043
2018-12-09 09:00:00,6.24701464952771
2018-12-09 10:00:00,6.02390698347315
2018-12-09 11:00:00,5.57769165136403
2018-12-09 12:00:00,6.47012231558227
2018-12-09 13:00:00,6.35856848255499
2018-12-09 14:00:00,6.58167614860955
2018-12-09 15:00:00,6.9163376476914
2018-12-09 16:00:00,6.9163376476914
2018-12-09 17:00:00,6.47012231558227
2018-12-09 18:00:00,6.47012231558227
2018-12-09 19:00:00,6.69322998163683
2018-12-09 20:00:00,6.24701464952771
2018-12-09 21:00:00,6.35856848255499
2018-12-09 22:00:00,7.4741068128278
2018-12-09 23:00:00,7.80876831190964
2018-12-10 00:00:00,6.69322998163683
2018-12-10 00:00:00,6.69322998163683
2018-12-10 01:00:00,6.37948482624761
2018-12-10 02:00:00,6.69322998163683
2018-12-10 03:00:00,7.00697513702606
2018-12-10 04:00:00,7.32072029241529
2018-12-10 05:00:00,7.42530201087836
2018-12-10 06:00:00,7.00697513702606
2018-12-10 07:00:00,7.52988372934144
2018-12-10 08:00:00,7.00697513702606
2018-12-10 09:00:00,5.96115795239531
2018-12-10 10:00:00,6.48406654471068
2018-12-10 11:00:00,6.48406654471068
2018-12-10 12:00:00,6.79781170009991
2018-12-10 13:00:00,6.48406654471068
2018-12-10 14:00:00,6.48406654471068
2018-12-10 15:00:00,7.11155685548914
2018-12-10 16:00:00,7.32072029241529
2018-12-10 17:00:00,7.11155685548914
2018-12-10 18:00:00,7.21613857395221
2018-12-10 19:00:00,7.42530201087836
2018-12-10 20:00:00,7.63446544780451
2018-12-10 21:00:00,8.05279232165682
2018-12-10 22:00:00,8.47111919550912
2018-12-10 23:00:00,7.84362888473066
2018-12-11 00:00:00,7.73904716626759
2018-12-11 01:00:00,7.21613857395221
2018-12-11 02:00:00,6.58864826317376
2018-12-11 03:00:00,6.79781170009991
2018-12-11 04:00:00,6.17032138932146
2018-12-11 05:00:00,6.79781170009991
2018-12-11 06:00:00,7.00697513702606
2018-12-11 07:00:00,6.37948482624761
2018-12-11 08:00:00,6.06573967085838
2018-12-11 09:00:00,6.27490310778453
2018-12-11 10:00:00,5.542831078543
2018-12-11 11:00:00,6.79781170009991
2018-12-11 12:00:00,6.79781170009991
2018-12-11 13:00:00,6.79781170009991
2018-12-11 14:00:00,6.27490310778453
2018-12-11 15:00:00,7.42530201087836
2018-12-11 16:00:00,6.90239341856299
2018-12-11 17:00:00,6.90239341856299
2018-12-11 18:00:00,7.21613857395221
2018-12-11 19:00:00,7.21613857395221
2018-12-11 20:00:00,6.69322998163683
2018-12-11 21:00:00,7.32072029241529
2018-12-11 22:00:00,7.73904716626759
2018-12-11 23:00:00,8.57570091397219
2018-12-12 00:00:00,7.32072029241529
2018-12-12 01:00:00,7.21613857395221
2018-12-12 02:00:00,6.58864826317376
2018-12-12 03:00:00,6.37948482624761
2018-12-12 04:00:00,6.90239341856299
2018-12-12 05:00:00,6.90239341856299
2018-12-12 06:00:00,6.37948482624761
2018-12-12 07:00:00,6.37948482624761
2018-12-12 08:00:00,5.75199451546915
2018-12-12 09:00:00,6.06573967085838
2018-12-12 10:00:00,6.17032138932146
2018-12-12 11:00:00,6.06573967085838
2018-12-12 12:00:00,6.37948482624761
2018-12-12 13:00:00,5.85657623393223
2018-12-12 14:00:00,6.37948482624761
2018-12-12 15:00:00,7.11155685548914
2018-12-12 16:00:00,7.42530201087836
2018-12-12 17:00:00,6.37948482624761
2018-12-12 18:00:00,6.58864826317376
2018-12-12 19:00:00,7.21613857395221
2018-12-12 20:00:00,7.00697513702606
2018-12-12 21:00:00,7.42530201087836
2018-12-12 22:00:00,7.52988372934144
2018-12-12 23:00:00,7.11155685548914
2018-12-13 00:00:00,6.90239341856299
2018-12-13 01:00:00,6.37948482624761
2018-12-13 02:00:00,6.06573967085838
2018-12-13 03:00:00,5.96115795239531
2018-12-13 04:00:00,6.06573967085838
2018-12-13 05:00:00,6.90239341856299
2018-12-13 06:00:00,6.48406654471068
2018-12-13 07:00:00,6.27490310778453
2018-12-13 08:00:00,5.75199451546915
2018-12-13 09:00:00,6.48406654471068
2018-12-13 10:00:00,6.06573967085838
2018-12-13 11:00:00,6.48406654471068
2018-12-13 12:00:00,5.75199451546915
2018-12-13 13:00:00,6.17032138932146
2018-12-13 14:00:00,6.06573967085838
2018-12-13 15:00:00,6.48406654471068
2018-12-13 16:00:00,5.96115795239531
2018-12-13 17:00:00,5.85657623393223
2018-12-13 18:00:00,6.90239341856299
2018-12-13 19:00:00,7.63446544780451
2018-12-13 20:00:00,8.05279232165682
2018-12-13 21:00:00,9.30777294321372
2018-12-13 22:00:00,9.51693638013987
2018-12-13 23:00:00,10.4581718463076
2018-12-14 00:00:00,8.88944606936142
2018-12-14 01:00:00,7.84362888473066
2018-12-14 02:00:00,7.52988372934144
2018-12-14 03:00:00,7.73904716626759
2018-12-14 04:00:00,8.15737404011989
2018-12-14 05:00:00,7.42530201087836
2018-12-14 06:00:00,6.90239341856299
2018-12-14 07:00:00,6.79781170009991
2018-12-14 08:00:00,6.58864826317376
2018-12-14 09:00:00,6.06573967085838
2018-12-14 10:00:00,6.37948482624761
2018-12-14 11:00:00,6.48406654471068
2018-12-14 12:00:00,6.58864826317376
2018-12-14 13:00:00,6.69322998163683
2018-12-14 14:00:00,6.90239341856299
2018-12-14 15:00:00,6.79781170009991
2018-12-14 16:00:00,7.84362888473066
2018-12-14 17:00:00,8.05279232165682
2018-12-14 18:00:00,7.21613857395221
2018-12-14 19:00:00,7.84362888473066
2018-12-14 20:00:00,8.15737404011989
2018-12-14 21:00:00,8.57570091397219
2018-12-14 22:00:00,8.57570091397219
2018-12-14 23:00:00,8.36653747704604
2018-12-15 00:00:00,8.36653747704604
2018-12-15 01:00:00,7.42530201087836
2018-12-15 02:00:00,7.52988372934144
2018-12-15 03:00:00,6.90239341856299
2018-12-15 04:00:00,7.42530201087836
2018-12-15 05:00:00,6.69322998163683
2018-12-15 06:00:00,7.11155685548914
2018-12-15 07:00:00,6.48406654471068
2018-12-15 08:00:00,5.96115795239531
2018-12-15 09:00:00,6.17032138932146
2018-12-15 10:00:00,6.27490310778453
2018-12-15 11:00:00,6.06573967085838
2018-12-15 12:00:00,6.17032138932146
2018-12-15 13:00:00,6.06573967085838
2018-12-15 14:00:00,6.27490310778453
2018-12-15 15:00:00,6.06573967085838
2018-12-15 16:00:00,6.58864826317376
2018-12-15 17:00:00,6.27490310778453
2018-12-15 18:00:00,6.48406654471068
2018-12-15 19:00:00,6.37948482624761
2018-12-15 20:00:00,7.00697513702606
2018-12-15 21:00:00,7.11155685548914
2018-12-15 22:00:00,7.73904716626759
2018-12-15 23:00:00,7.21613857395221
2018-12-16 00:00:00,7.42530201087836
2018-12-16 01:00:00,6.79781170009991
2018-12-16 02:00:00,6.69322998163683
2018-12-16 03:00:00,6.79781170009991
2018-12-16 04:00:00,6.17032138932146
2018-12-16 05:00:00,5.85657623393223
2018-12-16 06:00:00,5.96115795239531
2018-12-16 07:00:00,6.37948482624761
2018-12-16 08:00:00,5.542831078543
2018-12-16 09:00:00,5.96115795239531
2018-12-16 10:00:00,6.37948482624761
2018-12-16 11:00:00,5.542831078543
2018-12-16 12:00:00,5.64741279700608
2018-12-16 13:00:00,5.33366764161685
2018-12-16 14:00:00,5.75199451546915
2018-12-16 15:00:00,5.75199451546915
2018-12-16 16:00:00,6.17032138932146
2018-12-16 17:00:00,5.43824936007993
2018-12-16 18:00:00,5.75199451546915
2018-12-16 19:00:00,6.48406654471068
2018-12-16 20:00:00,6.27490310778453
2018-12-16 21:00:00,7.00697513702606
2018-12-16 22:00:00,7.32072029241529
2018-12-16 23:00:00,7.21613857395221
2018-12-17 00:00:00,7.00697513702606
2018-12-17 00:00:00,7.00697513702606
2018-12-17 01:00:00,6.27490310778453
2018-12-17 02:00:00,6.27490310778453
2018-12-17 03:00:00,6.69322998163683
2018-12-17 04:00:00,6.48406654471068
2018-12-17 05:00:00,6.37948482624761
2018-12-17 06:00:00,6.69322998163683
2018-12-17 07:00:00,5.85657623393223
2018-12-17 08:00:00,7.00697513702606
2018-12-17 09:00:00,6.48406654471068
2018-12-17 10:00:00,6.17032138932146
2018-12-17 11:00:00,6.17032138932146
2018-12-17 12:00:00,6.37948482624761
2018-12-17 13:00:00,6.79781170009991
2018-12-17 14:00:00,7.42530201087836
2018-12-17 15:00:00,7.11155685548914
2018-12-17 16:00:00,7.63446544780451
2018-12-17 17:00:00,8.05279232165682
2018-12-17 18:00:00,8.15737404011989
2018-12-17 19:00:00,9.72609981706602
2018-12-17 20:00:00,9.8306815355291
2018-12-17 21:00:00,10.4581718463076
2018-12-17 22:00:00,9.09860950628757
2018-12-17 23:00:00,9.62151809860295
2018-12-18 00:00:00,9.09860950628757
2018-12-18 01:00:00,8.68028263243527
2018-12-18 02:00:00,8.15737404011989
2018-12-18 03:00:00,7.84362888473066
2018-12-18 04:00:00,8.15737404011989
2018-12-18 05:00:00,8.36653747704604
2018-12-18 06:00:00,7.94821060319374
2018-12-18 07:00:00,7.73904716626759
2018-12-18 08:00:00,7.42530201087836
2018-12-18 09:00:00,6.27490310778453
2018-12-18 10:00:00,6.79781170009991
2018-12-18 11:00:00,7.11155685548914
2018-12-18 12:00:00,6.06573967085838
2018-12-18 13:00:00,6.58864826317376
2018-12-18 14:00:00,7.11155685548914
2018-12-18 15:00:00,7.32072029241529
2018-12-18 16:00:00,7.42530201087836
2018-12-18 17:00:00,7.00697513702606
2018-12-18 18:00:00,7.00697513702606
2018-12-18 19:00:00,7.63446544780451
2018-12-18 20:00:00,7.21613857395221
2018-12-18 21:00:00,7.84362888473066
2018-12-18 22:00:00,7.73904716626759
2018-12-18 23:00:00,9.51693638013987
2018-12-19 00:00:00,8.15737404011989
2018-12-19 01:00:00,8.68028263243527
2018-12-19 02:00:00,7.52988372934144
2018-12-19 03:00:00,9.20319122475065
2018-12-19 04:00:00,8.78486435089834
2018-12-19 05:00:00,8.15737404011989
2018-12-19 06:00:00,8.26195575858297
2018-12-19 07:00:00,7.42530201087836
2018-12-19 08:00:00,7.42530201087836
2018-12-19 09:00:00,7.00697513702606
2018-12-19 10:00:00,7.11155685548914
2018-12-19 11:00:00,7.84362888473066
2018-12-19 12:00:00,7.73904716626759
2018-12-19 13:00:00,8.78486435089834
2018-12-19 14:00:00,7.94821060319374
2018-12-19 15:00:00,7.84362888473066
2018-12-19 16:00:00,7.84362888473066
2018-12-19 17:00:00,8.57570091397219
2018-12-19 18:00:00,8.57570091397219
2018-12-19 19:00:00,8.15737404011989
2018-12-19 20:00:00,8.26195575858297
2018-12-19 21:00:00,8.99402778782449
2018-12-19 22:00:00,8.57570091397219
2018-12-19 23:00:00,8.26195575858297
2018-12-20 00:00:00,7.94821060319374
2018-12-20 01:00:00,7.32072029241529
2018-12-20 02:00:00,6.69322998163683
2018-12-20 03:00:00,7.63446544780451
2018-12-20 04:00:00,7.32072029241529
2018-12-20 05:00:00,7.42530201087836
2018-12-20 06:00:00,7.42530201087836
2018-12-20 07:00:00,7.21613857395221
2018-12-20 08:00:00,8.05279232165682
2018-12-20 09:00:00,7.63446544780451
2018-12-20 10:00:00,8.36653747704604
2018-12-20 11:00:00,9.09860950628757
2018-12-20 12:00:00,7.94821060319374
2018-12-20 13:00:00,7.42530201087836
2018-12-20 14:00:00,7.21613857395221
2018-12-20 15:00:00,8.88944606936142
2018-12-20 16:00:00,8.88944606936142
2018-12-20 17:00:00,9.30777294321372
2018-12-20 18:00:00,9.09860950628757
2018-12-20 19:00:00,9.62151809860295
2018-12-20 20:00:00,8.36653747704604
2018-12-20 21:00:00,8.88944606936142
2018-12-20 22:00:00,9.62151809860295
2018-12-20 23:00:00,10.1444266909183
2018-12-21 00:00:00,9.20319122475065
2018-12-21 01:00:00,8.47111919550912
2018-12-21 02:00:00,7.94821060319374
2018-12-21 03:00:00,8.15737404011989
2018-12-21 04:00:00,7.94821060319374
2018-12-21 05:00:00,7.63446544780451
2018-12-21 06:00:00,7.21613857395221
2018-12-21 07:00:00,7.63446544780451
2018-12-21 08:00:00,7.11155685548914
2018-12-21 09:00:00,6.90239341856299
2018-12-21 10:00:00,6.48406654471068
2018-12-21 11:00:00,7.11155685548914
2018-12-21 12:00:00,6.79781170009991
2018-12-21 13:00:00,6.58864826317376
2018-12-21 14:00:00,6.69322998163683
2018-12-21 15:00:00,7.32072029241529
2018-12-21 16:00:00,7.42530201087836
2018-12-21 17:00:00,7.21613857395221
2018-12-21 18:00:00,7.21613857395221
2018-12-21 19:00:00,7.73904716626759
2018-12-21 20:00:00,7.73904716626759
2018-12-21 21:00:00,9.30777294321372
2018-12-21 22:00:00,8.26195575858297
2018-12-21 23:00:00,8.47111919550912
2018-12-22 00:00:00,7.42530201087836
2018-12-22 01:00:00,6.69322998163683
2018-12-22 02:00:00,6.37948482624761
2018-12-22 03:00:00,6.58864826317376
2018-12-22 04:00:00,6.06573967085838
2018-12-22 05:00:00,6.37948482624761
2018-12-22 06:00:00,6.27490310778453
2018-12-22 07:00:00,6.58864826317376
2018-12-22 08:00:00,6.17032138932146
2018-12-22 09:00:00,5.85657623393223
2018-12-22 10:00:00,6.27490310778453
2018-12-22 11:00:00,5.33366764161685
2018-12-22 12:00:00,5.64741279700608
2018-12-22 13:00:00,6.06573967085838
2018-12-22 14:00:00,5.96115795239531
2018-12-22 15:00:00,5.96115795239531
2018-12-22 16:00:00,5.542831078543
2018-12-22 17:00:00,5.33366764161685
2018-12-22 18:00:00,6.17032138932146
2018-12-22 19:00:00,5.85657623393223
2018-12-22 20:00:00,6.17032138932146
2018-12-22 21:00:00,6.27490310778453
2018-12-22 22:00:00,6.06573967085838
2018-12-22 23:00:00,7.63446544780451
2018-12-23 00:00:00,6.06573967085838
2018-12-23 01:00:00,6.27490310778453
2018-12-23 02:00:00,6.06573967085838
2018-12-23 03:00:00,5.75199451546915
2018-12-23 04:00:00,6.06573967085838
2018-12-23 05:00:00,6.17032138932146
2018-12-23 06:00:00,5.22908592315378
2018-12-23 07:00:00,6.58864826317376
2018-12-23 08:00:00,6.37948482624761
2018-12-23 09:00:00,6.58864826317376
2018-12-23 10:00:00,5.96115795239531
2018-12-23 11:00:00,5.85657623393223
2018-12-23 12:00:00,6.06573967085838
2018-12-23 13:00:00,5.75199451546915
2018-12-23 14:00:00,5.85657623393223
2018-12-23 15:00:00,5.85657623393223
2018-12-23 16:00:00,5.542831078543
2018-12-23 17:00:00,6.06573967085838
2018-12-23 18:00:00,5.75199451546915
2018-12-23 19:00:00,6.06573967085838
2018-12-23 20:00:00,6.48406654471068
2018-12-23 21:00:00,6.79781170009991
2018-12-23 22:00:00,6.58864826317376
2018-12-23 23:00:00,7.32072029241529
2018-12-24 00:00:00,7.00697513702606
2018-12-24 00:00:00,7.00697513702606
2018-12-24 01:00:00,7.00697513702606
2018-12-24 02:00:00,8.18887455772925
2018-12-24 03:00:00,6.66928958825372
2018-12-24 04:00:00,7.09139652421915
2018-12-24 05:00:00,7.00697513702606
2018-12-24 06:00:00,7.17581791141223
2018-12-24 07:00:00,6.58486820106064
2018-12-24 08:00:00,7.76676762176383
2018-12-24 09:00:00,6.66928958825372
2018-12-24 10:00:00,6.2471826522883
2018-12-24 11:00:00,6.33160403948138
2018-12-24 12:00:00,6.2471826522883
2018-12-24 13:00:00,5.99391849070904
2018-12-24 14:00:00,6.58486820106064
2018-12-24 15:00:00,7.3446606857984
2018-12-24 16:00:00,7.26023929860532
2018-12-24 17:00:00,7.00697513702606
2018-12-24 18:00:00,7.51350346018457
2018-12-24 19:00:00,7.76676762176383
2018-12-24 20:00:00,6.92255374983297
2018-12-24 21:00:00,7.68234623457074
2018-12-24 22:00:00,7.68234623457074
2018-12-24 23:00:00,8.44213871930851
2018-12-25 00:00:00,7.85118900895691
2018-12-25 01:00:00,7.51350346018457
2018-12-25 02:00:00,6.83813236263989
2018-12-25 03:00:00,7.09139652421915
2018-12-25 04:00:00,6.58486820106064
2018-12-25 05:00:00,7.17581791141223
2018-12-25 06:00:00,7.00697513702606
2018-12-25 07:00:00,6.50044681386755
2018-12-25 08:00:00,6.92255374983297
2018-12-25 09:00:00,6.07833987790213
2018-12-25 10:00:00,6.07833987790213
2018-12-25 11:00:00,5.90949710351596
2018-12-25 12:00:00,6.07833987790213
2018-12-25 13:00:00,6.50044681386755
2018-12-25 14:00:00,5.82507571632287
2018-12-25 15:00:00,6.50044681386755
2018-12-25 16:00:00,6.41602542667446
2018-12-25 17:00:00,6.58486820106064
2018-12-25 18:00:00,6.58486820106064
2018-12-25 19:00:00,7.09139652421915
2018-12-25 20:00:00,6.41602542667446
2018-12-25 21:00:00,7.09139652421915
2018-12-25 22:00:00,7.00697513702606
2018-12-25 23:00:00,7.76676762176383
2018-12-26 00:00:00,7.17581791141223
2018-12-26 01:00:00,6.50044681386755
2018-12-26 02:00:00,6.41602542667446
2018-12-26 03:00:00,6.07833987790213
2018-12-26 04:00:00,6.33160403948138
2018-12-26 05:00:00,5.99391849070904
2018-12-26 06:00:00,5.74065432912978
2018-12-26 07:00:00,5.90949710351596
2018-12-26 08:00:00,6.92255374983297
2018-12-26 09:00:00,6.07833987790213
2018-12-26 10:00:00,5.82507571632287
2018-12-26 11:00:00,5.90949710351596
2018-12-26 12:00:00,5.99391849070904
2018-12-26 13:00:00,6.2471826522883
2018-12-26 14:00:00,5.82507571632287
2018-12-26 15:00:00,5.82507571632287
2018-12-26 16:00:00,6.16276126509521
2018-12-26 17:00:00,6.2471826522883
2018-12-26 18:00:00,6.07833987790213
2018-12-26 19:00:00,6.66928958825372
2018-12-26 20:00:00,7.26023929860532
2018-12-26 21:00:00,7.17581791141223
2018-12-26 22:00:00,7.68234623457074
2018-12-26 23:00:00,7.85118900895691
2018-12-27 00:00:00,6.92255374983297
2018-12-27 01:00:00,6.92255374983297
2018-12-27 02:00:00,6.50044681386755
2018-12-27 03:00:00,6.33160403948138
2018-12-27 04:00:00,6.07833987790213
2018-12-27 05:00:00,5.99391849070904
2018-12-27 06:00:00,6.2471826522883
2018-12-27 07:00:00,6.50044681386755
2018-12-27 08:00:00,5.40296878035744
2018-12-27 09:00:00,5.82507571632287
2018-12-27 10:00:00,5.99391849070904
2018-12-27 11:00:00,6.07833987790213
2018-12-27 12:00:00,6.41602542667446
2018-12-27 13:00:00,6.16276126509521
2018-12-27 14:00:00,6.2471826522883
2018-12-27 15:00:00,6.41602542667446
2018-12-27 16:00:00,6.58486820106064
2018-12-27 17:00:00,6.16276126509521
2018-12-27 18:00:00,6.83813236263989
2018-12-27 19:00:00,7.3446606857984
2018-12-27 20:00:00,6.92255374983297
2018-12-27 21:00:00,7.26023929860532
2018-12-27 22:00:00,7.68234623457074
2018-12-27 23:00:00,7.68234623457074
2018-12-28 00:00:00,7.00697513702606
2018-12-28 01:00:00,6.50044681386755
2018-12-28 02:00:00,6.07833987790213
2018-12-28 03:00:00,6.33160403948138
2018-12-28 04:00:00,6.33160403948138
2018-12-28 05:00:00,6.41602542667446
2018-12-28 06:00:00,6.50044681386755
2018-12-28 07:00:00,6.16276126509521
2018-12-28 08:00:00,6.33160403948138
2018-12-28 09:00:00,6.41602542667446
2018-12-28 10:00:00,5.6562329419367
2018-12-28 11:00:00,5.99391849070904
2018-12-28 12:00:00,5.82507571632287
2018-12-28 13:00:00,5.74065432912978
2018-12-28 14:00:00,5.57181155474361
2018-12-28 15:00:00,6.33160403948138
2018-12-28 16:00:00,6.92255374983297
2018-12-28 17:00:00,6.66928958825372
2018-12-28 18:00:00,6.92255374983297
2018-12-28 19:00:00,7.17581791141223
2018-12-28 20:00:00,7.3446606857984
2018-12-28 21:00:00,7.51350346018457
2018-12-28 22:00:00,7.68234623457074
2018-12-28 23:00:00,7.17581791141223
2018-12-29 00:00:00,6.33160403948138
2018-12-29 01:00:00,6.50044681386755
2018-12-29 02:00:00,6.41602542667446
2018-12-29 03:00:00,5.99391849070904
2018-12-29 04:00:00,6.16276126509521
2018-12-29 05:00:00,5.74065432912978
2018-12-29 06:00:00,6.83813236263989
2018-12-29 07:00:00,5.31854739316436
2018-12-29 08:00:00,6.2471826522883
2018-12-29 09:00:00,5.6562329419367
2018-12-29 10:00:00,5.82507571632287
2018-12-29 11:00:00,5.48739016755053
2018-12-29 12:00:00,5.90949710351596
2018-12-29 13:00:00,5.57181155474361
2018-12-29 14:00:00,5.31854739316436
2018-12-29 15:00:00,5.57181155474361
2018-12-29 16:00:00,5.48739016755053
2018-12-29 17:00:00,5.6562329419367
2018-12-29 18:00:00,5.48739016755053
2018-12-29 19:00:00,6.33160403948138
2018-12-29 20:00:00,5.99391849070904
2018-12-29 21:00:00,6.33160403948138
2018-12-29 22:00:00,7.09139652421915
2018-12-29 23:00:00,6.92255374983297
2018-12-30 00:00:00,7.17581791141223
2018-12-30 01:00:00,5.90949710351596
2018-12-30 02:00:00,5.57181155474361
2018-12-30 03:00:00,5.57181155474361
2018-12-30 04:00:00,5.57181155474361
2018-12-30 05:00:00,5.82507571632287
2018-12-30 06:00:00,5.23412600597127
2018-12-30 07:00:00,6.07833987790213
2018-12-30 08:00:00,5.48739016755053
2018-12-30 09:00:00,5.48739016755053
2018-12-30 10:00:00,5.74065432912978
2018-12-30 11:00:00,5.23412600597127
2018-12-30 12:00:00,5.48739016755053
2018-12-30 13:00:00,5.23412600597127
2018-12-30 14:00:00,4.81201907000585
2018-12-30 15:00:00,5.23412600597127
2018-12-30 16:00:00,5.31854739316436
2018-12-30 17:00:00,5.14970461877819
2018-12-30 18:00:00,5.6562329419367
2018-12-30 19:00:00,5.6562329419367
2018-12-30 20:00:00,5.31854739316436
2018-12-30 21:00:00,6.33160403948138
2018-12-30 22:00:00,5.74065432912978
2018-12-30 23:00:00,7.00697513702606
2018-12-31 00:00:00,6.41602542667446
2018-12-31 00:00:00,6.41602542667446
2018-12-31 01:00:00,4.94107705272631
2018-12-31 02:00:00,5.8260460770952
2018-12-31 03:00:00,5.7522986583978
2018-12-31 04:00:00,5.60480382100298
2018-12-31 05:00:00,5.45730898360817
2018-12-31 06:00:00,5.97354091449002
2018-12-31 07:00:00,6.04728833318743
2018-12-31 08:00:00,6.04728833318743
2018-12-31 09:00:00,5.23606672751594
2018-12-31 10:00:00,5.67855123970039
2018-12-31 11:00:00,5.53105640230557
2018-12-31 12:00:00,5.23606672751594
2018-12-31 13:00:00,5.53105640230557
2018-12-31 14:00:00,5.01482447142372
2018-12-31 15:00:00,5.30981414621335
2018-12-31 16:00:00,5.38356156491076
2018-12-31 17:00:00,5.08857189012113
2018-12-31 18:00:00,5.60480382100298
2018-12-31 19:00:00,5.53105640230557
2018-12-31 20:00:00,6.41602542667446
2018-12-31 21:00:00,6.41602542667446
2018-12-31 22:00:00,5.67855123970039
2018-12-31 23:00:00,6.04728833318743
