timestamp,SVI
2018-01-01T00:00:00.000000,27.6151315789474
2018-01-01T01:00:00.000000,26.4802631578947
2018-01-01T02:00:00.000000,26.8585526315789
2018-01-01T03:00:00.000000,26.4802631578947
2018-01-01T04:00:00.000000,26.4802631578947
2018-01-01T05:00:00.000000,26.8585526315789
2018-01-01T06:00:00.000000,26.8585526315789
2018-01-01T07:00:00.000000,25.3453947368421
2018-01-01T08:00:00.000000,24.9671052631579
2018-01-01T09:00:00.000000,25.3453947368421
2018-01-01T10:00:00.000000,24.9671052631579
2018-01-01T11:00:00.000000,25.3453947368421
2018-01-01T12:00:00.000000,23.4539473684211
2018-01-01T13:00:00.000000,23.4539473684211
2018-01-01T14:00:00.000000,26.4802631578947
2018-01-01T15:00:00.000000,26.8585526315789
2018-01-01T16:00:00.000000,26.1019736842105
2018-01-01T17:00:00.000000,29.5065789473684
2018-01-01T18:00:00.000000,26.8585526315789
2018-01-01T19:00:00.000000,27.6151315789474
2018-01-01T20:00:00.000000,27.2368421052632
2018-01-01T21:00:00.000000,29.5065789473684
2018-01-01T22:00:00.000000,30.6414473684211
2018-01-01T23:00:00.000000,31.0197368421053
2018-01-02T00:00:00.000000,31.3980263157895
2018-01-02T01:00:00.000000,29.8848684210526
2018-01-02T02:00:00.000000,31.0197368421053
2018-01-02T03:00:00.000000,32.5328947368421
2018-01-02T04:00:00.000000,32.9111842105263
2018-01-02T05:00:00.000000,32.5328947368421
2018-01-02T06:00:00.000000,31.0197368421053
2018-01-02T07:00:00.000000,30.2631578947368
2018-01-02T08:00:00.000000,30.2631578947368
2018-01-02T09:00:00.000000,28.75
2018-01-02T10:00:00.000000,29.1282894736842
2018-01-02T11:00:00.000000,28.75
2018-01-02T12:00:00.000000,28.75
2018-01-02T13:00:00.000000,29.1282894736842
2018-01-02T14:00:00.000000,28.75
2018-01-02T15:00:00.000000,27.6151315789474
2018-01-02T16:00:00.000000,29.5065789473684
2018-01-02T17:00:00.000000,31.3980263157895
2018-01-02T18:00:00.000000,30.6414473684211
2018-01-02T19:00:00.000000,31.7763157894737
2018-01-02T20:00:00.000000,36.3157894736842
2018-01-02T21:00:00.000000,36.6940789473684
2018-01-02T22:00:00.000000,37.4506578947368
2018-01-02T23:00:00.000000,35.5592105263158
2018-01-03T00:00:00.000000,34.8026315789474
2018-01-03T01:00:00.000000,34.8026315789474
2018-01-03T02:00:00.000000,34.4243421052632
2018-01-03T03:00:00.000000,35.1809210526316
2018-01-03T04:00:00.000000,34.046052631579
2018-01-03T05:00:00.000000,34.8026315789474
2018-01-03T06:00:00.000000,34.4243421052632
2018-01-03T07:00:00.000000,30.2631578947368
2018-01-03T08:00:00.000000,31.0197368421053
2018-01-03T09:00:00.000000,29.5065789473684
2018-01-03T10:00:00.000000,27.6151315789474
2018-01-03T11:00:00.000000,27.6151315789474
2018-01-03T12:00:00.000000,30.6414473684211
2018-01-03T13:00:00.000000,27.2368421052632
2018-01-03T14:00:00.000000,29.5065789473684
2018-01-03T15:00:00.000000,29.5065789473684
2018-01-03T16:00:00.000000,29.8848684210526
2018-01-03T17:00:00.000000,28.75
2018-01-03T18:00:00.000000,29.5065789473684
2018-01-03T19:00:00.000000,32.9111842105263
2018-01-03T20:00:00.000000,34.8026315789474
2018-01-03T21:00:00.000000,34.4243421052632
2018-01-03T22:00:00.000000,34.8026315789474
2018-01-03T23:00:00.000000,33.2894736842105
2018-01-04T00:00:00.000000,33.6677631578947
2018-01-04T01:00:00.000000,33.2894736842105
2018-01-04T02:00:00.000000,34.4243421052632
2018-01-04T03:00:00.000000,35.9375
2018-01-04T04:00:00.000000,34.8026315789474
2018-01-04T05:00:00.000000,35.5592105263158
2018-01-04T06:00:00.000000,32.9111842105263
2018-01-04T07:00:00.000000,32.1546052631579
2018-01-04T08:00:00.000000,31.0197368421053
2018-01-04T09:00:00.000000,30.2631578947368
2018-01-04T10:00:00.000000,27.6151315789474
2018-01-04T11:00:00.000000,29.8848684210526
2018-01-04T12:00:00.000000,28.75
2018-01-04T13:00:00.000000,26.8585526315789
2018-01-04T14:00:00.000000,29.1282894736842
2018-01-04T15:00:00.000000,29.8848684210526
2018-01-04T16:00:00.000000,27.2368421052632
2018-01-04T17:00:00.000000,27.9934210526316
2018-01-04T18:00:00.000000,27.9934210526316
2018-01-04T19:00:00.000000,27.9934210526316
2018-01-04T20:00:00.000000,29.8848684210526
2018-01-04T21:00:00.000000,30.6414473684211
2018-01-04T22:00:00.000000,33.2894736842105
2018-01-04T23:00:00.000000,33.2894736842105
2018-01-05T00:00:00.000000,33.2894736842105
2018-01-05T01:00:00.000000,29.8848684210526
2018-01-05T02:00:00.000000,29.5065789473684
2018-01-05T03:00:00.000000,30.6414473684211
2018-01-05T04:00:00.000000,31.0197368421053
2018-01-05T05:00:00.000000,31.3980263157895
2018-01-05T06:00:00.000000,29.1282894736842
2018-01-05T07:00:00.000000,29.1282894736842
2018-01-05T08:00:00.000000,26.4802631578947
2018-01-05T09:00:00.000000,28.3717105263158
2018-01-05T10:00:00.000000,27.2368421052632
2018-01-05T11:00:00.000000,27.6151315789474
2018-01-05T12:00:00.000000,26.1019736842105
2018-01-05T13:00:00.000000,26.1019736842105
2018-01-05T14:00:00.000000,26.4802631578947
2018-01-05T15:00:00.000000,27.9934210526316
2018-01-05T16:00:00.000000,29.5065789473684
2018-01-05T17:00:00.000000,29.1282894736842
2018-01-05T18:00:00.000000,31.0197368421053
2018-01-05T19:00:00.000000,29.1282894736842
2018-01-05T20:00:00.000000,29.8848684210526
2018-01-05T21:00:00.000000,32.9111842105263
2018-01-05T22:00:00.000000,34.4243421052632
2018-01-05T23:00:00.000000,37.8289473684211
2018-01-06T00:00:00.000000,34.4243421052632
2018-01-06T01:00:00.000000,34.046052631579
2018-01-06T02:00:00.000000,32.5328947368421
2018-01-06T03:00:00.000000,31.3980263157895
2018-01-06T04:00:00.000000,31.0197368421053
2018-01-06T05:00:00.000000,30.2631578947368
2018-01-06T06:00:00.000000,29.8848684210526
2018-01-06T07:00:00.000000,27.9934210526316
2018-01-06T08:00:00.000000,26.1019736842105
2018-01-06T09:00:00.000000,24.9671052631579
2018-01-06T10:00:00.000000,23.8322368421053
2018-01-06T11:00:00.000000,22.6973684210526
2018-01-06T12:00:00.000000,22.6973684210526
2018-01-06T13:00:00.000000,24.5888157894737
2018-01-06T14:00:00.000000,24.2105263157895
2018-01-06T15:00:00.000000,25.7236842105263
2018-01-06T16:00:00.000000,25.3453947368421
2018-01-06T17:00:00.000000,24.5888157894737
2018-01-06T18:00:00.000000,27.6151315789474
2018-01-06T19:00:00.000000,29.1282894736842
2018-01-06T20:00:00.000000,27.6151315789474
2018-01-06T21:00:00.000000,27.9934210526316
2018-01-06T22:00:00.000000,29.1282894736842
2018-01-06T23:00:00.000000,31.0197368421053
2018-01-07T00:00:00.000000,29.1282894736842
2018-01-07T01:00:00.000000,29.8848684210526
2018-01-07T02:00:00.000000,31.0197368421053
2018-01-07T03:00:00.000000,30.2631578947368
2018-01-07T04:00:00.000000,28.3717105263158
2018-01-07T05:00:00.000000,29.8848684210526
2018-01-07T06:00:00.000000,27.6151315789474
2018-01-07T07:00:00.000000,26.1019736842105
2018-01-07T08:00:00.000000,24.2105263157895
2018-01-07T09:00:00.000000,24.5888157894737
2018-01-07T10:00:00.000000,23.8322368421053
2018-01-07T11:00:00.000000,24.2105263157895
2018-01-07T12:00:00.000000,23.8322368421053
2018-01-07T13:00:00.000000,23.4539473684211
2018-01-07T14:00:00.000000,24.9671052631579
2018-01-07T15:00:00.000000,23.4539473684211
2018-01-07T16:00:00.000000,24.2105263157895
2018-01-07T17:00:00.000000,25.7236842105263
2018-01-07T18:00:00.000000,25.7236842105263
2018-01-07T19:00:00.000000,25.7236842105263
2018-01-07T20:00:00.000000,27.9934210526316
2018-01-07T21:00:00.000000,26.8585526315789
2018-01-07T22:00:00.000000,30.2631578947368
2018-01-07T23:00:00.000000,30.6414473684211
2018-01-08T00:00:00.000000,28.75
2018-01-08T00:00:00.000000,28.75
2018-01-08T01:00:00.000000,29.2291666666667
2018-01-08T02:00:00.000000,29.7083333333333
2018-01-08T03:00:00.000000,29.7083333333333
2018-01-08T04:00:00.000000,30.1875
2018-01-08T05:00:00.000000,30.1875
2018-01-08T06:00:00.000000,28.2708333333333
2018-01-08T07:00:00.000000,25.875
2018-01-08T08:00:00.000000,26.3541666666667
2018-01-08T09:00:00.000000,25.3958333333333
2018-01-08T10:00:00.000000,26.3541666666667
2018-01-08T11:00:00.000000,25.3958333333333
2018-01-08T12:00:00.000000,27.3125
2018-01-08T13:00:00.000000,28.75
2018-01-08T14:00:00.000000,29.7083333333333
2018-01-08T15:00:00.000000,34.9791666666667
2018-01-08T16:00:00.000000,30.6666666666667
2018-01-08T17:00:00.000000,29.7083333333333
2018-01-08T18:00:00.000000,28.75
2018-01-08T19:00:00.000000,29.2291666666667
2018-01-08T20:00:00.000000,30.1875
2018-01-08T21:00:00.000000,32.1041666666667
2018-01-08T22:00:00.000000,33.0625
2018-01-08T23:00:00.000000,34.0208333333333
2018-01-09T00:00:00.000000,33.0625
2018-01-09T01:00:00.000000,30.1875
2018-01-09T02:00:00.000000,31.1458333333333
2018-01-09T03:00:00.000000,30.1875
2018-01-09T04:00:00.000000,31.1458333333333
2018-01-09T05:00:00.000000,31.625
2018-01-09T06:00:00.000000,29.7083333333333
2018-01-09T07:00:00.000000,28.75
2018-01-09T08:00:00.000000,27.7916666666667
2018-01-09T09:00:00.000000,26.3541666666667
2018-01-09T10:00:00.000000,27.3125
2018-01-09T11:00:00.000000,26.3541666666667
2018-01-09T12:00:00.000000,26.3541666666667
2018-01-09T13:00:00.000000,26.8333333333333
2018-01-09T14:00:00.000000,23.9583333333333
2018-01-09T15:00:00.000000,26.3541666666667
2018-01-09T16:00:00.000000,25.875
2018-01-09T17:00:00.000000,25.875
2018-01-09T18:00:00.000000,27.3125
2018-01-09T19:00:00.000000,27.7916666666667
2018-01-09T20:00:00.000000,27.3125
2018-01-09T21:00:00.000000,29.2291666666667
2018-01-09T22:00:00.000000,31.625
2018-01-09T23:00:00.000000,34.9791666666667
2018-01-10T00:00:00.000000,33.5416666666667
2018-01-10T01:00:00.000000,32.1041666666667
2018-01-10T02:00:00.000000,31.625
2018-01-10T03:00:00.000000,29.7083333333333
2018-01-10T04:00:00.000000,33.0625
2018-01-10T05:00:00.000000,34.0208333333333
2018-01-10T06:00:00.000000,32.1041666666667
2018-01-10T07:00:00.000000,29.7083333333333
2018-01-10T08:00:00.000000,31.625
2018-01-10T09:00:00.000000,28.75
2018-01-10T10:00:00.000000,25.875
2018-01-10T11:00:00.000000,25.875
2018-01-10T12:00:00.000000,26.3541666666667
2018-01-10T13:00:00.000000,27.7916666666667
2018-01-10T14:00:00.000000,26.8333333333333
2018-01-10T15:00:00.000000,26.3541666666667
2018-01-10T16:00:00.000000,28.75
2018-01-10T17:00:00.000000,26.8333333333333
2018-01-10T18:00:00.000000,27.3125
2018-01-10T19:00:00.000000,28.2708333333333
2018-01-10T20:00:00.000000,29.7083333333333
2018-01-10T21:00:00.000000,30.1875
2018-01-10T22:00:00.000000,36.4166666666667
2018-01-10T23:00:00.000000,30.6666666666667
2018-01-11T00:00:00.000000,30.1875
2018-01-11T01:00:00.000000,29.2291666666667
2018-01-11T02:00:00.000000,30.1875
2018-01-11T03:00:00.000000,33.5416666666667
2018-01-11T04:00:00.000000,47.9166666666667
2018-01-11T05:00:00.000000,47.9166666666667
2018-01-11T06:00:00.000000,45.5208333333333
2018-01-11T07:00:00.000000,34.5
2018-01-11T08:00:00.000000,33.0625
2018-01-11T09:00:00.000000,30.6666666666667
2018-01-11T10:00:00.000000,29.7083333333333
2018-01-11T11:00:00.000000,29.2291666666667
2018-01-11T12:00:00.000000,29.2291666666667
2018-01-11T13:00:00.000000,28.2708333333333
2018-01-11T14:00:00.000000,29.7083333333333
2018-01-11T15:00:00.000000,31.1458333333333
2018-01-11T16:00:00.000000,29.2291666666667
2018-01-11T17:00:00.000000,30.6666666666667
2018-01-11T18:00:00.000000,30.6666666666667
2018-01-11T19:00:00.000000,31.1458333333333
2018-01-11T20:00:00.000000,31.625
2018-01-11T21:00:00.000000,32.5833333333333
2018-01-11T22:00:00.000000,35.9375
2018-01-11T23:00:00.000000,39.2916666666667
2018-01-12T00:00:00.000000,37.375
2018-01-12T01:00:00.000000,33.5416666666667
2018-01-12T02:00:00.000000,33.5416666666667
2018-01-12T03:00:00.000000,30.6666666666667
2018-01-12T04:00:00.000000,33.0625
2018-01-12T05:00:00.000000,32.1041666666667
2018-01-12T06:00:00.000000,30.1875
2018-01-12T07:00:00.000000,28.75
2018-01-12T08:00:00.000000,28.2708333333333
2018-01-12T09:00:00.000000,26.3541666666667
2018-01-12T10:00:00.000000,25.3958333333333
2018-01-12T11:00:00.000000,25.875
2018-01-12T12:00:00.000000,24.4375
2018-01-12T13:00:00.000000,25.3958333333333
2018-01-12T14:00:00.000000,25.3958333333333
2018-01-12T15:00:00.000000,24.4375
2018-01-12T16:00:00.000000,25.3958333333333
2018-01-12T17:00:00.000000,24.4375
2018-01-12T18:00:00.000000,26.3541666666667
2018-01-12T19:00:00.000000,25.875
2018-01-12T20:00:00.000000,24.9166666666667
2018-01-12T21:00:00.000000,28.2708333333333
2018-01-12T22:00:00.000000,27.7916666666667
2018-01-12T23:00:00.000000,28.2708333333333
2018-01-13T00:00:00.000000,27.3125
2018-01-13T01:00:00.000000,27.7916666666667
2018-01-13T02:00:00.000000,28.2708333333333
2018-01-13T03:00:00.000000,26.3541666666667
2018-01-13T04:00:00.000000,25.3958333333333
2018-01-13T05:00:00.000000,26.8333333333333
2018-01-13T06:00:00.000000,24.4375
2018-01-13T07:00:00.000000,25.3958333333333
2018-01-13T08:00:00.000000,23.9583333333333
2018-01-13T09:00:00.000000,22.0416666666667
2018-01-13T10:00:00.000000,23.4791666666667
2018-01-13T11:00:00.000000,22.0416666666667
2018-01-13T12:00:00.000000,22.0416666666667
2018-01-13T13:00:00.000000,23.4791666666667
2018-01-13T14:00:00.000000,23.4791666666667
2018-01-13T15:00:00.000000,23.4791666666667
2018-01-13T16:00:00.000000,23.0
2018-01-13T17:00:00.000000,23.4791666666667
2018-01-13T18:00:00.000000,23.0
2018-01-13T19:00:00.000000,22.5208333333333
2018-01-13T20:00:00.000000,23.9583333333333
2018-01-13T21:00:00.000000,23.9583333333333
2018-01-13T22:00:00.000000,24.9166666666667
2018-01-13T23:00:00.000000,25.875
2018-01-14T00:00:00.000000,23.9583333333333
2018-01-14T01:00:00.000000,23.9583333333333
2018-01-14T02:00:00.000000,24.4375
2018-01-14T03:00:00.000000,23.9583333333333
2018-01-14T04:00:00.000000,25.3958333333333
2018-01-14T05:00:00.000000,26.8333333333333
2018-01-14T06:00:00.000000,24.4375
2018-01-14T07:00:00.000000,23.9583333333333
2018-01-14T08:00:00.000000,21.0833333333333
2018-01-14T09:00:00.000000,20.6041666666667
2018-01-14T10:00:00.000000,19.6458333333333
2018-01-14T11:00:00.000000,19.6458333333333
2018-01-14T12:00:00.000000,21.5625
2018-01-14T13:00:00.000000,22.0416666666667
2018-01-14T14:00:00.000000,19.6458333333333
2018-01-14T15:00:00.000000,22.0416666666667
2018-01-14T16:00:00.000000,22.5208333333333
2018-01-14T17:00:00.000000,22.0416666666667
2018-01-14T18:00:00.000000,20.6041666666667
2018-01-14T19:00:00.000000,20.6041666666667
2018-01-14T20:00:00.000000,22.0416666666667
2018-01-14T21:00:00.000000,22.5208333333333
2018-01-14T22:00:00.000000,23.4791666666667
2018-01-14T23:00:00.000000,24.9166666666667
2018-01-15T00:00:00.000000,23.0
2018-01-15T00:00:00.000000,23.0
2018-01-15T01:00:00.000000,23.0
2018-01-15T02:00:00.000000,24.0
2018-01-15T03:00:00.000000,24.0
2018-01-15T04:00:00.000000,25.0
2018-01-15T05:00:00.000000,24.0
2018-01-15T06:00:00.000000,23.0
2018-01-15T07:00:00.000000,22.0
2018-01-15T08:00:00.000000,22.0
2018-01-15T09:00:00.000000,21.0
2018-01-15T10:00:00.000000,21.0
2018-01-15T11:00:00.000000,21.0
2018-01-15T12:00:00.000000,22.0
2018-01-15T13:00:00.000000,21.0
2018-01-15T14:00:00.000000,22.0
2018-01-15T15:00:00.000000,21.0
2018-01-15T16:00:00.000000,22.0
2018-01-15T17:00:00.000000,21.0
2018-01-15T18:00:00.000000,22.0
2018-01-15T19:00:00.000000,25.0
2018-01-15T20:00:00.000000,23.0
2018-01-15T21:00:00.000000,23.0
2018-01-15T22:00:00.000000,25.0
2018-01-15T23:00:00.000000,25.0
2018-01-16T00:00:00.000000,26.0
2018-01-16T01:00:00.000000,28.0
2018-01-16T02:00:00.000000,31.0
2018-01-16T03:00:00.000000,29.0
2018-01-16T04:00:00.000000,29.0
2018-01-16T05:00:00.000000,29.0
2018-01-16T06:00:00.000000,28.0
2018-01-16T07:00:00.000000,26.0
2018-01-16T08:00:00.000000,41.0
2018-01-16T09:00:00.000000,46.0
2018-01-16T10:00:00.000000,52.0
2018-01-16T11:00:00.000000,39.0
2018-01-16T12:00:00.000000,39.0
2018-01-16T13:00:00.000000,41.0
2018-01-16T14:00:00.000000,42.0
2018-01-16T15:00:00.000000,42.0
2018-01-16T16:00:00.000000,39.0
2018-01-16T17:00:00.000000,42.0
2018-01-16T18:00:00.000000,49.0
2018-01-16T19:00:00.000000,44.0
2018-01-16T20:00:00.000000,42.0
2018-01-16T21:00:00.000000,76.0
2018-01-16T22:00:00.000000,100.0
2018-01-16T23:00:00.000000,71.0
2018-01-17T00:00:00.000000,56.0
2018-01-17T01:00:00.000000,52.0
2018-01-17T02:00:00.000000,52.0
2018-01-17T03:00:00.000000,62.0
2018-01-17T04:00:00.000000,58.0
2018-01-17T05:00:00.000000,54.0
2018-01-17T06:00:00.000000,51.0
2018-01-17T07:00:00.000000,47.0
2018-01-17T08:00:00.000000,42.0
2018-01-17T09:00:00.000000,42.0
2018-01-17T10:00:00.000000,49.0
2018-01-17T11:00:00.000000,48.0
2018-01-17T12:00:00.000000,48.0
2018-01-17T13:00:00.000000,53.0
2018-01-17T14:00:00.000000,73.0
2018-01-17T15:00:00.000000,86.0
2018-01-17T16:00:00.000000,74.0
2018-01-17T17:00:00.000000,67.0
2018-01-17T18:00:00.000000,68.0
2018-01-17T19:00:00.000000,62.0
2018-01-17T20:00:00.000000,62.0
2018-01-17T21:00:00.000000,65.0
2018-01-17T22:00:00.000000,64.0
2018-01-17T23:00:00.000000,54.0
2018-01-18T00:00:00.000000,52.0
2018-01-18T01:00:00.000000,51.0
2018-01-18T02:00:00.000000,48.0
2018-01-18T03:00:00.000000,50.0
2018-01-18T04:00:00.000000,51.0
2018-01-18T05:00:00.000000,54.0
2018-01-18T06:00:00.000000,48.0
2018-01-18T07:00:00.000000,43.0
2018-01-18T08:00:00.000000,41.0
2018-01-18T09:00:00.000000,38.0
2018-01-18T10:00:00.000000,38.0
2018-01-18T11:00:00.000000,36.0
2018-01-18T12:00:00.000000,37.0
2018-01-18T13:00:00.000000,37.0
2018-01-18T14:00:00.000000,38.0
2018-01-18T15:00:00.000000,34.0
2018-01-18T16:00:00.000000,36.0
2018-01-18T17:00:00.000000,35.0
2018-01-18T18:00:00.000000,35.0
2018-01-18T19:00:00.000000,33.0
2018-01-18T20:00:00.000000,35.0
2018-01-18T21:00:00.000000,37.0
2018-01-18T22:00:00.000000,39.0
2018-01-18T23:00:00.000000,37.0
2018-01-19T00:00:00.000000,37.0
2018-01-19T01:00:00.000000,34.0
2018-01-19T02:00:00.000000,36.0
2018-01-19T03:00:00.000000,38.0
2018-01-19T04:00:00.000000,36.0
2018-01-19T05:00:00.000000,36.0
2018-01-19T06:00:00.000000,36.0
2018-01-19T07:00:00.000000,34.0
2018-01-19T08:00:00.000000,30.0
2018-01-19T09:00:00.000000,29.0
2018-01-19T10:00:00.000000,28.0
2018-01-19T11:00:00.000000,27.0
2018-01-19T12:00:00.000000,29.0
2018-01-19T13:00:00.000000,30.0
2018-01-19T14:00:00.000000,29.0
2018-01-19T15:00:00.000000,27.0
2018-01-19T16:00:00.000000,28.0
2018-01-19T17:00:00.000000,28.0
2018-01-19T18:00:00.000000,29.0
2018-01-19T19:00:00.000000,28.0
2018-01-19T20:00:00.000000,30.0
2018-01-19T21:00:00.000000,32.0
2018-01-19T22:00:00.000000,32.0
2018-01-19T23:00:00.000000,29.0
2018-01-20T00:00:00.000000,29.0
2018-01-20T01:00:00.000000,27.0
2018-01-20T02:00:00.000000,27.0
2018-01-20T03:00:00.000000,26.0
2018-01-20T04:00:00.000000,29.0
2018-01-20T05:00:00.000000,31.0
2018-01-20T06:00:00.000000,29.0
2018-01-20T07:00:00.000000,27.0
2018-01-20T08:00:00.000000,26.0
2018-01-20T09:00:00.000000,24.0
2018-01-20T10:00:00.000000,23.0
2018-01-20T11:00:00.000000,22.0
2018-01-20T12:00:00.000000,23.0
2018-01-20T13:00:00.000000,24.0
2018-01-20T14:00:00.000000,23.0
2018-01-20T15:00:00.000000,23.0
2018-01-20T16:00:00.000000,23.0
2018-01-20T17:00:00.000000,24.0
2018-01-20T18:00:00.000000,26.0
2018-01-20T19:00:00.000000,25.0
2018-01-20T20:00:00.000000,25.0
2018-01-20T21:00:00.000000,25.0
2018-01-20T22:00:00.000000,28.0
2018-01-20T23:00:00.000000,27.0
2018-01-21T00:00:00.000000,26.0
2018-01-21T01:00:00.000000,24.0
2018-01-21T02:00:00.000000,26.0
2018-01-21T03:00:00.000000,25.0
2018-01-21T04:00:00.000000,27.0
2018-01-21T05:00:00.000000,27.0
2018-01-21T06:00:00.000000,27.0
2018-01-21T07:00:00.000000,25.0
2018-01-21T08:00:00.000000,23.0
2018-01-21T09:00:00.000000,24.0
2018-01-21T10:00:00.000000,22.0
2018-01-21T11:00:00.000000,20.0
2018-01-21T12:00:00.000000,20.0
2018-01-21T13:00:00.000000,20.0
2018-01-21T14:00:00.000000,22.0
2018-01-21T15:00:00.000000,22.0
2018-01-21T16:00:00.000000,26.0
2018-01-21T17:00:00.000000,25.0
2018-01-21T18:00:00.000000,24.0
2018-01-21T19:00:00.000000,24.0
2018-01-21T20:00:00.000000,25.0
2018-01-21T21:00:00.000000,26.0
2018-01-21T22:00:00.000000,27.0
2018-01-21T23:00:00.000000,26.0
2018-01-22T00:00:00.000000,26.0
2018-01-22T00:00:00.000000,26.0
2018-01-22T01:00:00.000000,26.0
2018-01-22T02:00:00.000000,25.3066666666667
2018-01-22T03:00:00.000000,25.3066666666667
2018-01-22T04:00:00.000000,27.04
2018-01-22T05:00:00.000000,27.7333333333333
2018-01-22T06:00:00.000000,23.92
2018-01-22T07:00:00.000000,24.96
2018-01-22T08:00:00.000000,22.88
2018-01-22T09:00:00.000000,22.1866666666667
2018-01-22T10:00:00.000000,21.4933333333333
2018-01-22T11:00:00.000000,23.2266666666667
2018-01-22T12:00:00.000000,24.2666666666667
2018-01-22T13:00:00.000000,27.3866666666667
2018-01-22T14:00:00.000000,28.7733333333333
2018-01-22T15:00:00.000000,30.16
2018-01-22T16:00:00.000000,28.7733333333333
2018-01-22T17:00:00.000000,30.16
2018-01-22T18:00:00.000000,27.04
2018-01-22T19:00:00.000000,28.4266666666667
2018-01-22T20:00:00.000000,29.8133333333333
2018-01-22T21:00:00.000000,33.6266666666667
2018-01-22T22:00:00.000000,34.6666666666667
2018-01-22T23:00:00.000000,31.2
2018-01-23T00:00:00.000000,29.4666666666667
2018-01-23T01:00:00.000000,27.3866666666667
2018-01-23T02:00:00.000000,28.08
2018-01-23T03:00:00.000000,28.7733333333333
2018-01-23T04:00:00.000000,30.16
2018-01-23T05:00:00.000000,30.16
2018-01-23T06:00:00.000000,29.4666666666667
2018-01-23T07:00:00.000000,28.4266666666667
2018-01-23T08:00:00.000000,27.7333333333333
2018-01-23T09:00:00.000000,24.96
2018-01-23T10:00:00.000000,23.92
2018-01-23T11:00:00.000000,26.3466666666667
2018-01-23T12:00:00.000000,26.0
2018-01-23T13:00:00.000000,25.6533333333333
2018-01-23T14:00:00.000000,24.6133333333333
2018-01-23T15:00:00.000000,24.2666666666667
2018-01-23T16:00:00.000000,26.6933333333333
2018-01-23T17:00:00.000000,24.6133333333333
2018-01-23T18:00:00.000000,23.92
2018-01-23T19:00:00.000000,27.04
2018-01-23T20:00:00.000000,26.3466666666667
2018-01-23T21:00:00.000000,28.7733333333333
2018-01-23T22:00:00.000000,29.12
2018-01-23T23:00:00.000000,31.5466666666667
2018-01-24T00:00:00.000000,29.4666666666667
2018-01-24T01:00:00.000000,27.04
2018-01-24T02:00:00.000000,27.7333333333333
2018-01-24T03:00:00.000000,27.7333333333333
2018-01-24T04:00:00.000000,29.12
2018-01-24T05:00:00.000000,26.6933333333333
2018-01-24T06:00:00.000000,27.04
2018-01-24T07:00:00.000000,23.92
2018-01-24T08:00:00.000000,22.88
2018-01-24T09:00:00.000000,21.4933333333333
2018-01-24T10:00:00.000000,22.1866666666667
2018-01-24T11:00:00.000000,22.5333333333333
2018-01-24T12:00:00.000000,22.88
2018-01-24T13:00:00.000000,25.3066666666667
2018-01-24T14:00:00.000000,23.5733333333333
2018-01-24T15:00:00.000000,22.88
2018-01-24T16:00:00.000000,23.5733333333333
2018-01-24T17:00:00.000000,24.96
2018-01-24T18:00:00.000000,23.92
2018-01-24T19:00:00.000000,27.04
2018-01-24T20:00:00.000000,25.3066666666667
2018-01-24T21:00:00.000000,25.3066666666667
2018-01-24T22:00:00.000000,27.04
2018-01-24T23:00:00.000000,25.6533333333333
2018-01-25T00:00:00.000000,27.04
2018-01-25T01:00:00.000000,23.92
2018-01-25T02:00:00.000000,25.6533333333333
2018-01-25T03:00:00.000000,26.3466666666667
2018-01-25T04:00:00.000000,26.6933333333333
2018-01-25T05:00:00.000000,25.3066666666667
2018-01-25T06:00:00.000000,24.2666666666667
2018-01-25T07:00:00.000000,23.2266666666667
2018-01-25T08:00:00.000000,20.8
2018-01-25T09:00:00.000000,19.0666666666667
2018-01-25T10:00:00.000000,19.76
2018-01-25T11:00:00.000000,19.4133333333333
2018-01-25T12:00:00.000000,21.1466666666667
2018-01-25T13:00:00.000000,22.1866666666667
2018-01-25T14:00:00.000000,23.5733333333333
2018-01-25T15:00:00.000000,21.1466666666667
2018-01-25T16:00:00.000000,23.5733333333333
2018-01-25T17:00:00.000000,23.5733333333333
2018-01-25T18:00:00.000000,25.3066666666667
2018-01-25T19:00:00.000000,24.2666666666667
2018-01-25T20:00:00.000000,24.2666666666667
2018-01-25T21:00:00.000000,24.96
2018-01-25T22:00:00.000000,27.3866666666667
2018-01-25T23:00:00.000000,27.3866666666667
2018-01-26T00:00:00.000000,27.3866666666667
2018-01-26T01:00:00.000000,23.92
2018-01-26T02:00:00.000000,24.6133333333333
2018-01-26T03:00:00.000000,24.96
2018-01-26T04:00:00.000000,24.2666666666667
2018-01-26T05:00:00.000000,22.88
2018-01-26T06:00:00.000000,23.5733333333333
2018-01-26T07:00:00.000000,21.84
2018-01-26T08:00:00.000000,24.2666666666667
2018-01-26T09:00:00.000000,24.2666666666667
2018-01-26T10:00:00.000000,23.5733333333333
2018-01-26T11:00:00.000000,23.5733333333333
2018-01-26T12:00:00.000000,23.2266666666667
2018-01-26T13:00:00.000000,22.88
2018-01-26T14:00:00.000000,22.88
2018-01-26T15:00:00.000000,28.4266666666667
2018-01-26T16:00:00.000000,22.5333333333333
2018-01-26T17:00:00.000000,22.1866666666667
2018-01-26T18:00:00.000000,23.5733333333333
2018-01-26T19:00:00.000000,23.2266666666667
2018-01-26T20:00:00.000000,22.5333333333333
2018-01-26T21:00:00.000000,24.96
2018-01-26T22:00:00.000000,26.3466666666667
2018-01-26T23:00:00.000000,25.6533333333333
2018-01-27T00:00:00.000000,25.6533333333333
2018-01-27T01:00:00.000000,23.2266666666667
2018-01-27T02:00:00.000000,22.88
2018-01-27T03:00:00.000000,22.88
2018-01-27T04:00:00.000000,23.2266666666667
2018-01-27T05:00:00.000000,23.2266666666667
2018-01-27T06:00:00.000000,20.4533333333333
2018-01-27T07:00:00.000000,21.4933333333333
2018-01-27T08:00:00.000000,18.0266666666667
2018-01-27T09:00:00.000000,16.2933333333333
2018-01-27T10:00:00.000000,16.2933333333333
2018-01-27T11:00:00.000000,16.9866666666667
2018-01-27T12:00:00.000000,17.3333333333333
2018-01-27T13:00:00.000000,17.3333333333333
2018-01-27T14:00:00.000000,17.68
2018-01-27T15:00:00.000000,18.3733333333333
2018-01-27T16:00:00.000000,20.1066666666667
2018-01-27T17:00:00.000000,18.72
2018-01-27T18:00:00.000000,19.76
2018-01-27T19:00:00.000000,19.76
2018-01-27T20:00:00.000000,19.76
2018-01-27T21:00:00.000000,20.4533333333333
2018-01-27T22:00:00.000000,21.4933333333333
2018-01-27T23:00:00.000000,22.1866666666667
2018-01-28T00:00:00.000000,22.5333333333333
2018-01-28T01:00:00.000000,20.4533333333333
2018-01-28T02:00:00.000000,20.8
2018-01-28T03:00:00.000000,20.8
2018-01-28T04:00:00.000000,20.8
2018-01-28T05:00:00.000000,19.76
2018-01-28T06:00:00.000000,20.8
2018-01-28T07:00:00.000000,18.0266666666667
2018-01-28T08:00:00.000000,19.4133333333333
2018-01-28T09:00:00.000000,17.3333333333333
2018-01-28T10:00:00.000000,18.0266666666667
2018-01-28T11:00:00.000000,17.68
2018-01-28T12:00:00.000000,17.3333333333333
2018-01-28T13:00:00.000000,16.9866666666667
2018-01-28T14:00:00.000000,18.0266666666667
2018-01-28T15:00:00.000000,17.68
2018-01-28T16:00:00.000000,17.3333333333333
2018-01-28T17:00:00.000000,18.0266666666667
2018-01-28T18:00:00.000000,18.0266666666667
2018-01-28T19:00:00.000000,18.72
2018-01-28T20:00:00.000000,19.76
2018-01-28T21:00:00.000000,20.1066666666667
2018-01-28T22:00:00.000000,21.1466666666667
2018-01-28T23:00:00.000000,21.1466666666667
2018-01-29T00:00:00.000000,20.8
2018-01-29T00:00:00.000000,20.8
2018-01-29T01:00:00.000000,21.32
2018-01-29T02:00:00.000000,20.28
2018-01-29T03:00:00.000000,21.84
2018-01-29T04:00:00.000000,19.76
2018-01-29T05:00:00.000000,21.84
2018-01-29T06:00:00.000000,21.84
2018-01-29T07:00:00.000000,19.76
2018-01-29T08:00:00.000000,19.24
2018-01-29T09:00:00.000000,18.72
2018-01-29T10:00:00.000000,18.2
2018-01-29T11:00:00.000000,19.76
2018-01-29T12:00:00.000000,20.28
2018-01-29T13:00:00.000000,18.2
2018-01-29T14:00:00.000000,19.76
2018-01-29T15:00:00.000000,19.76
2018-01-29T16:00:00.000000,20.28
2018-01-29T17:00:00.000000,23.92
2018-01-29T18:00:00.000000,20.8
2018-01-29T19:00:00.000000,19.76
2018-01-29T20:00:00.000000,20.8
2018-01-29T21:00:00.000000,21.84
2018-01-29T22:00:00.000000,21.84
2018-01-29T23:00:00.000000,21.32
2018-01-30T00:00:00.000000,20.8
2018-01-30T01:00:00.000000,18.72
2018-01-30T02:00:00.000000,21.32
2018-01-30T03:00:00.000000,22.36
2018-01-30T04:00:00.000000,22.36
2018-01-30T05:00:00.000000,21.32
2018-01-30T06:00:00.000000,20.8
2018-01-30T07:00:00.000000,19.24
2018-01-30T08:00:00.000000,18.2
2018-01-30T09:00:00.000000,18.72
2018-01-30T10:00:00.000000,17.16
2018-01-30T11:00:00.000000,18.72
2018-01-30T12:00:00.000000,18.2
2018-01-30T13:00:00.000000,19.24
2018-01-30T14:00:00.000000,20.28
2018-01-30T15:00:00.000000,22.88
2018-01-30T16:00:00.000000,21.32
2018-01-30T17:00:00.000000,21.32
2018-01-30T18:00:00.000000,30.16
2018-01-30T19:00:00.000000,29.12
2018-01-30T20:00:00.000000,29.12
2018-01-30T21:00:00.000000,29.64
2018-01-30T22:00:00.000000,27.56
2018-01-30T23:00:00.000000,28.08
2018-01-31T00:00:00.000000,30.16
2018-01-31T01:00:00.000000,30.68
2018-01-31T02:00:00.000000,29.12
2018-01-31T03:00:00.000000,26.0
2018-01-31T04:00:00.000000,29.12
2018-01-31T05:00:00.000000,30.68
2018-01-31T06:00:00.000000,26.52
2018-01-31T07:00:00.000000,22.88
2018-01-31T08:00:00.000000,23.4
2018-01-31T09:00:00.000000,22.36
2018-01-31T10:00:00.000000,20.28
2018-01-31T11:00:00.000000,20.28
2018-01-31T12:00:00.000000,19.76
2018-01-31T13:00:00.000000,19.76
2018-01-31T14:00:00.000000,20.8
2018-01-31T15:00:00.000000,23.4
2018-01-31T16:00:00.000000,23.4
2018-01-31T17:00:00.000000,24.44
2018-01-31T18:00:00.000000,22.88
2018-01-31T19:00:00.000000,22.88
2018-01-31T20:00:00.000000,22.88
2018-01-31T21:00:00.000000,22.88
2018-01-31T22:00:00.000000,23.92
2018-01-31T23:00:00.000000,22.36
2018-02-01T00:00:00.000000,22.88
2018-02-01T01:00:00.000000,21.84
2018-02-01T02:00:00.000000,21.32
2018-02-01T03:00:00.000000,21.84
2018-02-01T04:00:00.000000,23.92
2018-02-01T05:00:00.000000,23.4
2018-02-01T06:00:00.000000,26.0
2018-02-01T07:00:00.000000,24.96
2018-02-01T08:00:00.000000,24.44
2018-02-01T09:00:00.000000,24.44
2018-02-01T10:00:00.000000,27.04
2018-02-01T11:00:00.000000,26.0
2018-02-01T12:00:00.000000,30.16
2018-02-01T13:00:00.000000,31.72
2018-02-01T14:00:00.000000,28.08
2018-02-01T15:00:00.000000,29.64
2018-02-01T16:00:00.000000,33.8
2018-02-01T17:00:00.000000,33.8
2018-02-01T18:00:00.000000,32.24
2018-02-01T19:00:00.000000,35.88
2018-02-01T20:00:00.000000,39.0
2018-02-01T21:00:00.000000,36.4
2018-02-01T22:00:00.000000,34.84
2018-02-01T23:00:00.000000,36.4
2018-02-02T00:00:00.000000,36.4
2018-02-02T01:00:00.000000,38.48
2018-02-02T02:00:00.000000,43.16
2018-02-02T03:00:00.000000,37.44
2018-02-02T04:00:00.000000,41.6
2018-02-02T05:00:00.000000,43.68
2018-02-02T06:00:00.000000,45.76
2018-02-02T07:00:00.000000,40.56
2018-02-02T08:00:00.000000,43.16
2018-02-02T09:00:00.000000,42.12
2018-02-02T10:00:00.000000,39.52
2018-02-02T11:00:00.000000,41.08
2018-02-02T12:00:00.000000,52.0
2018-02-02T13:00:00.000000,39.52
2018-02-02T14:00:00.000000,36.92
2018-02-02T15:00:00.000000,36.4
2018-02-02T16:00:00.000000,35.88
2018-02-02T17:00:00.000000,39.52
2018-02-02T18:00:00.000000,33.8
2018-02-02T19:00:00.000000,37.96
2018-02-02T20:00:00.000000,37.44
2018-02-02T21:00:00.000000,44.2
2018-02-02T22:00:00.000000,37.44
2018-02-02T23:00:00.000000,36.4
2018-02-03T00:00:00.000000,36.92
2018-02-03T01:00:00.000000,33.28
2018-02-03T02:00:00.000000,33.28
2018-02-03T03:00:00.000000,35.36
2018-02-03T04:00:00.000000,36.4
2018-02-03T05:00:00.000000,32.76
2018-02-03T06:00:00.000000,30.68
2018-02-03T07:00:00.000000,30.16
2018-02-03T08:00:00.000000,27.56
2018-02-03T09:00:00.000000,28.08
2018-02-03T10:00:00.000000,24.96
2018-02-03T11:00:00.000000,25.48
2018-02-03T12:00:00.000000,24.96
2018-02-03T13:00:00.000000,25.48
2018-02-03T14:00:00.000000,25.48
2018-02-03T15:00:00.000000,24.44
2018-02-03T16:00:00.000000,23.92
2018-02-03T17:00:00.000000,22.88
2018-02-03T18:00:00.000000,22.88
2018-02-03T19:00:00.000000,23.4
2018-02-03T20:00:00.000000,23.4
2018-02-03T21:00:00.000000,23.92
2018-02-03T22:00:00.000000,24.44
2018-02-03T23:00:00.000000,23.92
2018-02-04T00:00:00.000000,22.36
2018-02-04T01:00:00.000000,21.84
2018-02-04T02:00:00.000000,22.36
2018-02-04T03:00:00.000000,23.4
2018-02-04T04:00:00.000000,23.92
2018-02-04T05:00:00.000000,22.88
2018-02-04T06:00:00.000000,23.4
2018-02-04T07:00:00.000000,23.4
2018-02-04T08:00:00.000000,22.36
2018-02-04T09:00:00.000000,20.28
2018-02-04T10:00:00.000000,20.28
2018-02-04T11:00:00.000000,18.2
2018-02-04T12:00:00.000000,21.32
2018-02-04T13:00:00.000000,20.8
2018-02-04T14:00:00.000000,19.76
2018-02-04T15:00:00.000000,21.84
2018-02-04T16:00:00.000000,22.88
2018-02-04T17:00:00.000000,21.84
2018-02-04T18:00:00.000000,22.88
2018-02-04T19:00:00.000000,24.44
2018-02-04T20:00:00.000000,27.56
2018-02-04T21:00:00.000000,28.08
2018-02-04T22:00:00.000000,27.56
2018-02-04T23:00:00.000000,28.08
2018-02-05T00:00:00.000000,24.44
2018-02-05T00:00:00.000000,24.44
2018-02-05T01:00:00.000000,24.44
2018-02-05T02:00:00.000000,25.1005405405405
2018-02-05T03:00:00.000000,25.7610810810811
2018-02-05T04:00:00.000000,29.0637837837838
2018-02-05T05:00:00.000000,28.4032432432432
2018-02-05T06:00:00.000000,28.4032432432432
2018-02-05T07:00:00.000000,30.3848648648649
2018-02-05T08:00:00.000000,30.3848648648649
2018-02-05T09:00:00.000000,31.7059459459459
2018-02-05T10:00:00.000000,30.3848648648649
2018-02-05T11:00:00.000000,31.7059459459459
2018-02-05T12:00:00.000000,32.3664864864865
2018-02-05T13:00:00.000000,32.3664864864865
2018-02-05T14:00:00.000000,35.6691891891892
2018-02-05T15:00:00.000000,38.3113513513514
2018-02-05T16:00:00.000000,33.6875675675676
2018-02-05T17:00:00.000000,35.6691891891892
2018-02-05T18:00:00.000000,46.8983783783784
2018-02-05T19:00:00.000000,56.8064864864865
2018-02-05T20:00:00.000000,65.3935135135135
2018-02-05T21:00:00.000000,64.0724324324324
2018-02-05T22:00:00.000000,52.1827027027027
2018-02-05T23:00:00.000000,51.5221621621622
2018-02-06T00:00:00.000000,48.88
2018-02-06T01:00:00.000000,52.8432432432432
2018-02-06T02:00:00.000000,54.8248648648649
2018-02-06T03:00:00.000000,62.0908108108108
2018-02-06T04:00:00.000000,58.1275675675676
2018-02-06T05:00:00.000000,66.0540540540541
2018-02-06T06:00:00.000000,60.7697297297297
2018-02-06T07:00:00.000000,60.1091891891892
2018-02-06T08:00:00.000000,56.8064864864865
2018-02-06T09:00:00.000000,47.5589189189189
2018-02-06T10:00:00.000000,44.9167567567568
2018-02-06T11:00:00.000000,43.5956756756757
2018-02-06T12:00:00.000000,46.2378378378378
2018-02-06T13:00:00.000000,44.9167567567568
2018-02-06T14:00:00.000000,42.2745945945946
2018-02-06T15:00:00.000000,48.2194594594595
2018-02-06T16:00:00.000000,44.2562162162162
2018-02-06T17:00:00.000000,42.9351351351351
2018-02-06T18:00:00.000000,38.3113513513514
2018-02-06T19:00:00.000000,40.9535135135135
2018-02-06T20:00:00.000000,42.9351351351351
2018-02-06T21:00:00.000000,40.292972972973
2018-02-06T22:00:00.000000,42.2745945945946
2018-02-06T23:00:00.000000,40.292972972973
2018-02-07T00:00:00.000000,38.9718918918919
2018-02-07T01:00:00.000000,36.3297297297297
2018-02-07T02:00:00.000000,36.3297297297297
2018-02-07T03:00:00.000000,36.9902702702703
2018-02-07T04:00:00.000000,36.3297297297297
2018-02-07T05:00:00.000000,37.6508108108108
2018-02-07T06:00:00.000000,36.3297297297297
2018-02-07T07:00:00.000000,35.0086486486486
2018-02-07T08:00:00.000000,30.3848648648649
2018-02-07T09:00:00.000000,29.7243243243243
2018-02-07T10:00:00.000000,30.3848648648649
2018-02-07T11:00:00.000000,28.4032432432432
2018-02-07T12:00:00.000000,29.7243243243243
2018-02-07T13:00:00.000000,29.7243243243243
2018-02-07T14:00:00.000000,28.4032432432432
2018-02-07T15:00:00.000000,28.4032432432432
2018-02-07T16:00:00.000000,27.7427027027027
2018-02-07T17:00:00.000000,29.7243243243243
2018-02-07T18:00:00.000000,30.3848648648649
2018-02-07T19:00:00.000000,27.7427027027027
2018-02-07T20:00:00.000000,29.7243243243243
2018-02-07T21:00:00.000000,30.3848648648649
2018-02-07T22:00:00.000000,32.3664864864865
2018-02-07T23:00:00.000000,32.3664864864865
2018-02-08T00:00:00.000000,30.3848648648649
2018-02-08T01:00:00.000000,28.4032432432432
2018-02-08T02:00:00.000000,29.0637837837838
2018-02-08T03:00:00.000000,27.7427027027027
2018-02-08T04:00:00.000000,29.0637837837838
2018-02-08T05:00:00.000000,27.7427027027027
2018-02-08T06:00:00.000000,29.0637837837838
2018-02-08T07:00:00.000000,26.4216216216216
2018-02-08T08:00:00.000000,23.7794594594595
2018-02-08T09:00:00.000000,23.1189189189189
2018-02-08T10:00:00.000000,24.44
2018-02-08T11:00:00.000000,24.44
2018-02-08T12:00:00.000000,23.7794594594595
2018-02-08T13:00:00.000000,23.1189189189189
2018-02-08T14:00:00.000000,23.7794594594595
2018-02-08T15:00:00.000000,24.44
2018-02-08T16:00:00.000000,26.4216216216216
2018-02-08T17:00:00.000000,26.4216216216216
2018-02-08T18:00:00.000000,25.7610810810811
2018-02-08T19:00:00.000000,25.7610810810811
2018-02-08T20:00:00.000000,29.0637837837838
2018-02-08T21:00:00.000000,35.0086486486486
2018-02-08T22:00:00.000000,30.3848648648649
2018-02-08T23:00:00.000000,30.3848648648649
2018-02-09T00:00:00.000000,27.0821621621622
2018-02-09T01:00:00.000000,25.7610810810811
2018-02-09T02:00:00.000000,26.4216216216216
2018-02-09T03:00:00.000000,26.4216216216216
2018-02-09T04:00:00.000000,26.4216216216216
2018-02-09T05:00:00.000000,26.4216216216216
2018-02-09T06:00:00.000000,25.7610810810811
2018-02-09T07:00:00.000000,24.44
2018-02-09T08:00:00.000000,22.4583783783784
2018-02-09T09:00:00.000000,21.7978378378378
2018-02-09T10:00:00.000000,21.1372972972973
2018-02-09T11:00:00.000000,20.4767567567568
2018-02-09T12:00:00.000000,20.4767567567568
2018-02-09T13:00:00.000000,21.1372972972973
2018-02-09T14:00:00.000000,21.1372972972973
2018-02-09T15:00:00.000000,23.7794594594595
2018-02-09T16:00:00.000000,21.7978378378378
2018-02-09T17:00:00.000000,23.7794594594595
2018-02-09T18:00:00.000000,24.44
2018-02-09T19:00:00.000000,23.7794594594595
2018-02-09T20:00:00.000000,23.1189189189189
2018-02-09T21:00:00.000000,23.7794594594595
2018-02-09T22:00:00.000000,22.4583783783784
2018-02-09T23:00:00.000000,21.7978378378378
2018-02-10T00:00:00.000000,22.4583783783784
2018-02-10T01:00:00.000000,22.4583783783784
2018-02-10T02:00:00.000000,22.4583783783784
2018-02-10T03:00:00.000000,22.4583783783784
2018-02-10T04:00:00.000000,24.44
2018-02-10T05:00:00.000000,21.7978378378378
2018-02-10T06:00:00.000000,22.4583783783784
2018-02-10T07:00:00.000000,21.7978378378378
2018-02-10T08:00:00.000000,19.8162162162162
2018-02-10T09:00:00.000000,18.4951351351351
2018-02-10T10:00:00.000000,19.1556756756757
2018-02-10T11:00:00.000000,17.1740540540541
2018-02-10T12:00:00.000000,15.852972972973
2018-02-10T13:00:00.000000,16.5135135135135
2018-02-10T14:00:00.000000,16.5135135135135
2018-02-10T15:00:00.000000,17.8345945945946
2018-02-10T16:00:00.000000,17.1740540540541
2018-02-10T17:00:00.000000,17.1740540540541
2018-02-10T18:00:00.000000,16.5135135135135
2018-02-10T19:00:00.000000,16.5135135135135
2018-02-10T20:00:00.000000,17.1740540540541
2018-02-10T21:00:00.000000,17.8345945945946
2018-02-10T22:00:00.000000,17.8345945945946
2018-02-10T23:00:00.000000,19.1556756756757
2018-02-11T00:00:00.000000,19.1556756756757
2018-02-11T01:00:00.000000,17.8345945945946
2018-02-11T02:00:00.000000,16.5135135135135
2018-02-11T03:00:00.000000,18.4951351351351
2018-02-11T04:00:00.000000,19.1556756756757
2018-02-11T05:00:00.000000,19.8162162162162
2018-02-11T06:00:00.000000,18.4951351351351
2018-02-11T07:00:00.000000,18.4951351351351
2018-02-11T08:00:00.000000,18.4951351351351
2018-02-11T09:00:00.000000,17.1740540540541
2018-02-11T10:00:00.000000,17.1740540540541
2018-02-11T11:00:00.000000,15.1924324324324
2018-02-11T12:00:00.000000,16.5135135135135
2018-02-11T13:00:00.000000,15.852972972973
2018-02-11T14:00:00.000000,15.1924324324324
2018-02-11T15:00:00.000000,15.1924324324324
2018-02-11T16:00:00.000000,16.5135135135135
2018-02-11T17:00:00.000000,16.5135135135135
2018-02-11T18:00:00.000000,15.852972972973
2018-02-11T19:00:00.000000,17.8345945945946
2018-02-11T20:00:00.000000,19.1556756756757
2018-02-11T21:00:00.000000,18.4951351351351
2018-02-11T22:00:00.000000,19.8162162162162
2018-02-11T23:00:00.000000,19.8162162162162
2018-02-12T00:00:00.000000,19.8162162162162
2018-02-12T00:00:00.000000,19.8162162162162
2018-02-12T01:00:00.000000,17.6739225712199
2018-02-12T02:00:00.000000,17.6739225712199
2018-02-12T03:00:00.000000,18.745069393718
2018-02-12T04:00:00.000000,20.3517896274653
2018-02-12T05:00:00.000000,19.5484295105917
2018-02-12T06:00:00.000000,19.0128560993426
2018-02-12T07:00:00.000000,18.745069393718
2018-02-12T08:00:00.000000,18.745069393718
2018-02-12T09:00:00.000000,17.1383491599708
2018-02-12T10:00:00.000000,18.4772826880935
2018-02-12T11:00:00.000000,18.209495982469
2018-02-12T12:00:00.000000,19.2806428049671
2018-02-12T13:00:00.000000,19.0128560993426
2018-02-12T14:00:00.000000,19.2806428049671
2018-02-12T15:00:00.000000,19.5484295105917
2018-02-12T16:00:00.000000,19.8162162162162
2018-02-12T17:00:00.000000,19.5484295105917
2018-02-12T18:00:00.000000,20.6195763330898
2018-02-12T19:00:00.000000,18.4772826880935
2018-02-12T20:00:00.000000,26.2430971512053
2018-02-12T21:00:00.000000,25.1719503287071
2018-02-12T22:00:00.000000,21.690723155588
2018-02-12T23:00:00.000000,21.9585098612126
2018-02-13T00:00:00.000000,20.8873630387144
2018-02-13T01:00:00.000000,19.8162162162162
2018-02-13T02:00:00.000000,18.209495982469
2018-02-13T03:00:00.000000,18.4772826880935
2018-02-13T04:00:00.000000,20.6195763330898
2018-02-13T05:00:00.000000,19.8162162162162
2018-02-13T06:00:00.000000,19.2806428049671
2018-02-13T07:00:00.000000,17.4061358655953
2018-02-13T08:00:00.000000,17.9417092768444
2018-02-13T09:00:00.000000,17.4061358655953
2018-02-13T10:00:00.000000,17.1383491599708
2018-02-13T11:00:00.000000,16.8705624543462
2018-02-13T12:00:00.000000,15.5316289262235
2018-02-13T13:00:00.000000,15.7994156318481
2018-02-13T14:00:00.000000,16.6027757487217
2018-02-13T15:00:00.000000,16.8705624543462
2018-02-13T16:00:00.000000,16.8705624543462
2018-02-13T17:00:00.000000,17.1383491599708
2018-02-13T18:00:00.000000,18.4772826880935
2018-02-13T19:00:00.000000,17.9417092768444
2018-02-13T20:00:00.000000,18.209495982469
2018-02-13T21:00:00.000000,19.8162162162162
2018-02-13T22:00:00.000000,19.5484295105917
2018-02-13T23:00:00.000000,19.8162162162162
2018-02-14T00:00:00.000000,17.1383491599708
2018-02-14T01:00:00.000000,16.6027757487217
2018-02-14T02:00:00.000000,15.7994156318481
2018-02-14T03:00:00.000000,16.8705624543462
2018-02-14T04:00:00.000000,16.8705624543462
2018-02-14T05:00:00.000000,18.4772826880935
2018-02-14T06:00:00.000000,17.6739225712199
2018-02-14T07:00:00.000000,16.3349890430972
2018-02-14T08:00:00.000000,14.7282688093499
2018-02-14T09:00:00.000000,14.1926953981008
2018-02-14T10:00:00.000000,14.1926953981008
2018-02-14T11:00:00.000000,15.263842220599
2018-02-14T12:00:00.000000,17.9417092768444
2018-02-14T13:00:00.000000,18.4772826880935
2018-02-14T14:00:00.000000,17.6739225712199
2018-02-14T15:00:00.000000,18.745069393718
2018-02-14T16:00:00.000000,19.8162162162162
2018-02-14T17:00:00.000000,18.745069393718
2018-02-14T18:00:00.000000,18.745069393718
2018-02-14T19:00:00.000000,17.9417092768444
2018-02-14T20:00:00.000000,17.4061358655953
2018-02-14T21:00:00.000000,24.3685902118335
2018-02-14T22:00:00.000000,26.7786705624543
2018-02-14T23:00:00.000000,21.690723155588
2018-02-15T00:00:00.000000,19.2806428049671
2018-02-15T01:00:00.000000,18.209495982469
2018-02-15T02:00:00.000000,18.209495982469
2018-02-15T03:00:00.000000,20.3517896274653
2018-02-15T04:00:00.000000,19.5484295105917
2018-02-15T05:00:00.000000,19.0128560993426
2018-02-15T06:00:00.000000,20.0840029218408
2018-02-15T07:00:00.000000,20.3517896274653
2018-02-15T08:00:00.000000,19.5484295105917
2018-02-15T09:00:00.000000,19.0128560993426
2018-02-15T10:00:00.000000,17.6739225712199
2018-02-15T11:00:00.000000,17.4061358655953
2018-02-15T12:00:00.000000,17.4061358655953
2018-02-15T13:00:00.000000,17.1383491599708
2018-02-15T14:00:00.000000,17.4061358655953
2018-02-15T15:00:00.000000,18.209495982469
2018-02-15T16:00:00.000000,19.0128560993426
2018-02-15T17:00:00.000000,19.8162162162162
2018-02-15T18:00:00.000000,22.7618699780862
2018-02-15T19:00:00.000000,21.690723155588
2018-02-15T20:00:00.000000,21.1551497443389
2018-02-15T21:00:00.000000,22.2262965668371
2018-02-15T22:00:00.000000,20.8873630387144
2018-02-15T23:00:00.000000,21.9585098612126
2018-02-16T00:00:00.000000,19.5484295105917
2018-02-16T01:00:00.000000,20.6195763330898
2018-02-16T02:00:00.000000,21.690723155588
2018-02-16T03:00:00.000000,21.1551497443389
2018-02-16T04:00:00.000000,20.0840029218408
2018-02-16T05:00:00.000000,20.6195763330898
2018-02-16T06:00:00.000000,19.8162162162162
2018-02-16T07:00:00.000000,19.8162162162162
2018-02-16T08:00:00.000000,16.6027757487217
2018-02-16T09:00:00.000000,16.6027757487217
2018-02-16T10:00:00.000000,16.6027757487217
2018-02-16T11:00:00.000000,16.6027757487217
2018-02-16T12:00:00.000000,16.3349890430972
2018-02-16T13:00:00.000000,16.6027757487217
2018-02-16T14:00:00.000000,16.6027757487217
2018-02-16T15:00:00.000000,17.1383491599708
2018-02-16T16:00:00.000000,16.6027757487217
2018-02-16T17:00:00.000000,16.8705624543462
2018-02-16T18:00:00.000000,16.6027757487217
2018-02-16T19:00:00.000000,16.8705624543462
2018-02-16T20:00:00.000000,17.4061358655953
2018-02-16T21:00:00.000000,17.1383491599708
2018-02-16T22:00:00.000000,17.9417092768444
2018-02-16T23:00:00.000000,17.6739225712199
2018-02-17T00:00:00.000000,16.8705624543462
2018-02-17T01:00:00.000000,16.6027757487217
2018-02-17T02:00:00.000000,19.0128560993426
2018-02-17T03:00:00.000000,17.4061358655953
2018-02-17T04:00:00.000000,19.0128560993426
2018-02-17T05:00:00.000000,18.745069393718
2018-02-17T06:00:00.000000,18.745069393718
2018-02-17T07:00:00.000000,18.4772826880935
2018-02-17T08:00:00.000000,17.9417092768444
2018-02-17T09:00:00.000000,16.6027757487217
2018-02-17T10:00:00.000000,15.5316289262235
2018-02-17T11:00:00.000000,14.7282688093499
2018-02-17T12:00:00.000000,15.7994156318481
2018-02-17T13:00:00.000000,15.7994156318481
2018-02-17T14:00:00.000000,14.9960555149744
2018-02-17T15:00:00.000000,14.7282688093499
2018-02-17T16:00:00.000000,14.9960555149744
2018-02-17T17:00:00.000000,15.263842220599
2018-02-17T18:00:00.000000,15.263842220599
2018-02-17T19:00:00.000000,15.7994156318481
2018-02-17T20:00:00.000000,16.3349890430972
2018-02-17T21:00:00.000000,17.1383491599708
2018-02-17T22:00:00.000000,17.4061358655953
2018-02-17T23:00:00.000000,19.2806428049671
2018-02-18T00:00:00.000000,18.209495982469
2018-02-18T01:00:00.000000,21.690723155588
2018-02-18T02:00:00.000000,23.0296566837107
2018-02-18T03:00:00.000000,23.0296566837107
2018-02-18T04:00:00.000000,20.6195763330898
2018-02-18T05:00:00.000000,20.0840029218408
2018-02-18T06:00:00.000000,19.8162162162162
2018-02-18T07:00:00.000000,16.8705624543462
2018-02-18T08:00:00.000000,17.1383491599708
2018-02-18T09:00:00.000000,16.3349890430972
2018-02-18T10:00:00.000000,19.0128560993426
2018-02-18T11:00:00.000000,15.5316289262235
2018-02-18T12:00:00.000000,14.7282688093499
2018-02-18T13:00:00.000000,14.7282688093499
2018-02-18T14:00:00.000000,13.9249086924763
2018-02-18T15:00:00.000000,14.4604821037253
2018-02-18T16:00:00.000000,15.7994156318481
2018-02-18T17:00:00.000000,15.7994156318481
2018-02-18T18:00:00.000000,14.9960555149744
2018-02-18T19:00:00.000000,14.4604821037253
2018-02-18T20:00:00.000000,15.7994156318481
2018-02-18T21:00:00.000000,16.3349890430972
2018-02-18T22:00:00.000000,15.7994156318481
2018-02-18T23:00:00.000000,17.1383491599708
2018-02-19T00:00:00.000000,15.263842220599
2018-02-19T00:00:00.000000,15.263842220599
2018-02-19T01:00:00.000000,15.7194793018109
2018-02-19T02:00:00.000000,15.263842220599
2018-02-19T03:00:00.000000,16.1751163830228
2018-02-19T04:00:00.000000,17.3142090860526
2018-02-19T05:00:00.000000,17.3142090860526
2018-02-19T06:00:00.000000,16.1751163830228
2018-02-19T07:00:00.000000,15.4916607612049
2018-02-19T08:00:00.000000,16.1751163830228
2018-02-19T09:00:00.000000,14.3525680581752
2018-02-19T10:00:00.000000,15.7194793018109
2018-02-19T11:00:00.000000,15.9472978424168
2018-02-19T12:00:00.000000,15.263842220599
2018-02-19T13:00:00.000000,15.4916607612049
2018-02-19T14:00:00.000000,15.9472978424168
2018-02-19T15:00:00.000000,16.4029349236288
2018-02-19T16:00:00.000000,16.6307534642347
2018-02-19T17:00:00.000000,16.4029349236288
2018-02-19T18:00:00.000000,15.7194793018109
2018-02-19T19:00:00.000000,15.7194793018109
2018-02-19T20:00:00.000000,17.5420276266585
2018-02-19T21:00:00.000000,17.7698461672645
2018-02-19T22:00:00.000000,18.2254832484764
2018-02-19T23:00:00.000000,17.9976647078704
2018-02-20T00:00:00.000000,17.3142090860526
2018-02-20T01:00:00.000000,17.3142090860526
2018-02-20T02:00:00.000000,19.8202130327181
2018-02-20T03:00:00.000000,18.6811203296883
2018-02-20T04:00:00.000000,18.9089388702943
2018-02-20T05:00:00.000000,19.3645759515062
2018-02-20T06:00:00.000000,18.6811203296883
2018-02-20T07:00:00.000000,18.9089388702943
2018-02-20T08:00:00.000000,17.7698461672645
2018-02-20T09:00:00.000000,16.1751163830228
2018-02-20T10:00:00.000000,15.9472978424168
2018-02-20T11:00:00.000000,17.0863905454466
2018-02-20T12:00:00.000000,17.3142090860526
2018-02-20T13:00:00.000000,16.8585720048407
2018-02-20T14:00:00.000000,17.0863905454466
2018-02-20T15:00:00.000000,16.6307534642347
2018-02-20T16:00:00.000000,17.9976647078704
2018-02-20T17:00:00.000000,18.2254832484764
2018-02-20T18:00:00.000000,17.9976647078704
2018-02-20T19:00:00.000000,17.9976647078704
2018-02-20T20:00:00.000000,17.7698461672645
2018-02-20T21:00:00.000000,18.6811203296883
2018-02-20T22:00:00.000000,20.048031573324
2018-02-20T23:00:00.000000,22.3262169793836
2018-02-21T00:00:00.000000,22.7818540605955
2018-02-21T01:00:00.000000,16.8585720048407
2018-02-21T02:00:00.000000,18.2254832484764
2018-02-21T03:00:00.000000,18.4533017890823
2018-02-21T04:00:00.000000,19.5923944921121
2018-02-21T05:00:00.000000,20.7314871951419
2018-02-21T06:00:00.000000,19.1367574109002
2018-02-21T07:00:00.000000,16.6307534642347
2018-02-21T08:00:00.000000,16.6307534642347
2018-02-21T09:00:00.000000,16.1751163830228
2018-02-21T10:00:00.000000,15.7194793018109
2018-02-21T11:00:00.000000,15.036023679993
2018-02-21T12:00:00.000000,14.8082051393871
2018-02-21T13:00:00.000000,15.9472978424168
2018-02-21T14:00:00.000000,17.7698461672645
2018-02-21T15:00:00.000000,18.6811203296883
2018-02-21T16:00:00.000000,17.5420276266585
2018-02-21T17:00:00.000000,17.7698461672645
2018-02-21T18:00:00.000000,16.1751163830228
2018-02-21T19:00:00.000000,18.4533017890823
2018-02-21T20:00:00.000000,17.7698461672645
2018-02-21T21:00:00.000000,20.27585011393
2018-02-21T22:00:00.000000,19.5923944921121
2018-02-21T23:00:00.000000,16.8585720048407
2018-02-22T00:00:00.000000,17.7698461672645
2018-02-22T01:00:00.000000,15.9472978424168
2018-02-22T02:00:00.000000,16.1751163830228
2018-02-22T03:00:00.000000,16.1751163830228
2018-02-22T04:00:00.000000,16.4029349236288
2018-02-22T05:00:00.000000,17.5420276266585
2018-02-22T06:00:00.000000,16.8585720048407
2018-02-22T07:00:00.000000,14.5803865987811
2018-02-22T08:00:00.000000,14.5803865987811
2018-02-22T09:00:00.000000,14.3525680581752
2018-02-22T10:00:00.000000,16.1751163830228
2018-02-22T11:00:00.000000,15.7194793018109
2018-02-22T12:00:00.000000,15.263842220599
2018-02-22T13:00:00.000000,19.5923944921121
2018-02-22T14:00:00.000000,17.7698461672645
2018-02-22T15:00:00.000000,16.4029349236288
2018-02-22T16:00:00.000000,15.7194793018109
2018-02-22T17:00:00.000000,17.0863905454466
2018-02-22T18:00:00.000000,16.6307534642347
2018-02-22T19:00:00.000000,15.7194793018109
2018-02-22T20:00:00.000000,16.1751163830228
2018-02-22T21:00:00.000000,17.0863905454466
2018-02-22T22:00:00.000000,17.0863905454466
2018-02-22T23:00:00.000000,15.7194793018109
2018-02-23T00:00:00.000000,16.4029349236288
2018-02-23T01:00:00.000000,16.8585720048407
2018-02-23T02:00:00.000000,15.9472978424168
2018-02-23T03:00:00.000000,16.6307534642347
2018-02-23T04:00:00.000000,15.4916607612049
2018-02-23T05:00:00.000000,16.6307534642347
2018-02-23T06:00:00.000000,17.0863905454466
2018-02-23T07:00:00.000000,16.1751163830228
2018-02-23T08:00:00.000000,13.6691124363573
2018-02-23T09:00:00.000000,12.9856568145394
2018-02-23T10:00:00.000000,13.4412938957513
2018-02-23T11:00:00.000000,12.7578382739335
2018-02-23T12:00:00.000000,13.8969309769632
2018-02-23T13:00:00.000000,13.8969309769632
2018-02-23T14:00:00.000000,13.8969309769632
2018-02-23T15:00:00.000000,13.4412938957513
2018-02-23T16:00:00.000000,13.2134753551454
2018-02-23T17:00:00.000000,13.2134753551454
2018-02-23T18:00:00.000000,14.5803865987811
2018-02-23T19:00:00.000000,13.6691124363573
2018-02-23T20:00:00.000000,14.5803865987811
2018-02-23T21:00:00.000000,14.1247495175692
2018-02-23T22:00:00.000000,14.5803865987811
2018-02-23T23:00:00.000000,15.036023679993
2018-02-24T00:00:00.000000,15.263842220599
2018-02-24T01:00:00.000000,13.2134753551454
2018-02-24T02:00:00.000000,14.3525680581752
2018-02-24T03:00:00.000000,14.1247495175692
2018-02-24T04:00:00.000000,13.4412938957513
2018-02-24T05:00:00.000000,13.4412938957513
2018-02-24T06:00:00.000000,12.7578382739335
2018-02-24T07:00:00.000000,12.7578382739335
2018-02-24T08:00:00.000000,11.8465641115097
2018-02-24T09:00:00.000000,11.1631084896918
2018-02-24T10:00:00.000000,12.7578382739335
2018-02-24T11:00:00.000000,12.3022011927216
2018-02-24T12:00:00.000000,11.8465641115097
2018-02-24T13:00:00.000000,11.8465641115097
2018-02-24T14:00:00.000000,12.0743826521156
2018-02-24T15:00:00.000000,11.6187455709037
2018-02-24T16:00:00.000000,11.1631084896918
2018-02-24T17:00:00.000000,11.3909270302977
2018-02-24T18:00:00.000000,12.0743826521156
2018-02-24T19:00:00.000000,11.8465641115097
2018-02-24T20:00:00.000000,13.4412938957513
2018-02-24T21:00:00.000000,13.6691124363573
2018-02-24T22:00:00.000000,13.2134753551454
2018-02-24T23:00:00.000000,13.6691124363573
2018-02-25T00:00:00.000000,12.3022011927216
2018-02-25T01:00:00.000000,12.9856568145394
2018-02-25T02:00:00.000000,12.3022011927216
2018-02-25T03:00:00.000000,12.0743826521156
2018-02-25T04:00:00.000000,12.9856568145394
2018-02-25T05:00:00.000000,12.3022011927216
2018-02-25T06:00:00.000000,12.5300197333275
2018-02-25T07:00:00.000000,11.6187455709037
2018-02-25T08:00:00.000000,11.1631084896918
2018-02-25T09:00:00.000000,10.9352899490858
2018-02-25T10:00:00.000000,10.4796528678739
2018-02-25T11:00:00.000000,10.024015786662
2018-02-25T12:00:00.000000,10.9352899490858
2018-02-25T13:00:00.000000,11.8465641115097
2018-02-25T14:00:00.000000,11.3909270302977
2018-02-25T15:00:00.000000,12.0743826521156
2018-02-25T16:00:00.000000,10.9352899490858
2018-02-25T17:00:00.000000,11.1631084896918
2018-02-25T18:00:00.000000,11.1631084896918
2018-02-25T19:00:00.000000,11.3909270302977
2018-02-25T20:00:00.000000,12.5300197333275
2018-02-25T21:00:00.000000,12.5300197333275
2018-02-25T22:00:00.000000,13.6691124363573
2018-02-25T23:00:00.000000,12.5300197333275
2018-02-26T00:00:00.000000,14.1247495175692
2018-02-26T00:00:00.000000,14.1247495175692
2018-02-26T01:00:00.000000,12.2750799378875
2018-02-26T02:00:00.000000,12.2750799378875
2018-02-26T03:00:00.000000,12.9476870577718
2018-02-26T04:00:00.000000,13.452142397685
2018-02-26T05:00:00.000000,14.6292048574824
2018-02-26T06:00:00.000000,13.9565977375981
2018-02-26T07:00:00.000000,12.7795352778007
2018-02-26T08:00:00.000000,12.7795352778007
2018-02-26T09:00:00.000000,12.1069281579165
2018-02-26T10:00:00.000000,11.9387763779454
2018-02-26T11:00:00.000000,11.6024728180033
2018-02-26T12:00:00.000000,11.9387763779454
2018-02-26T13:00:00.000000,13.2839906177139
2018-02-26T14:00:00.000000,13.452142397685
2018-02-26T15:00:00.000000,13.452142397685
2018-02-26T16:00:00.000000,12.9476870577718
2018-02-26T17:00:00.000000,12.9476870577718
2018-02-26T18:00:00.000000,13.9565977375981
2018-02-26T19:00:00.000000,14.2929012975403
2018-02-26T20:00:00.000000,14.7973566374535
2018-02-26T21:00:00.000000,14.6292048574824
2018-02-26T22:00:00.000000,16.8151779971062
2018-02-26T23:00:00.000000,15.6381155373088
2018-02-27T00:00:00.000000,14.6292048574824
2018-02-27T01:00:00.000000,14.2929012975403
2018-02-27T02:00:00.000000,13.2839906177139
2018-02-27T03:00:00.000000,14.2929012975403
2018-02-27T04:00:00.000000,14.7973566374535
2018-02-27T05:00:00.000000,13.1158388377428
2018-02-27T06:00:00.000000,15.4699637573377
2018-02-27T07:00:00.000000,13.452142397685
2018-02-27T08:00:00.000000,14.2929012975403
2018-02-27T09:00:00.000000,12.2750799378875
2018-02-27T10:00:00.000000,13.7884459576271
2018-02-27T11:00:00.000000,13.620294177656
2018-02-27T12:00:00.000000,13.9565977375981
2018-02-27T13:00:00.000000,13.452142397685
2018-02-27T14:00:00.000000,13.7884459576271
2018-02-27T15:00:00.000000,13.7884459576271
2018-02-27T16:00:00.000000,13.452142397685
2018-02-27T17:00:00.000000,12.6113834978296
2018-02-27T18:00:00.000000,13.2839906177139
2018-02-27T19:00:00.000000,14.1247495175692
2018-02-27T20:00:00.000000,14.4610530775113
2018-02-27T21:00:00.000000,14.2929012975403
2018-02-27T22:00:00.000000,16.6470262171351
2018-02-27T23:00:00.000000,13.620294177656
2018-02-28T00:00:00.000000,13.7884459576271
2018-02-28T01:00:00.000000,14.1247495175692
2018-02-28T02:00:00.000000,11.7706245979743
2018-02-28T03:00:00.000000,15.4699637573377
2018-02-28T04:00:00.000000,14.6292048574824
2018-02-28T05:00:00.000000,15.4699637573377
2018-02-28T06:00:00.000000,14.6292048574824
2018-02-28T07:00:00.000000,12.6113834978296
2018-02-28T08:00:00.000000,11.9387763779454
2018-02-28T09:00:00.000000,11.9387763779454
2018-02-28T10:00:00.000000,11.7706245979743
2018-02-28T11:00:00.000000,11.7706245979743
2018-02-28T12:00:00.000000,11.9387763779454
2018-02-28T13:00:00.000000,11.4343210380322
2018-02-28T14:00:00.000000,12.2750799378875
2018-02-28T15:00:00.000000,12.4432317178586
2018-02-28T16:00:00.000000,11.9387763779454
2018-02-28T17:00:00.000000,12.7795352778007
2018-02-28T18:00:00.000000,12.6113834978296
2018-02-28T19:00:00.000000,12.7795352778007
2018-02-28T20:00:00.000000,13.9565977375981
2018-02-28T21:00:00.000000,13.620294177656
2018-02-28T22:00:00.000000,13.452142397685
2018-02-28T23:00:00.000000,14.7973566374535
2018-03-01T00:00:00.000000,13.452142397685
2018-03-01T01:00:00.000000,14.1247495175692
2018-03-01T02:00:00.000000,12.9476870577718
2018-03-01T03:00:00.000000,12.1069281579165
2018-03-01T04:00:00.000000,12.4432317178586
2018-03-01T05:00:00.000000,13.9565977375981
2018-03-01T06:00:00.000000,11.7706245979743
2018-03-01T07:00:00.000000,10.4254103582058
2018-03-01T08:00:00.000000,10.4254103582058
2018-03-01T09:00:00.000000,11.0980174780901
2018-03-01T10:00:00.000000,10.761713918148
2018-03-01T11:00:00.000000,11.9387763779454
2018-03-01T12:00:00.000000,11.9387763779454
2018-03-01T13:00:00.000000,10.5935621381769
2018-03-01T14:00:00.000000,11.2661692580612
2018-03-01T15:00:00.000000,12.1069281579165
2018-03-01T16:00:00.000000,12.4432317178586
2018-03-01T17:00:00.000000,11.7706245979743
2018-03-01T18:00:00.000000,11.9387763779454
2018-03-01T19:00:00.000000,13.620294177656
2018-03-01T20:00:00.000000,14.2929012975403
2018-03-01T21:00:00.000000,13.2839906177139
2018-03-01T22:00:00.000000,14.4610530775113
2018-03-01T23:00:00.000000,12.7795352778007
2018-03-02T00:00:00.000000,14.1247495175692
2018-03-02T01:00:00.000000,13.9565977375981
2018-03-02T02:00:00.000000,14.6292048574824
2018-03-02T03:00:00.000000,12.7795352778007
2018-03-02T04:00:00.000000,12.7795352778007
2018-03-02T05:00:00.000000,12.7795352778007
2018-03-02T06:00:00.000000,12.9476870577718
2018-03-02T07:00:00.000000,12.4432317178586
2018-03-02T08:00:00.000000,12.6113834978296
2018-03-02T09:00:00.000000,11.6024728180033
2018-03-02T10:00:00.000000,11.7706245979743
2018-03-02T11:00:00.000000,12.1069281579165
2018-03-02T12:00:00.000000,11.7706245979743
2018-03-02T13:00:00.000000,11.6024728180033
2018-03-02T14:00:00.000000,12.2750799378875
2018-03-02T15:00:00.000000,12.4432317178586
2018-03-02T16:00:00.000000,12.1069281579165
2018-03-02T17:00:00.000000,11.2661692580612
2018-03-02T18:00:00.000000,11.9387763779454
2018-03-02T19:00:00.000000,11.6024728180033
2018-03-02T20:00:00.000000,11.2661692580612
2018-03-02T21:00:00.000000,13.1158388377428
2018-03-02T22:00:00.000000,13.1158388377428
2018-03-02T23:00:00.000000,13.2839906177139
2018-03-03T00:00:00.000000,13.1158388377428
2018-03-03T01:00:00.000000,13.1158388377428
2018-03-03T02:00:00.000000,12.9476870577718
2018-03-03T03:00:00.000000,13.7884459576271
2018-03-03T04:00:00.000000,12.7795352778007
2018-03-03T05:00:00.000000,13.1158388377428
2018-03-03T06:00:00.000000,12.1069281579165
2018-03-03T07:00:00.000000,11.2661692580612
2018-03-03T08:00:00.000000,11.4343210380322
2018-03-03T09:00:00.000000,10.929865698119
2018-03-03T10:00:00.000000,10.2572585782348
2018-03-03T11:00:00.000000,10.4254103582058
2018-03-03T12:00:00.000000,11.2661692580612
2018-03-03T13:00:00.000000,10.929865698119
2018-03-03T14:00:00.000000,11.0980174780901
2018-03-03T15:00:00.000000,10.761713918148
2018-03-03T16:00:00.000000,10.761713918148
2018-03-03T17:00:00.000000,11.4343210380322
2018-03-03T18:00:00.000000,11.9387763779454
2018-03-03T19:00:00.000000,11.4343210380322
2018-03-03T20:00:00.000000,11.4343210380322
2018-03-03T21:00:00.000000,11.7706245979743
2018-03-03T22:00:00.000000,12.4432317178586
2018-03-03T23:00:00.000000,10.929865698119
2018-03-04T00:00:00.000000,11.9387763779454
2018-03-04T01:00:00.000000,10.929865698119
2018-03-04T02:00:00.000000,10.761713918148
2018-03-04T03:00:00.000000,10.929865698119
2018-03-04T04:00:00.000000,11.6024728180033
2018-03-04T05:00:00.000000,11.2661692580612
2018-03-04T06:00:00.000000,11.4343210380322
2018-03-04T07:00:00.000000,10.0891067982637
2018-03-04T08:00:00.000000,10.0891067982637
2018-03-04T09:00:00.000000,9.41649967837947
2018-03-04T10:00:00.000000,10.0891067982637
2018-03-04T11:00:00.000000,9.75280323832159
2018-03-04T12:00:00.000000,9.24834789840841
2018-03-04T13:00:00.000000,11.0980174780901
2018-03-04T14:00:00.000000,9.92095501829265
2018-03-04T15:00:00.000000,9.58465145835053
2018-03-04T16:00:00.000000,9.58465145835053
2018-03-04T17:00:00.000000,9.92095501829265
2018-03-04T18:00:00.000000,10.2572585782348
2018-03-04T19:00:00.000000,9.75280323832159
2018-03-04T20:00:00.000000,11.0980174780901
2018-03-04T21:00:00.000000,11.9387763779454
2018-03-04T22:00:00.000000,11.0980174780901
2018-03-04T23:00:00.000000,10.5935621381769
2018-03-05T00:00:00.000000,10.929865698119
2018-03-05T00:00:00.000000,10.929865698119
2018-03-05T01:00:00.000000,10.2869324217591
2018-03-05T02:00:00.000000,11.144176790239
2018-03-05T03:00:00.000000,12.2157322508389
2018-03-05T04:00:00.000000,12.6443544350789
2018-03-05T05:00:00.000000,11.787110066599
2018-03-05T06:00:00.000000,11.358487882359
2018-03-05T07:00:00.000000,10.929865698119
2018-03-05T08:00:00.000000,12.6443544350789
2018-03-05T09:00:00.000000,10.929865698119
2018-03-05T10:00:00.000000,11.358487882359
2018-03-05T11:00:00.000000,11.358487882359
2018-03-05T12:00:00.000000,11.144176790239
2018-03-05T13:00:00.000000,10.0726213296391
2018-03-05T14:00:00.000000,10.2869324217591
2018-03-05T15:00:00.000000,11.572798974479
2018-03-05T16:00:00.000000,11.787110066599
2018-03-05T17:00:00.000000,11.144176790239
2018-03-05T18:00:00.000000,12.0014211587189
2018-03-05T19:00:00.000000,14.3588431720387
2018-03-05T20:00:00.000000,13.7159098956788
2018-03-05T21:00:00.000000,12.8586655271989
2018-03-05T22:00:00.000000,13.9302209877988
2018-03-05T23:00:00.000000,13.9302209877988
2018-03-06T00:00:00.000000,13.5015988035588
2018-03-06T01:00:00.000000,12.6443544350789
2018-03-06T02:00:00.000000,12.0014211587189
2018-03-06T03:00:00.000000,12.4300433429589
2018-03-06T04:00:00.000000,13.0729766193188
2018-03-06T05:00:00.000000,12.6443544350789
2018-03-06T06:00:00.000000,13.2872877114388
2018-03-06T07:00:00.000000,10.929865698119
2018-03-06T08:00:00.000000,11.572798974479
2018-03-06T09:00:00.000000,10.5012435138791
2018-03-06T10:00:00.000000,11.787110066599
2018-03-06T11:00:00.000000,11.787110066599
2018-03-06T12:00:00.000000,11.358487882359
2018-03-06T13:00:00.000000,11.787110066599
2018-03-06T14:00:00.000000,11.358487882359
2018-03-06T15:00:00.000000,11.358487882359
2018-03-06T16:00:00.000000,11.572798974479
2018-03-06T17:00:00.000000,12.2157322508389
2018-03-06T18:00:00.000000,12.6443544350789
2018-03-06T19:00:00.000000,12.4300433429589
2018-03-06T20:00:00.000000,12.8586655271989
2018-03-06T21:00:00.000000,12.6443544350789
2018-03-06T22:00:00.000000,16.5019540932385
2018-03-06T23:00:00.000000,13.7159098956788
2018-03-07T00:00:00.000000,12.2157322508389
2018-03-07T01:00:00.000000,11.572798974479
2018-03-07T02:00:00.000000,11.358487882359
2018-03-07T03:00:00.000000,12.2157322508389
2018-03-07T04:00:00.000000,12.8586655271989
2018-03-07T05:00:00.000000,10.929865698119
2018-03-07T06:00:00.000000,13.0729766193188
2018-03-07T07:00:00.000000,13.9302209877988
2018-03-07T08:00:00.000000,11.144176790239
2018-03-07T09:00:00.000000,10.929865698119
2018-03-07T10:00:00.000000,10.5012435138791
2018-03-07T11:00:00.000000,11.358487882359
2018-03-07T12:00:00.000000,10.715554605999
2018-03-07T13:00:00.000000,10.929865698119
2018-03-07T14:00:00.000000,10.929865698119
2018-03-07T15:00:00.000000,11.144176790239
2018-03-07T16:00:00.000000,13.0729766193188
2018-03-07T17:00:00.000000,20.1452426592782
2018-03-07T18:00:00.000000,17.3591984617185
2018-03-07T19:00:00.000000,16.7162651853585
2018-03-07T20:00:00.000000,17.3591984617185
2018-03-07T21:00:00.000000,17.3591984617185
2018-03-07T22:00:00.000000,18.2164428301984
2018-03-07T23:00:00.000000,16.0733319089986
2018-03-08T00:00:00.000000,15.0017764483987
2018-03-08T01:00:00.000000,15.4303986326386
2018-03-08T02:00:00.000000,15.0017764483987
2018-03-08T03:00:00.000000,15.2160875405186
2018-03-08T04:00:00.000000,15.4303986326386
2018-03-08T05:00:00.000000,14.7874653562787
2018-03-08T06:00:00.000000,14.1445320799187
2018-03-08T07:00:00.000000,12.6443544350789
2018-03-08T08:00:00.000000,11.787110066599
2018-03-08T09:00:00.000000,11.572798974479
2018-03-08T10:00:00.000000,11.787110066599
2018-03-08T11:00:00.000000,11.572798974479
2018-03-08T12:00:00.000000,12.2157322508389
2018-03-08T13:00:00.000000,12.2157322508389
2018-03-08T14:00:00.000000,12.2157322508389
2018-03-08T15:00:00.000000,12.6443544350789
2018-03-08T16:00:00.000000,12.2157322508389
2018-03-08T17:00:00.000000,16.2876430011186
2018-03-08T18:00:00.000000,15.2160875405186
2018-03-08T19:00:00.000000,14.1445320799187
2018-03-08T20:00:00.000000,14.7874653562787
2018-03-08T21:00:00.000000,15.2160875405186
2018-03-08T22:00:00.000000,16.0733319089986
2018-03-08T23:00:00.000000,13.9302209877988
2018-03-09T00:00:00.000000,13.7159098956788
2018-03-09T01:00:00.000000,14.1445320799187
2018-03-09T02:00:00.000000,18.6450650144383
2018-03-09T03:00:00.000000,18.4307539223184
2018-03-09T04:00:00.000000,20.7881759356381
2018-03-09T05:00:00.000000,21.2167981198781
2018-03-09T06:00:00.000000,21.4311092119981
2018-03-09T07:00:00.000000,16.9305762774785
2018-03-09T08:00:00.000000,15.0017764483987
2018-03-09T09:00:00.000000,14.5731542641587
2018-03-09T10:00:00.000000,15.6447097247586
2018-03-09T11:00:00.000000,15.0017764483987
2018-03-09T12:00:00.000000,13.9302209877988
2018-03-09T13:00:00.000000,13.7159098956788
2018-03-09T14:00:00.000000,14.1445320799187
2018-03-09T15:00:00.000000,14.1445320799187
2018-03-09T16:00:00.000000,14.1445320799187
2018-03-09T17:00:00.000000,14.5731542641587
2018-03-09T18:00:00.000000,13.5015988035588
2018-03-09T19:00:00.000000,13.7159098956788
2018-03-09T20:00:00.000000,15.0017764483987
2018-03-09T21:00:00.000000,14.1445320799187
2018-03-09T22:00:00.000000,13.9302209877988
2018-03-09T23:00:00.000000,14.5731542641587
2018-03-10T00:00:00.000000,13.2872877114388
2018-03-10T01:00:00.000000,12.4300433429589
2018-03-10T02:00:00.000000,12.6443544350789
2018-03-10T03:00:00.000000,13.2872877114388
2018-03-10T04:00:00.000000,12.6443544350789
2018-03-10T05:00:00.000000,12.6443544350789
2018-03-10T06:00:00.000000,12.8586655271989
2018-03-10T07:00:00.000000,11.572798974479
2018-03-10T08:00:00.000000,10.715554605999
2018-03-10T09:00:00.000000,9.85831023751912
2018-03-10T10:00:00.000000,10.715554605999
2018-03-10T11:00:00.000000,9.64399914539914
2018-03-10T12:00:00.000000,9.42968805327916
2018-03-10T13:00:00.000000,10.0726213296391
2018-03-10T14:00:00.000000,9.85831023751912
2018-03-10T15:00:00.000000,9.85831023751912
2018-03-10T16:00:00.000000,9.85831023751912
2018-03-10T17:00:00.000000,10.2869324217591
2018-03-10T18:00:00.000000,10.929865698119
2018-03-10T19:00:00.000000,10.5012435138791
2018-03-10T20:00:00.000000,11.144176790239
2018-03-10T21:00:00.000000,12.0014211587189
2018-03-10T22:00:00.000000,13.2872877114388
2018-03-10T23:00:00.000000,12.4300433429589
2018-03-11T00:00:00.000000,13.2872877114388
2018-03-11T01:00:00.000000,12.6443544350789
2018-03-11T02:00:00.000000,12.4300433429589
2018-03-11T03:00:00.000000,12.4300433429589
2018-03-11T04:00:00.000000,12.4300433429589
2018-03-11T05:00:00.000000,11.358487882359
2018-03-11T06:00:00.000000,10.715554605999
2018-03-11T07:00:00.000000,11.358487882359
2018-03-11T08:00:00.000000,10.929865698119
2018-03-11T09:00:00.000000,9.85831023751912
2018-03-11T10:00:00.000000,9.85831023751912
2018-03-11T11:00:00.000000,10.5012435138791
2018-03-11T12:00:00.000000,10.5012435138791
2018-03-11T13:00:00.000000,10.0726213296391
2018-03-11T14:00:00.000000,10.0726213296391
2018-03-11T15:00:00.000000,10.0726213296391
2018-03-11T16:00:00.000000,10.2869324217591
2018-03-11T17:00:00.000000,10.5012435138791
2018-03-11T18:00:00.000000,10.2869324217591
2018-03-11T19:00:00.000000,11.144176790239
2018-03-11T20:00:00.000000,10.929865698119
2018-03-11T21:00:00.000000,11.358487882359
2018-03-11T22:00:00.000000,12.2157322508389
2018-03-11T23:00:00.000000,11.358487882359
2018-03-12T00:00:00.000000,11.787110066599
2018-03-12T00:00:00.000000,11.787110066599
2018-03-12T01:00:00.000000,11.3735272572446
2018-03-12T02:00:00.000000,11.1667358525674
2018-03-12T03:00:00.000000,13.2346498993392
2018-03-12T04:00:00.000000,12.8210670899848
2018-03-12T05:00:00.000000,11.787110066599
2018-03-12T06:00:00.000000,11.5803186619218
2018-03-12T07:00:00.000000,11.787110066599
2018-03-12T08:00:00.000000,9.92598742450438
2018-03-12T09:00:00.000000,11.1667358525674
2018-03-12T10:00:00.000000,10.9599444478903
2018-03-12T11:00:00.000000,11.1667358525674
2018-03-12T12:00:00.000000,11.3735272572446
2018-03-12T13:00:00.000000,11.9939014712761
2018-03-12T14:00:00.000000,12.2006928759533
2018-03-12T15:00:00.000000,12.8210670899848
2018-03-12T16:00:00.000000,11.9939014712761
2018-03-12T17:00:00.000000,11.787110066599
2018-03-12T18:00:00.000000,11.5803186619218
2018-03-12T19:00:00.000000,13.2346498993392
2018-03-12T20:00:00.000000,13.027858494662
2018-03-12T21:00:00.000000,13.4414413040163
2018-03-12T22:00:00.000000,13.4414413040163
2018-03-12T23:00:00.000000,13.8550241133707
2018-03-13T00:00:00.000000,12.8210670899848
2018-03-13T01:00:00.000000,12.6142756853076
2018-03-13T02:00:00.000000,14.0618155180479
2018-03-13T03:00:00.000000,14.0618155180479
2018-03-13T04:00:00.000000,13.027858494662
2018-03-13T05:00:00.000000,12.2006928759533
2018-03-13T06:00:00.000000,11.9939014712761
2018-03-13T07:00:00.000000,10.7531530432131
2018-03-13T08:00:00.000000,9.92598742450438
2018-03-13T09:00:00.000000,9.7191960198272
2018-03-13T10:00:00.000000,10.3395702338587
2018-03-13T11:00:00.000000,11.5803186619218
2018-03-13T12:00:00.000000,11.3735272572446
2018-03-13T13:00:00.000000,11.1667358525674
2018-03-13T14:00:00.000000,11.1667358525674
2018-03-13T15:00:00.000000,11.3735272572446
2018-03-13T16:00:00.000000,11.1667358525674
2018-03-13T17:00:00.000000,10.9599444478903
2018-03-13T18:00:00.000000,10.7531530432131
2018-03-13T19:00:00.000000,11.787110066599
2018-03-13T20:00:00.000000,11.3735272572446
2018-03-13T21:00:00.000000,10.9599444478903
2018-03-13T22:00:00.000000,11.9939014712761
2018-03-13T23:00:00.000000,12.8210670899848
2018-03-14T00:00:00.000000,10.9599444478903
2018-03-14T01:00:00.000000,11.3735272572446
2018-03-14T02:00:00.000000,11.3735272572446
2018-03-14T03:00:00.000000,11.787110066599
2018-03-14T04:00:00.000000,10.9599444478903
2018-03-14T05:00:00.000000,11.5803186619218
2018-03-14T06:00:00.000000,10.5463616385359
2018-03-14T07:00:00.000000,10.5463616385359
2018-03-14T08:00:00.000000,10.3395702338587
2018-03-14T09:00:00.000000,10.7531530432131
2018-03-14T10:00:00.000000,12.2006928759533
2018-03-14T11:00:00.000000,12.2006928759533
2018-03-14T12:00:00.000000,13.027858494662
2018-03-14T13:00:00.000000,12.8210670899848
2018-03-14T14:00:00.000000,13.2346498993392
2018-03-14T15:00:00.000000,12.4074842806305
2018-03-14T16:00:00.000000,13.6482327086935
2018-03-14T17:00:00.000000,16.543312374174
2018-03-14T18:00:00.000000,15.9229381601424
2018-03-14T19:00:00.000000,14.6821897320794
2018-03-14T20:00:00.000000,15.9229381601424
2018-03-14T21:00:00.000000,19.6451834443316
2018-03-14T22:00:00.000000,19.0248092303001
2018-03-14T23:00:00.000000,16.9568951835283
2018-03-15T00:00:00.000000,16.543312374174
2018-03-15T01:00:00.000000,16.7501037788511
2018-03-15T02:00:00.000000,20.6791404677175
2018-03-15T03:00:00.000000,19.6451834443316
2018-03-15T04:00:00.000000,20.2655576583631
2018-03-15T05:00:00.000000,19.4383920396544
2018-03-15T06:00:00.000000,19.0248092303001
2018-03-15T07:00:00.000000,16.3365209694968
2018-03-15T08:00:00.000000,15.7161467554653
2018-03-15T09:00:00.000000,13.6482327086935
2018-03-15T10:00:00.000000,14.8889811367566
2018-03-15T11:00:00.000000,14.8889811367566
2018-03-15T12:00:00.000000,14.0618155180479
2018-03-15T13:00:00.000000,13.2346498993392
2018-03-15T14:00:00.000000,13.6482327086935
2018-03-15T15:00:00.000000,15.0957725414337
2018-03-15T16:00:00.000000,15.3025639461109
2018-03-15T17:00:00.000000,14.268606922725
2018-03-15T18:00:00.000000,13.4414413040163
2018-03-15T19:00:00.000000,12.8210670899848
2018-03-15T20:00:00.000000,14.268606922725
2018-03-15T21:00:00.000000,15.5093553507881
2018-03-15T22:00:00.000000,15.3025639461109
2018-03-15T23:00:00.000000,14.4753983274022
2018-03-16T00:00:00.000000,13.027858494662
2018-03-16T01:00:00.000000,13.8550241133707
2018-03-16T02:00:00.000000,14.0618155180479
2018-03-16T03:00:00.000000,14.4753983274022
2018-03-16T04:00:00.000000,13.6482327086935
2018-03-16T05:00:00.000000,12.6142756853076
2018-03-16T06:00:00.000000,13.6482327086935
2018-03-16T07:00:00.000000,12.4074842806305
2018-03-16T08:00:00.000000,11.9939014712761
2018-03-16T09:00:00.000000,11.1667358525674
2018-03-16T10:00:00.000000,11.9939014712761
2018-03-16T11:00:00.000000,10.9599444478903
2018-03-16T12:00:00.000000,10.7531530432131
2018-03-16T13:00:00.000000,11.787110066599
2018-03-16T14:00:00.000000,13.027858494662
2018-03-16T15:00:00.000000,12.6142756853076
2018-03-16T16:00:00.000000,11.5803186619218
2018-03-16T17:00:00.000000,12.6142756853076
2018-03-16T18:00:00.000000,11.3735272572446
2018-03-16T19:00:00.000000,12.2006928759533
2018-03-16T20:00:00.000000,12.4074842806305
2018-03-16T21:00:00.000000,12.4074842806305
2018-03-16T22:00:00.000000,12.6142756853076
2018-03-16T23:00:00.000000,11.787110066599
2018-03-17T00:00:00.000000,12.4074842806305
2018-03-17T01:00:00.000000,12.2006928759533
2018-03-17T02:00:00.000000,10.7531530432131
2018-03-17T03:00:00.000000,11.1667358525674
2018-03-17T04:00:00.000000,11.3735272572446
2018-03-17T05:00:00.000000,11.3735272572446
2018-03-17T06:00:00.000000,10.7531530432131
2018-03-17T07:00:00.000000,10.9599444478903
2018-03-17T08:00:00.000000,9.51240461515003
2018-03-17T09:00:00.000000,9.09882180579568
2018-03-17T10:00:00.000000,8.8920304011185
2018-03-17T11:00:00.000000,9.09882180579568
2018-03-17T12:00:00.000000,10.1327788291816
2018-03-17T13:00:00.000000,9.92598742450438
2018-03-17T14:00:00.000000,10.5463616385359
2018-03-17T15:00:00.000000,11.1667358525674
2018-03-17T16:00:00.000000,10.5463616385359
2018-03-17T17:00:00.000000,10.3395702338587
2018-03-17T18:00:00.000000,11.3735272572446
2018-03-17T19:00:00.000000,11.9939014712761
2018-03-17T20:00:00.000000,12.6142756853076
2018-03-17T21:00:00.000000,12.2006928759533
2018-03-17T22:00:00.000000,12.4074842806305
2018-03-17T23:00:00.000000,11.5803186619218
2018-03-18T00:00:00.000000,12.8210670899848
2018-03-18T01:00:00.000000,13.2346498993392
2018-03-18T02:00:00.000000,14.268606922725
2018-03-18T03:00:00.000000,14.0618155180479
2018-03-18T04:00:00.000000,13.027858494662
2018-03-18T05:00:00.000000,13.6482327086935
2018-03-18T06:00:00.000000,13.6482327086935
2018-03-18T07:00:00.000000,11.9939014712761
2018-03-18T08:00:00.000000,11.9939014712761
2018-03-18T09:00:00.000000,11.3735272572446
2018-03-18T10:00:00.000000,12.2006928759533
2018-03-18T11:00:00.000000,12.8210670899848
2018-03-18T12:00:00.000000,11.3735272572446
2018-03-18T13:00:00.000000,13.4414413040163
2018-03-18T14:00:00.000000,15.0957725414337
2018-03-18T15:00:00.000000,14.6821897320794
2018-03-18T16:00:00.000000,14.4753983274022
2018-03-18T17:00:00.000000,13.4414413040163
2018-03-18T18:00:00.000000,14.4753983274022
2018-03-18T19:00:00.000000,14.8889811367566
2018-03-18T20:00:00.000000,14.268606922725
2018-03-18T21:00:00.000000,14.268606922725
2018-03-18T22:00:00.000000,14.6821897320794
2018-03-18T23:00:00.000000,14.4753983274022
2018-03-19T00:00:00.000000,14.268606922725
2018-03-19T00:00:00.000000,14.268606922725
2018-03-19T01:00:00.000000,14.268606922725
2018-03-19T02:00:00.000000,12.2740704711613
2018-03-19T03:00:00.000000,12.7343481138299
2018-03-19T04:00:00.000000,13.3480516373879
2018-03-19T05:00:00.000000,12.7343481138299
2018-03-19T06:00:00.000000,13.3480516373879
2018-03-19T07:00:00.000000,10.7398116622662
2018-03-19T08:00:00.000000,11.5069410667137
2018-03-19T09:00:00.000000,11.6603669476033
2018-03-19T10:00:00.000000,11.8137928284928
2018-03-19T11:00:00.000000,11.9672187093823
2018-03-19T12:00:00.000000,11.5069410667137
2018-03-19T13:00:00.000000,12.5809222329404
2018-03-19T14:00:00.000000,12.8877739947194
2018-03-19T15:00:00.000000,12.4274963520508
2018-03-19T16:00:00.000000,13.0411998756089
2018-03-19T17:00:00.000000,14.268606922725
2018-03-19T18:00:00.000000,13.961755160946
2018-03-19T19:00:00.000000,13.961755160946
2018-03-19T20:00:00.000000,13.1946257564984
2018-03-19T21:00:00.000000,14.1151810418355
2018-03-19T22:00:00.000000,13.5014775182775
2018-03-19T23:00:00.000000,13.654903399167
2018-03-20T00:00:00.000000,13.1946257564984
2018-03-20T01:00:00.000000,13.1946257564984
2018-03-20T02:00:00.000000,12.8877739947194
2018-03-20T03:00:00.000000,12.8877739947194
2018-03-20T04:00:00.000000,13.0411998756089
2018-03-20T05:00:00.000000,12.2740704711613
2018-03-20T06:00:00.000000,13.8083292800565
2018-03-20T07:00:00.000000,12.7343481138299
2018-03-20T08:00:00.000000,11.3535151858242
2018-03-20T09:00:00.000000,10.8932375431557
2018-03-20T10:00:00.000000,10.4329599004871
2018-03-20T11:00:00.000000,11.0466634240452
2018-03-20T12:00:00.000000,12.2740704711613
2018-03-20T13:00:00.000000,10.8932375431557
2018-03-20T14:00:00.000000,11.6603669476033
2018-03-20T15:00:00.000000,11.3535151858242
2018-03-20T16:00:00.000000,11.8137928284928
2018-03-20T17:00:00.000000,11.8137928284928
2018-03-20T18:00:00.000000,11.8137928284928
2018-03-20T19:00:00.000000,12.4274963520508
2018-03-20T20:00:00.000000,13.0411998756089
2018-03-20T21:00:00.000000,13.5014775182775
2018-03-20T22:00:00.000000,13.5014775182775
2018-03-20T23:00:00.000000,13.8083292800565
2018-03-21T00:00:00.000000,11.3535151858242
2018-03-21T01:00:00.000000,11.8137928284928
2018-03-21T02:00:00.000000,12.1206445902718
2018-03-21T03:00:00.000000,12.7343481138299
2018-03-21T04:00:00.000000,12.5809222329404
2018-03-21T05:00:00.000000,12.4274963520508
2018-03-21T06:00:00.000000,11.9672187093823
2018-03-21T07:00:00.000000,11.0466634240452
2018-03-21T08:00:00.000000,11.3535151858242
2018-03-21T09:00:00.000000,11.3535151858242
2018-03-21T10:00:00.000000,11.3535151858242
2018-03-21T11:00:00.000000,11.5069410667137
2018-03-21T12:00:00.000000,11.2000893049347
2018-03-21T13:00:00.000000,11.5069410667137
2018-03-21T14:00:00.000000,11.6603669476033
2018-03-21T15:00:00.000000,11.3535151858242
2018-03-21T16:00:00.000000,12.4274963520508
2018-03-21T17:00:00.000000,12.1206445902718
2018-03-21T18:00:00.000000,11.3535151858242
2018-03-21T19:00:00.000000,11.8137928284928
2018-03-21T20:00:00.000000,11.9672187093823
2018-03-21T21:00:00.000000,12.1206445902718
2018-03-21T22:00:00.000000,11.6603669476033
2018-03-21T23:00:00.000000,13.0411998756089
2018-03-22T00:00:00.000000,10.7398116622662
2018-03-22T01:00:00.000000,11.5069410667137
2018-03-22T02:00:00.000000,11.6603669476033
2018-03-22T03:00:00.000000,11.0466634240452
2018-03-22T04:00:00.000000,11.8137928284928
2018-03-22T05:00:00.000000,10.8932375431557
2018-03-22T06:00:00.000000,11.2000893049347
2018-03-22T07:00:00.000000,10.7398116622662
2018-03-22T08:00:00.000000,9.81925637692906
2018-03-22T09:00:00.000000,9.81925637692906
2018-03-22T10:00:00.000000,11.3535151858242
2018-03-22T11:00:00.000000,11.5069410667137
2018-03-22T12:00:00.000000,11.0466634240452
2018-03-22T13:00:00.000000,11.6603669476033
2018-03-22T14:00:00.000000,11.8137928284928
2018-03-22T15:00:00.000000,12.2740704711613
2018-03-22T16:00:00.000000,11.8137928284928
2018-03-22T17:00:00.000000,11.2000893049347
2018-03-22T18:00:00.000000,11.5069410667137
2018-03-22T19:00:00.000000,11.6603669476033
2018-03-22T20:00:00.000000,13.1946257564984
2018-03-22T21:00:00.000000,12.4274963520508
2018-03-22T22:00:00.000000,12.7343481138299
2018-03-22T23:00:00.000000,11.5069410667137
2018-03-23T00:00:00.000000,10.8932375431557
2018-03-23T01:00:00.000000,11.0466634240452
2018-03-23T02:00:00.000000,12.2740704711613
2018-03-23T03:00:00.000000,12.7343481138299
2018-03-23T04:00:00.000000,12.2740704711613
2018-03-23T05:00:00.000000,12.1206445902718
2018-03-23T06:00:00.000000,11.5069410667137
2018-03-23T07:00:00.000000,10.4329599004871
2018-03-23T08:00:00.000000,10.1261081387081
2018-03-23T09:00:00.000000,9.35897873426051
2018-03-23T10:00:00.000000,10.2795340195976
2018-03-23T11:00:00.000000,9.81925637692906
2018-03-23T12:00:00.000000,9.81925637692906
2018-03-23T13:00:00.000000,11.0466634240452
2018-03-23T14:00:00.000000,10.1261081387081
2018-03-23T15:00:00.000000,10.8932375431557
2018-03-23T16:00:00.000000,10.4329599004871
2018-03-23T17:00:00.000000,10.2795340195976
2018-03-23T18:00:00.000000,9.97268225781858
2018-03-23T19:00:00.000000,10.2795340195976
2018-03-23T20:00:00.000000,10.7398116622662
2018-03-23T21:00:00.000000,10.5863857813766
2018-03-23T22:00:00.000000,10.4329599004871
2018-03-23T23:00:00.000000,10.1261081387081
2018-03-24T00:00:00.000000,11.3535151858242
2018-03-24T01:00:00.000000,11.0466634240452
2018-03-24T02:00:00.000000,10.4329599004871
2018-03-24T03:00:00.000000,10.4329599004871
2018-03-24T04:00:00.000000,9.81925637692906
2018-03-24T05:00:00.000000,10.2795340195976
2018-03-24T06:00:00.000000,10.1261081387081
2018-03-24T07:00:00.000000,9.35897873426051
2018-03-24T08:00:00.000000,8.89870109159196
2018-03-24T09:00:00.000000,8.59184932981293
2018-03-24T10:00:00.000000,7.97814580625486
2018-03-24T11:00:00.000000,8.13157168714438
2018-03-24T12:00:00.000000,8.59184932981293
2018-03-24T13:00:00.000000,8.2849975680339
2018-03-24T14:00:00.000000,8.2849975680339
2018-03-24T15:00:00.000000,8.2849975680339
2018-03-24T16:00:00.000000,8.89870109159196
2018-03-24T17:00:00.000000,8.43842344892341
2018-03-24T18:00:00.000000,8.74527521070245
2018-03-24T19:00:00.000000,8.13157168714438
2018-03-24T20:00:00.000000,8.2849975680339
2018-03-24T21:00:00.000000,8.89870109159196
2018-03-24T22:00:00.000000,9.35897873426051
2018-03-24T23:00:00.000000,10.5863857813766
2018-03-25T00:00:00.000000,9.81925637692906
2018-03-25T01:00:00.000000,9.66583049603955
2018-03-25T02:00:00.000000,9.05212697248148
2018-03-25T03:00:00.000000,9.66583049603955
2018-03-25T04:00:00.000000,9.05212697248148
2018-03-25T05:00:00.000000,8.89870109159196
2018-03-25T06:00:00.000000,8.74527521070245
2018-03-25T07:00:00.000000,8.59184932981293
2018-03-25T08:00:00.000000,8.59184932981293
2018-03-25T09:00:00.000000,8.13157168714438
2018-03-25T10:00:00.000000,7.82471992536535
2018-03-25T11:00:00.000000,8.13157168714438
2018-03-25T12:00:00.000000,8.59184932981293
2018-03-25T13:00:00.000000,8.43842344892341
2018-03-25T14:00:00.000000,7.67129404447583
2018-03-25T15:00:00.000000,8.13157168714438
2018-03-25T16:00:00.000000,7.97814580625486
2018-03-25T17:00:00.000000,7.97814580625486
2018-03-25T18:00:00.000000,7.82471992536535
2018-03-25T19:00:00.000000,15.3425880889517
2018-03-25T20:00:00.000000,10.2795340195976
2018-03-25T21:00:00.000000,9.81925637692906
2018-03-25T22:00:00.000000,10.2795340195976
2018-03-25T23:00:00.000000,9.51240461515003
2018-03-26T00:00:00.000000,10.1261081387081
2018-03-26T00:00:00.000000,10.1261081387081
2018-03-26T01:00:00.000000,37.5041042174374
2018-03-26T02:00:00.000000,15.7517237713237
2018-03-26T03:00:00.000000,12.00131334958
2018-03-26T04:00:00.000000,10.8761902230568
2018-03-26T05:00:00.000000,10.1261081387081
2018-03-26T06:00:00.000000,9.37602605435935
2018-03-26T07:00:00.000000,9.00098501218497
2018-03-26T08:00:00.000000,9.00098501218497
2018-03-26T09:00:00.000000,9.37602605435935
2018-03-26T10:00:00.000000,10.5011491808825
2018-03-26T11:00:00.000000,12.7513954339287
2018-03-26T12:00:00.000000,12.00131334958
2018-03-26T13:00:00.000000,11.2512312652312
2018-03-26T14:00:00.000000,11.6262723074056
2018-03-26T15:00:00.000000,12.3763543917543
2018-03-26T16:00:00.000000,12.00131334958
2018-03-26T17:00:00.000000,13.1264364761031
2018-03-26T18:00:00.000000,13.1264364761031
2018-03-26T19:00:00.000000,13.1264364761031
2018-03-26T20:00:00.000000,14.6266006448006
2018-03-26T21:00:00.000000,14.2515596026262
2018-03-26T22:00:00.000000,13.1264364761031
2018-03-26T23:00:00.000000,12.00131334958
2018-03-27T00:00:00.000000,11.2512312652312
2018-03-27T01:00:00.000000,12.3763543917543
2018-03-27T02:00:00.000000,12.3763543917543
2018-03-27T03:00:00.000000,13.5014775182775
2018-03-27T04:00:00.000000,12.3763543917543
2018-03-27T05:00:00.000000,13.8765185604518
2018-03-27T06:00:00.000000,10.8761902230568
2018-03-27T07:00:00.000000,10.1261081387081
2018-03-27T08:00:00.000000,10.8761902230568
2018-03-27T09:00:00.000000,10.8761902230568
2018-03-27T10:00:00.000000,10.1261081387081
2018-03-27T11:00:00.000000,10.5011491808825
2018-03-27T12:00:00.000000,10.5011491808825
2018-03-27T13:00:00.000000,10.5011491808825
2018-03-27T14:00:00.000000,10.5011491808825
2018-03-27T15:00:00.000000,10.5011491808825
2018-03-27T16:00:00.000000,10.1261081387081
2018-03-27T17:00:00.000000,10.5011491808825
2018-03-27T18:00:00.000000,10.1261081387081
2018-03-27T19:00:00.000000,11.6262723074056
2018-03-27T20:00:00.000000,12.7513954339287
2018-03-27T21:00:00.000000,13.1264364761031
2018-03-27T22:00:00.000000,12.7513954339287
2018-03-27T23:00:00.000000,11.2512312652312
2018-03-28T00:00:00.000000,12.3763543917543
2018-03-28T01:00:00.000000,10.5011491808825
2018-03-28T02:00:00.000000,11.6262723074056
2018-03-28T03:00:00.000000,11.6262723074056
2018-03-28T04:00:00.000000,11.6262723074056
2018-03-28T05:00:00.000000,10.8761902230568
2018-03-28T06:00:00.000000,10.1261081387081
2018-03-28T07:00:00.000000,9.75106709653372
2018-03-28T08:00:00.000000,9.00098501218497
2018-03-28T09:00:00.000000,9.75106709653372
2018-03-28T10:00:00.000000,8.6259439700106
2018-03-28T11:00:00.000000,9.37602605435935
2018-03-28T12:00:00.000000,9.75106709653372
2018-03-28T13:00:00.000000,10.1261081387081
2018-03-28T14:00:00.000000,10.1261081387081
2018-03-28T15:00:00.000000,10.1261081387081
2018-03-28T16:00:00.000000,10.5011491808825
2018-03-28T17:00:00.000000,10.1261081387081
2018-03-28T18:00:00.000000,10.8761902230568
2018-03-28T19:00:00.000000,10.8761902230568
2018-03-28T20:00:00.000000,11.6262723074056
2018-03-28T21:00:00.000000,12.3763543917543
2018-03-28T22:00:00.000000,11.2512312652312
2018-03-28T23:00:00.000000,10.1261081387081
2018-03-29T00:00:00.000000,10.5011491808825
2018-03-29T01:00:00.000000,10.5011491808825
2018-03-29T02:00:00.000000,10.5011491808825
2018-03-29T03:00:00.000000,10.8761902230568
2018-03-29T04:00:00.000000,12.3763543917543
2018-03-29T05:00:00.000000,13.1264364761031
2018-03-29T06:00:00.000000,13.1264364761031
2018-03-29T07:00:00.000000,10.8761902230568
2018-03-29T08:00:00.000000,11.2512312652312
2018-03-29T09:00:00.000000,11.6262723074056
2018-03-29T10:00:00.000000,12.3763543917543
2018-03-29T11:00:00.000000,13.1264364761031
2018-03-29T12:00:00.000000,12.00131334958
2018-03-29T13:00:00.000000,11.2512312652312
2018-03-29T14:00:00.000000,13.8765185604518
2018-03-29T15:00:00.000000,12.7513954339287
2018-03-29T16:00:00.000000,12.3763543917543
2018-03-29T17:00:00.000000,11.6262723074056
2018-03-29T18:00:00.000000,12.3763543917543
2018-03-29T19:00:00.000000,12.00131334958
2018-03-29T20:00:00.000000,15.7517237713237
2018-03-29T21:00:00.000000,17.6269289821956
2018-03-29T22:00:00.000000,16.1267648134981
2018-03-29T23:00:00.000000,16.1267648134981
2018-03-30T00:00:00.000000,18.3770110665443
2018-03-30T01:00:00.000000,21.3773394039393
2018-03-30T02:00:00.000000,17.6269289821956
2018-03-30T03:00:00.000000,16.5018058556725
2018-03-30T04:00:00.000000,18.3770110665443
2018-03-30T05:00:00.000000,18.3770110665443
2018-03-30T06:00:00.000000,14.2515596026262
2018-03-30T07:00:00.000000,10.8761902230568
2018-03-30T08:00:00.000000,12.7513954339287
2018-03-30T09:00:00.000000,12.3763543917543
2018-03-30T10:00:00.000000,12.00131334958
2018-03-30T11:00:00.000000,12.00131334958
2018-03-30T12:00:00.000000,12.00131334958
2018-03-30T13:00:00.000000,13.1264364761031
2018-03-30T14:00:00.000000,13.1264364761031
2018-03-30T15:00:00.000000,15.001641686975
2018-03-30T16:00:00.000000,14.6266006448006
2018-03-30T17:00:00.000000,15.7517237713237
2018-03-30T18:00:00.000000,13.8765185604518
2018-03-30T19:00:00.000000,12.7513954339287
2018-03-30T20:00:00.000000,13.8765185604518
2018-03-30T21:00:00.000000,14.6266006448006
2018-03-30T22:00:00.000000,15.001641686975
2018-03-30T23:00:00.000000,13.1264364761031
2018-03-31T00:00:00.000000,11.6262723074056
2018-03-31T01:00:00.000000,12.7513954339287
2018-03-31T02:00:00.000000,12.00131334958
2018-03-31T03:00:00.000000,10.8761902230568
2018-03-31T04:00:00.000000,12.00131334958
2018-03-31T05:00:00.000000,11.6262723074056
2018-03-31T06:00:00.000000,10.1261081387081
2018-03-31T07:00:00.000000,11.2512312652312
2018-03-31T08:00:00.000000,10.1261081387081
2018-03-31T09:00:00.000000,9.37602605435935
2018-03-31T10:00:00.000000,10.1261081387081
2018-03-31T11:00:00.000000,10.1261081387081
2018-03-31T12:00:00.000000,9.00098501218497
2018-03-31T13:00:00.000000,10.1261081387081
2018-03-31T14:00:00.000000,9.37602605435935
2018-03-31T15:00:00.000000,9.75106709653372
2018-03-31T16:00:00.000000,10.1261081387081
2018-03-31T17:00:00.000000,9.37602605435935
2018-03-31T18:00:00.000000,9.75106709653372
2018-03-31T19:00:00.000000,10.5011491808825
2018-03-31T20:00:00.000000,9.37602605435935
2018-03-31T21:00:00.000000,10.8761902230568
2018-03-31T22:00:00.000000,10.8761902230568
2018-03-31T23:00:00.000000,11.2512312652312
2018-04-01T00:00:00.000000,10.8761902230568
2018-04-01T01:00:00.000000,10.5011491808825
2018-04-01T02:00:00.000000,10.1261081387081
2018-04-01T03:00:00.000000,11.2512312652312
2018-04-01T04:00:00.000000,10.8761902230568
2018-04-01T05:00:00.000000,10.1261081387081
2018-04-01T06:00:00.000000,10.5011491808825
2018-04-01T07:00:00.000000,10.8761902230568
2018-04-01T08:00:00.000000,10.5011491808825
2018-04-01T09:00:00.000000,10.5011491808825
2018-04-01T10:00:00.000000,10.1261081387081
2018-04-01T11:00:00.000000,10.5011491808825
2018-04-01T12:00:00.000000,10.5011491808825
2018-04-01T13:00:00.000000,11.2512312652312
2018-04-01T14:00:00.000000,11.6262723074056
2018-04-01T15:00:00.000000,12.3763543917543
2018-04-01T16:00:00.000000,12.00131334958
2018-04-01T17:00:00.000000,10.5011491808825
2018-04-01T18:00:00.000000,11.2512312652312
2018-04-01T19:00:00.000000,11.2512312652312
2018-04-01T20:00:00.000000,12.3763543917543
2018-04-01T21:00:00.000000,13.1264364761031
2018-04-01T22:00:00.000000,13.1264364761031
2018-04-01T23:00:00.000000,12.7513954339287
2018-04-02T00:00:00.000000,12.7513954339287
2018-04-02T00:00:00.000000,12.7513954339287
2018-04-02T01:00:00.000000,12.7513954339287
2018-04-02T02:00:00.000000,12.1057551587931
2018-04-02T03:00:00.000000,11.9443450900092
2018-04-02T04:00:00.000000,12.267165227577
2018-04-02T05:00:00.000000,11.7829350212253
2018-04-02T06:00:00.000000,11.2987048148735
2018-04-02T07:00:00.000000,10.9758846773057
2018-04-02T08:00:00.000000,10.491654470954
2018-04-02T09:00:00.000000,10.0074242646023
2018-04-02T10:00:00.000000,11.6215249524414
2018-04-02T11:00:00.000000,11.1372947460896
2018-04-02T12:00:00.000000,11.2987048148735
2018-04-02T13:00:00.000000,11.4601148836574
2018-04-02T14:00:00.000000,11.9443450900092
2018-04-02T15:00:00.000000,12.5899853651448
2018-04-02T16:00:00.000000,12.5899853651448
2018-04-02T17:00:00.000000,11.7829350212253
2018-04-02T18:00:00.000000,12.5899853651448
2018-04-02T19:00:00.000000,12.7513954339287
2018-04-02T20:00:00.000000,12.1057551587931
2018-04-02T21:00:00.000000,12.267165227577
2018-04-02T22:00:00.000000,14.3654961217678
2018-04-02T23:00:00.000000,12.4285752963609
2018-04-03T00:00:00.000000,16.1410068783908
2018-04-03T01:00:00.000000,10.9758846773057
2018-04-03T02:00:00.000000,11.7829350212253
2018-04-03T03:00:00.000000,13.2356256402804
2018-04-03T04:00:00.000000,12.267165227577
2018-04-03T05:00:00.000000,10.8144746085218
2018-04-03T06:00:00.000000,10.3302444021701
2018-04-03T07:00:00.000000,10.6530645397379
2018-04-03T08:00:00.000000,10.9758846773057
2018-04-03T09:00:00.000000,10.491654470954
2018-04-03T10:00:00.000000,10.491654470954
2018-04-03T11:00:00.000000,10.3302444021701
2018-04-03T12:00:00.000000,10.1688343333862
2018-04-03T13:00:00.000000,11.4601148836574
2018-04-03T14:00:00.000000,11.4601148836574
2018-04-03T15:00:00.000000,10.491654470954
2018-04-03T16:00:00.000000,11.2987048148735
2018-04-03T17:00:00.000000,10.491654470954
2018-04-03T18:00:00.000000,10.3302444021701
2018-04-03T19:00:00.000000,10.9758846773057
2018-04-03T20:00:00.000000,10.9758846773057
2018-04-03T21:00:00.000000,12.4285752963609
2018-04-03T22:00:00.000000,10.9758846773057
2018-04-03T23:00:00.000000,10.6530645397379
2018-04-04T00:00:00.000000,10.9758846773057
2018-04-04T01:00:00.000000,10.3302444021701
2018-04-04T02:00:00.000000,10.1688343333862
2018-04-04T03:00:00.000000,10.0074242646023
2018-04-04T04:00:00.000000,12.267165227577
2018-04-04T05:00:00.000000,10.9758846773057
2018-04-04T06:00:00.000000,9.84601419581837
2018-04-04T07:00:00.000000,9.68460412703447
2018-04-04T08:00:00.000000,9.03896385189883
2018-04-04T09:00:00.000000,9.20037392068274
2018-04-04T10:00:00.000000,9.84601419581837
2018-04-04T11:00:00.000000,10.1688343333862
2018-04-04T12:00:00.000000,10.1688343333862
2018-04-04T13:00:00.000000,9.68460412703447
2018-04-04T14:00:00.000000,11.9443450900092
2018-04-04T15:00:00.000000,11.1372947460896
2018-04-04T16:00:00.000000,10.9758846773057
2018-04-04T17:00:00.000000,10.491654470954
2018-04-04T18:00:00.000000,10.9758846773057
2018-04-04T19:00:00.000000,11.2987048148735
2018-04-04T20:00:00.000000,10.9758846773057
2018-04-04T21:00:00.000000,12.267165227577
2018-04-04T22:00:00.000000,11.6215249524414
2018-04-04T23:00:00.000000,11.1372947460896
2018-04-05T00:00:00.000000,10.9758846773057
2018-04-05T01:00:00.000000,11.6215249524414
2018-04-05T02:00:00.000000,11.9443450900092
2018-04-05T03:00:00.000000,11.9443450900092
2018-04-05T04:00:00.000000,11.6215249524414
2018-04-05T05:00:00.000000,11.1372947460896
2018-04-05T06:00:00.000000,10.3302444021701
2018-04-05T07:00:00.000000,9.84601419581837
2018-04-05T08:00:00.000000,9.68460412703447
2018-04-05T09:00:00.000000,9.84601419581837
2018-04-05T10:00:00.000000,10.8144746085218
2018-04-05T11:00:00.000000,10.8144746085218
2018-04-05T12:00:00.000000,12.9128055027126
2018-04-05T13:00:00.000000,12.4285752963609
2018-04-05T14:00:00.000000,11.2987048148735
2018-04-05T15:00:00.000000,11.2987048148735
2018-04-05T16:00:00.000000,12.267165227577
2018-04-05T17:00:00.000000,11.1372947460896
2018-04-05T18:00:00.000000,10.9758846773057
2018-04-05T19:00:00.000000,10.9758846773057
2018-04-05T20:00:00.000000,12.1057551587931
2018-04-05T21:00:00.000000,11.7829350212253
2018-04-05T22:00:00.000000,11.2987048148735
2018-04-05T23:00:00.000000,10.8144746085218
2018-04-06T00:00:00.000000,10.491654470954
2018-04-06T01:00:00.000000,11.4601148836574
2018-04-06T02:00:00.000000,11.7829350212253
2018-04-06T03:00:00.000000,12.4285752963609
2018-04-06T04:00:00.000000,12.7513954339287
2018-04-06T05:00:00.000000,11.7829350212253
2018-04-06T06:00:00.000000,12.7513954339287
2018-04-06T07:00:00.000000,12.1057551587931
2018-04-06T08:00:00.000000,10.3302444021701
2018-04-06T09:00:00.000000,11.9443450900092
2018-04-06T10:00:00.000000,11.9443450900092
2018-04-06T11:00:00.000000,10.8144746085218
2018-04-06T12:00:00.000000,11.1372947460896
2018-04-06T13:00:00.000000,11.2987048148735
2018-04-06T14:00:00.000000,11.9443450900092
2018-04-06T15:00:00.000000,12.7513954339287
2018-04-06T16:00:00.000000,11.7829350212253
2018-04-06T17:00:00.000000,11.2987048148735
2018-04-06T18:00:00.000000,11.1372947460896
2018-04-06T19:00:00.000000,12.5899853651448
2018-04-06T20:00:00.000000,12.267165227577
2018-04-06T21:00:00.000000,12.5899853651448
2018-04-06T22:00:00.000000,11.7829350212253
2018-04-06T23:00:00.000000,11.9443450900092
2018-04-07T00:00:00.000000,10.491654470954
2018-04-07T01:00:00.000000,10.491654470954
2018-04-07T02:00:00.000000,10.9758846773057
2018-04-07T03:00:00.000000,10.8144746085218
2018-04-07T04:00:00.000000,11.2987048148735
2018-04-07T05:00:00.000000,11.6215249524414
2018-04-07T06:00:00.000000,10.1688343333862
2018-04-07T07:00:00.000000,10.0074242646023
2018-04-07T08:00:00.000000,8.87755378311493
2018-04-07T09:00:00.000000,8.71614371433102
2018-04-07T10:00:00.000000,8.71614371433102
2018-04-07T11:00:00.000000,8.23191350797929
2018-04-07T12:00:00.000000,8.55473364554711
2018-04-07T13:00:00.000000,8.23191350797929
2018-04-07T14:00:00.000000,8.07050343919539
2018-04-07T15:00:00.000000,9.03896385189883
2018-04-07T16:00:00.000000,9.03896385189883
2018-04-07T17:00:00.000000,9.20037392068274
2018-04-07T18:00:00.000000,8.07050343919539
2018-04-07T19:00:00.000000,8.3933235767632
2018-04-07T20:00:00.000000,8.71614371433102
2018-04-07T21:00:00.000000,9.03896385189883
2018-04-07T22:00:00.000000,9.36178398946665
2018-04-07T23:00:00.000000,9.20037392068274
2018-04-08T00:00:00.000000,9.03896385189883
2018-04-08T01:00:00.000000,8.71614371433102
2018-04-08T02:00:00.000000,8.23191350797929
2018-04-08T03:00:00.000000,9.52319405825056
2018-04-08T04:00:00.000000,10.1688343333862
2018-04-08T05:00:00.000000,9.36178398946665
2018-04-08T06:00:00.000000,8.23191350797929
2018-04-08T07:00:00.000000,8.55473364554711
2018-04-08T08:00:00.000000,8.3933235767632
2018-04-08T09:00:00.000000,7.90909337041148
2018-04-08T10:00:00.000000,8.3933235767632
2018-04-08T11:00:00.000000,8.07050343919539
2018-04-08T12:00:00.000000,8.3933235767632
2018-04-08T13:00:00.000000,8.07050343919539
2018-04-08T14:00:00.000000,7.90909337041148
2018-04-08T15:00:00.000000,7.90909337041148
2018-04-08T16:00:00.000000,7.90909337041148
2018-04-08T17:00:00.000000,8.87755378311493
2018-04-08T18:00:00.000000,7.58627323284366
2018-04-08T19:00:00.000000,8.07050343919539
2018-04-08T20:00:00.000000,9.36178398946665
2018-04-08T21:00:00.000000,9.68460412703447
2018-04-08T22:00:00.000000,9.68460412703447
2018-04-08T23:00:00.000000,9.52319405825056
2018-04-09T00:00:00.000000,9.84601419581837
2018-04-09T00:00:00.000000,9.84601419581837
2018-04-09T01:00:00.000000,9.9974913372925
2018-04-09T02:00:00.000000,11.0578313276114
2018-04-09T03:00:00.000000,10.603399903189
2018-04-09T04:00:00.000000,11.2093084690855
2018-04-09T05:00:00.000000,9.84601419581837
2018-04-09T06:00:00.000000,9.9974913372925
2018-04-09T07:00:00.000000,9.54305991287012
2018-04-09T08:00:00.000000,8.78567420549947
2018-04-09T09:00:00.000000,8.33124278107709
2018-04-09T10:00:00.000000,10.1489684787666
2018-04-09T11:00:00.000000,11.0578313276114
2018-04-09T12:00:00.000000,10.1489684787666
2018-04-09T13:00:00.000000,10.3004456202408
2018-04-09T14:00:00.000000,10.7548770446631
2018-04-09T15:00:00.000000,10.3004456202408
2018-04-09T16:00:00.000000,10.7548770446631
2018-04-09T17:00:00.000000,10.603399903189
2018-04-09T18:00:00.000000,10.4519227617149
2018-04-09T19:00:00.000000,10.603399903189
2018-04-09T20:00:00.000000,11.9666941764562
2018-04-09T21:00:00.000000,12.2696484594044
2018-04-09T22:00:00.000000,11.6637398935079
2018-04-09T23:00:00.000000,11.2093084690855
2018-04-10T00:00:00.000000,9.08862848844773
2018-04-10T01:00:00.000000,10.4519227617149
2018-04-10T02:00:00.000000,10.603399903189
2018-04-10T03:00:00.000000,10.9063541861373
2018-04-10T04:00:00.000000,11.3607856105597
2018-04-10T05:00:00.000000,10.3004456202408
2018-04-10T06:00:00.000000,10.4519227617149
2018-04-10T07:00:00.000000,9.69453705434424
2018-04-10T08:00:00.000000,9.9974913372925
2018-04-10T09:00:00.000000,9.24010562992186
2018-04-10T10:00:00.000000,10.603399903189
2018-04-10T11:00:00.000000,10.1489684787666
2018-04-10T12:00:00.000000,9.69453705434424
2018-04-10T13:00:00.000000,9.9974913372925
2018-04-10T14:00:00.000000,9.9974913372925
2018-04-10T15:00:00.000000,9.69453705434424
2018-04-10T16:00:00.000000,9.69453705434424
2018-04-10T17:00:00.000000,9.39158277139599
2018-04-10T18:00:00.000000,9.69453705434424
2018-04-10T19:00:00.000000,9.84601419581837
2018-04-10T20:00:00.000000,10.1489684787666
2018-04-10T21:00:00.000000,11.0578313276114
2018-04-10T22:00:00.000000,10.4519227617149
2018-04-10T23:00:00.000000,10.3004456202408
2018-04-11T00:00:00.000000,10.3004456202408
2018-04-11T01:00:00.000000,10.1489684787666
2018-04-11T02:00:00.000000,10.1489684787666
2018-04-11T03:00:00.000000,10.3004456202408
2018-04-11T04:00:00.000000,10.1489684787666
2018-04-11T05:00:00.000000,9.69453705434424
2018-04-11T06:00:00.000000,9.69453705434424
2018-04-11T07:00:00.000000,8.9371513469736
2018-04-11T08:00:00.000000,8.63419706402534
2018-04-11T09:00:00.000000,8.48271992255121
2018-04-11T10:00:00.000000,9.08862848844773
2018-04-11T11:00:00.000000,9.08862848844773
2018-04-11T12:00:00.000000,9.39158277139599
2018-04-11T13:00:00.000000,9.39158277139599
2018-04-11T14:00:00.000000,8.78567420549947
2018-04-11T15:00:00.000000,9.69453705434424
2018-04-11T16:00:00.000000,8.9371513469736
2018-04-11T17:00:00.000000,9.69453705434424
2018-04-11T18:00:00.000000,8.33124278107709
2018-04-11T19:00:00.000000,9.24010562992186
2018-04-11T20:00:00.000000,8.78567420549947
2018-04-11T21:00:00.000000,9.54305991287012
2018-04-11T22:00:00.000000,9.08862848844773
2018-04-11T23:00:00.000000,8.9371513469736
2018-04-12T00:00:00.000000,9.08862848844773
2018-04-12T01:00:00.000000,9.24010562992186
2018-04-12T02:00:00.000000,9.54305991287012
2018-04-12T03:00:00.000000,9.24010562992186
2018-04-12T04:00:00.000000,9.9974913372925
2018-04-12T05:00:00.000000,9.24010562992186
2018-04-12T06:00:00.000000,8.48271992255121
2018-04-12T07:00:00.000000,9.08862848844773
2018-04-12T08:00:00.000000,8.48271992255121
2018-04-12T09:00:00.000000,8.02828849812883
2018-04-12T10:00:00.000000,8.17976563960296
2018-04-12T11:00:00.000000,15.1477141474129
2018-04-12T12:00:00.000000,14.6932827229905
2018-04-12T13:00:00.000000,14.087374157094
2018-04-12T14:00:00.000000,13.7844198741457
2018-04-12T15:00:00.000000,12.7240798838268
2018-04-12T16:00:00.000000,11.9666941764562
2018-04-12T17:00:00.000000,11.5122627520338
2018-04-12T18:00:00.000000,11.815217034982
2018-04-12T19:00:00.000000,11.6637398935079
2018-04-12T20:00:00.000000,11.815217034982
2018-04-12T21:00:00.000000,14.3903284400422
2018-04-12T22:00:00.000000,13.9358970156199
2018-04-12T23:00:00.000000,15.1477141474129
2018-04-13T00:00:00.000000,14.5418055815164
2018-04-13T01:00:00.000000,11.3607856105597
2018-04-13T02:00:00.000000,12.875557025301
2018-04-13T03:00:00.000000,12.7240798838268
2018-04-13T04:00:00.000000,12.4211256008786
2018-04-13T05:00:00.000000,12.1181713179303
2018-04-13T06:00:00.000000,11.2093084690855
2018-04-13T07:00:00.000000,11.9666941764562
2018-04-13T08:00:00.000000,13.3299884497233
2018-04-13T09:00:00.000000,11.6637398935079
2018-04-13T10:00:00.000000,11.6637398935079
2018-04-13T11:00:00.000000,11.0578313276114
2018-04-13T12:00:00.000000,12.2696484594044
2018-04-13T13:00:00.000000,11.9666941764562
2018-04-13T14:00:00.000000,11.3607856105597
2018-04-13T15:00:00.000000,11.815217034982
2018-04-13T16:00:00.000000,11.0578313276114
2018-04-13T17:00:00.000000,10.4519227617149
2018-04-13T18:00:00.000000,11.2093084690855
2018-04-13T19:00:00.000000,10.7548770446631
2018-04-13T20:00:00.000000,11.815217034982
2018-04-13T21:00:00.000000,11.815217034982
2018-04-13T22:00:00.000000,11.2093084690855
2018-04-13T23:00:00.000000,10.3004456202408
2018-04-14T00:00:00.000000,10.4519227617149
2018-04-14T01:00:00.000000,9.54305991287012
2018-04-14T02:00:00.000000,9.69453705434424
2018-04-14T03:00:00.000000,10.603399903189
2018-04-14T04:00:00.000000,10.3004456202408
2018-04-14T05:00:00.000000,10.4519227617149
2018-04-14T06:00:00.000000,9.84601419581837
2018-04-14T07:00:00.000000,8.9371513469736
2018-04-14T08:00:00.000000,8.78567420549947
2018-04-14T09:00:00.000000,9.54305991287012
2018-04-14T10:00:00.000000,8.33124278107709
2018-04-14T11:00:00.000000,8.02828849812883
2018-04-14T12:00:00.000000,8.48271992255121
2018-04-14T13:00:00.000000,8.17976563960296
2018-04-14T14:00:00.000000,7.72533421518057
2018-04-14T15:00:00.000000,8.17976563960296
2018-04-14T16:00:00.000000,7.8768113566547
2018-04-14T17:00:00.000000,8.33124278107709
2018-04-14T18:00:00.000000,8.33124278107709
2018-04-14T19:00:00.000000,8.48271992255121
2018-04-14T20:00:00.000000,9.08862848844773
2018-04-14T21:00:00.000000,9.69453705434424
2018-04-14T22:00:00.000000,8.9371513469736
2018-04-14T23:00:00.000000,9.24010562992186
2018-04-15T00:00:00.000000,9.54305991287012
2018-04-15T01:00:00.000000,9.24010562992186
2018-04-15T02:00:00.000000,8.9371513469736
2018-04-15T03:00:00.000000,8.78567420549947
2018-04-15T04:00:00.000000,9.39158277139599
2018-04-15T05:00:00.000000,8.78567420549947
2018-04-15T06:00:00.000000,8.48271992255121
2018-04-15T07:00:00.000000,8.48271992255121
2018-04-15T08:00:00.000000,8.9371513469736
2018-04-15T09:00:00.000000,7.57385707370644
2018-04-15T10:00:00.000000,6.96794850780992
2018-04-15T11:00:00.000000,8.63419706402534
2018-04-15T12:00:00.000000,8.9371513469736
2018-04-15T13:00:00.000000,8.63419706402534
2018-04-15T14:00:00.000000,8.78567420549947
2018-04-15T15:00:00.000000,8.9371513469736
2018-04-15T16:00:00.000000,8.63419706402534
2018-04-15T17:00:00.000000,8.78567420549947
2018-04-15T18:00:00.000000,8.9371513469736
2018-04-15T19:00:00.000000,8.33124278107709
2018-04-15T20:00:00.000000,9.08862848844773
2018-04-15T21:00:00.000000,9.24010562992186
2018-04-15T22:00:00.000000,9.39158277139599
2018-04-15T23:00:00.000000,10.1489684787666
2018-04-16T00:00:00.000000,10.3004456202408
2018-04-16T00:00:00.000000,10.3004456202408
2018-04-16T01:00:00.000000,10.4161809642884
2018-04-16T02:00:00.000000,9.37456286785957
2018-04-16T03:00:00.000000,9.14309217976427
2018-04-16T04:00:00.000000,10.0689749321455
2018-04-16T05:00:00.000000,9.83750424405016
2018-04-16T06:00:00.000000,9.83750424405016
2018-04-16T07:00:00.000000,8.33294477143073
2018-04-16T08:00:00.000000,9.02735683571662
2018-04-16T09:00:00.000000,7.87000339524013
2018-04-16T10:00:00.000000,9.25882752381192
2018-04-16T11:00:00.000000,9.02735683571662
2018-04-16T12:00:00.000000,8.68015080357367
2018-04-16T13:00:00.000000,9.49029821190722
2018-04-16T14:00:00.000000,8.91162149166897
2018-04-16T15:00:00.000000,9.37456286785957
2018-04-16T16:00:00.000000,8.79588614762132
2018-04-16T17:00:00.000000,9.60603355595487
2018-04-16T18:00:00.000000,9.02735683571662
2018-04-16T19:00:00.000000,9.49029821190722
2018-04-16T20:00:00.000000,10.3004456202408
2018-04-16T21:00:00.000000,9.72176890000251
2018-04-16T22:00:00.000000,9.37456286785957
2018-04-16T23:00:00.000000,9.49029821190722
2018-04-17T00:00:00.000000,9.49029821190722
2018-04-17T01:00:00.000000,9.14309217976427
2018-04-17T02:00:00.000000,9.37456286785957
2018-04-17T03:00:00.000000,8.56441545952603
2018-04-17T04:00:00.000000,9.60603355595487
2018-04-17T05:00:00.000000,9.25882752381192
2018-04-17T06:00:00.000000,9.72176890000251
2018-04-17T07:00:00.000000,8.21720942738308
2018-04-17T08:00:00.000000,9.02735683571662
2018-04-17T09:00:00.000000,9.14309217976427
2018-04-17T10:00:00.000000,8.21720942738308
2018-04-17T11:00:00.000000,8.91162149166897
2018-04-17T12:00:00.000000,8.79588614762132
2018-04-17T13:00:00.000000,8.79588614762132
2018-04-17T14:00:00.000000,9.14309217976427
2018-04-17T15:00:00.000000,9.02735683571662
2018-04-17T16:00:00.000000,8.91162149166897
2018-04-17T17:00:00.000000,8.91162149166897
2018-04-17T18:00:00.000000,8.68015080357367
2018-04-17T19:00:00.000000,9.95323958809781
2018-04-17T20:00:00.000000,10.1847102761931
2018-04-17T21:00:00.000000,9.72176890000251
2018-04-17T22:00:00.000000,9.14309217976427
2018-04-17T23:00:00.000000,9.37456286785957
2018-04-18T00:00:00.000000,9.02735683571662
2018-04-18T01:00:00.000000,9.37456286785957
2018-04-18T02:00:00.000000,9.14309217976427
2018-04-18T03:00:00.000000,8.21720942738308
2018-04-18T04:00:00.000000,9.37456286785957
2018-04-18T05:00:00.000000,9.60603355595487
2018-04-18T06:00:00.000000,8.44868011547838
2018-04-18T07:00:00.000000,8.21720942738308
2018-04-18T08:00:00.000000,8.33294477143073
2018-04-18T09:00:00.000000,7.98573873928778
2018-04-18T10:00:00.000000,7.87000339524013
2018-04-18T11:00:00.000000,8.44868011547838
2018-04-18T12:00:00.000000,9.49029821190722
2018-04-18T13:00:00.000000,9.49029821190722
2018-04-18T14:00:00.000000,9.49029821190722
2018-04-18T15:00:00.000000,8.91162149166897
2018-04-18T16:00:00.000000,9.25882752381192
2018-04-18T17:00:00.000000,9.25882752381192
2018-04-18T18:00:00.000000,8.91162149166897
2018-04-18T19:00:00.000000,9.25882752381192
2018-04-18T20:00:00.000000,10.7633869964314
2018-04-18T21:00:00.000000,10.7633869964314
2018-04-18T22:00:00.000000,9.95323958809781
2018-04-18T23:00:00.000000,10.3004456202408
2018-04-19T00:00:00.000000,9.83750424405016
2018-04-19T01:00:00.000000,9.49029821190722
2018-04-19T02:00:00.000000,10.1847102761931
2018-04-19T03:00:00.000000,9.95323958809781
2018-04-19T04:00:00.000000,10.4161809642884
2018-04-19T05:00:00.000000,9.60603355595487
2018-04-19T06:00:00.000000,8.79588614762132
2018-04-19T07:00:00.000000,8.56441545952603
2018-04-19T08:00:00.000000,8.10147408333543
2018-04-19T09:00:00.000000,8.79588614762132
2018-04-19T10:00:00.000000,9.14309217976427
2018-04-19T11:00:00.000000,8.10147408333543
2018-04-19T12:00:00.000000,8.68015080357367
2018-04-19T13:00:00.000000,8.68015080357367
2018-04-19T14:00:00.000000,9.60603355595487
2018-04-19T15:00:00.000000,9.25882752381192
2018-04-19T16:00:00.000000,9.49029821190722
2018-04-19T17:00:00.000000,8.91162149166897
2018-04-19T18:00:00.000000,9.37456286785957
2018-04-19T19:00:00.000000,9.60603355595487
2018-04-19T20:00:00.000000,10.1847102761931
2018-04-19T21:00:00.000000,11.4577990607172
2018-04-19T22:00:00.000000,9.37456286785957
2018-04-19T23:00:00.000000,9.95323958809781
2018-04-20T00:00:00.000000,9.72176890000251
2018-04-20T01:00:00.000000,9.14309217976427
2018-04-20T02:00:00.000000,9.83750424405016
2018-04-20T03:00:00.000000,8.79588614762132
2018-04-20T04:00:00.000000,10.6476516523837
2018-04-20T05:00:00.000000,9.72176890000251
2018-04-20T06:00:00.000000,8.79588614762132
2018-04-20T07:00:00.000000,8.68015080357367
2018-04-20T08:00:00.000000,9.02735683571662
2018-04-20T09:00:00.000000,8.79588614762132
2018-04-20T10:00:00.000000,8.91162149166897
2018-04-20T11:00:00.000000,10.0689749321455
2018-04-20T12:00:00.000000,9.72176890000251
2018-04-20T13:00:00.000000,9.60603355595487
2018-04-20T14:00:00.000000,9.49029821190722
2018-04-20T15:00:00.000000,9.37456286785957
2018-04-20T16:00:00.000000,9.37456286785957
2018-04-20T17:00:00.000000,9.14309217976427
2018-04-20T18:00:00.000000,9.25882752381192
2018-04-20T19:00:00.000000,9.95323958809781
2018-04-20T20:00:00.000000,10.0689749321455
2018-04-20T21:00:00.000000,10.4161809642884
2018-04-20T22:00:00.000000,11.5735344047649
2018-04-20T23:00:00.000000,11.3420637166696
2018-04-21T00:00:00.000000,10.5319163083361
2018-04-21T01:00:00.000000,10.9948576845267
2018-04-21T02:00:00.000000,9.72176890000251
2018-04-21T03:00:00.000000,10.6476516523837
2018-04-21T04:00:00.000000,11.226328372622
2018-04-21T05:00:00.000000,9.95323958809781
2018-04-21T06:00:00.000000,9.95323958809781
2018-04-21T07:00:00.000000,10.5319163083361
2018-04-21T08:00:00.000000,9.25882752381192
2018-04-21T09:00:00.000000,9.37456286785957
2018-04-21T10:00:00.000000,8.44868011547838
2018-04-21T11:00:00.000000,8.68015080357367
2018-04-21T12:00:00.000000,7.98573873928778
2018-04-21T13:00:00.000000,7.98573873928778
2018-04-21T14:00:00.000000,7.17559133095424
2018-04-21T15:00:00.000000,8.21720942738308
2018-04-21T16:00:00.000000,8.21720942738308
2018-04-21T17:00:00.000000,7.40706201904954
2018-04-21T18:00:00.000000,7.98573873928778
2018-04-21T19:00:00.000000,7.98573873928778
2018-04-21T20:00:00.000000,8.21720942738308
2018-04-21T21:00:00.000000,8.44868011547838
2018-04-21T22:00:00.000000,8.91162149166897
2018-04-21T23:00:00.000000,8.33294477143073
2018-04-22T00:00:00.000000,8.91162149166897
2018-04-22T01:00:00.000000,8.79588614762132
2018-04-22T02:00:00.000000,8.79588614762132
2018-04-22T03:00:00.000000,8.79588614762132
2018-04-22T04:00:00.000000,8.79588614762132
2018-04-22T05:00:00.000000,9.14309217976427
2018-04-22T06:00:00.000000,9.14309217976427
2018-04-22T07:00:00.000000,8.44868011547838
2018-04-22T08:00:00.000000,8.10147408333543
2018-04-22T09:00:00.000000,7.40706201904954
2018-04-22T10:00:00.000000,8.33294477143073
2018-04-22T11:00:00.000000,7.98573873928778
2018-04-22T12:00:00.000000,8.68015080357367
2018-04-22T13:00:00.000000,8.10147408333543
2018-04-22T14:00:00.000000,7.98573873928778
2018-04-22T15:00:00.000000,9.14309217976427
2018-04-22T16:00:00.000000,7.98573873928778
2018-04-22T17:00:00.000000,7.75426805119248
2018-04-22T18:00:00.000000,8.33294477143073
2018-04-22T19:00:00.000000,7.75426805119248
2018-04-22T20:00:00.000000,8.79588614762132
2018-04-22T21:00:00.000000,9.72176890000251
2018-04-22T22:00:00.000000,9.49029821190722
2018-04-22T23:00:00.000000,9.49029821190722
2018-04-23T00:00:00.000000,9.72176890000251
2018-04-23T00:00:00.000000,9.72176890000251
2018-04-23T01:00:00.000000,10.2772985514312
2018-04-23T02:00:00.000000,9.02735683571662
2018-04-23T03:00:00.000000,9.99953372571687
2018-04-23T04:00:00.000000,10.4161809642884
2018-04-23T05:00:00.000000,8.74959201000226
2018-04-23T06:00:00.000000,9.86065131285969
2018-04-23T07:00:00.000000,9.30512166143098
2018-04-23T08:00:00.000000,9.30512166143098
2018-04-23T09:00:00.000000,8.33294477143073
2018-04-23T10:00:00.000000,9.72176890000251
2018-04-23T11:00:00.000000,9.72176890000251
2018-04-23T12:00:00.000000,9.86065131285969
2018-04-23T13:00:00.000000,8.74959201000226
2018-04-23T14:00:00.000000,9.1662392485738
2018-04-23T15:00:00.000000,8.74959201000226
2018-04-23T16:00:00.000000,9.1662392485738
2018-04-23T17:00:00.000000,9.30512166143098
2018-04-23T18:00:00.000000,9.44400407428816
2018-04-23T19:00:00.000000,9.1662392485738
2018-04-23T20:00:00.000000,9.86065131285969
2018-04-23T21:00:00.000000,10.9717106157171
2018-04-23T22:00:00.000000,9.99953372571687
2018-04-23T23:00:00.000000,10.2772985514312
2018-04-24T00:00:00.000000,10.5550633771456
2018-04-24T01:00:00.000000,11.8050050928602
2018-04-24T02:00:00.000000,12.2216523314317
2018-04-24T03:00:00.000000,11.9438875057174
2018-04-24T04:00:00.000000,13.0549468085748
2018-04-24T05:00:00.000000,11.5272402671458
2018-04-24T06:00:00.000000,10.6939457900028
2018-04-24T07:00:00.000000,10.8328282028599
2018-04-24T08:00:00.000000,9.58288648714534
2018-04-24T09:00:00.000000,10.2772985514312
2018-04-24T10:00:00.000000,10.6939457900028
2018-04-24T11:00:00.000000,10.6939457900028
2018-04-24T12:00:00.000000,10.2772985514312
2018-04-24T13:00:00.000000,11.1105930285743
2018-04-24T14:00:00.000000,10.6939457900028
2018-04-24T15:00:00.000000,11.1105930285743
2018-04-24T16:00:00.000000,10.6939457900028
2018-04-24T17:00:00.000000,10.9717106157171
2018-04-24T18:00:00.000000,10.2772985514312
2018-04-24T19:00:00.000000,11.1105930285743
2018-04-24T20:00:00.000000,11.1105930285743
2018-04-24T21:00:00.000000,13.0549468085748
2018-04-24T22:00:00.000000,13.8882412857179
2018-04-24T23:00:00.000000,12.3605347442889
2018-04-25T00:00:00.000000,12.0827699185746
2018-04-25T01:00:00.000000,10.6939457900028
2018-04-25T02:00:00.000000,12.0827699185746
2018-04-25T03:00:00.000000,12.0827699185746
2018-04-25T04:00:00.000000,12.6382995700033
2018-04-25T05:00:00.000000,11.2494754414315
2018-04-25T06:00:00.000000,10.9717106157171
2018-04-25T07:00:00.000000,9.58288648714534
2018-04-25T08:00:00.000000,9.30512166143098
2018-04-25T09:00:00.000000,9.58288648714534
2018-04-25T10:00:00.000000,11.9438875057174
2018-04-25T11:00:00.000000,10.9717106157171
2018-04-25T12:00:00.000000,9.44400407428816
2018-04-25T13:00:00.000000,10.4161809642884
2018-04-25T14:00:00.000000,11.2494754414315
2018-04-25T15:00:00.000000,10.2772985514312
2018-04-25T16:00:00.000000,10.5550633771456
2018-04-25T17:00:00.000000,9.72176890000251
2018-04-25T18:00:00.000000,9.1662392485738
2018-04-25T19:00:00.000000,9.1662392485738
2018-04-25T20:00:00.000000,9.58288648714534
2018-04-25T21:00:00.000000,9.86065131285969
2018-04-25T22:00:00.000000,9.58288648714534
2018-04-25T23:00:00.000000,10.1384161385741
2018-04-26T00:00:00.000000,9.99953372571687
2018-04-26T01:00:00.000000,9.02735683571662
2018-04-26T02:00:00.000000,9.44400407428816
2018-04-26T03:00:00.000000,10.2772985514312
2018-04-26T04:00:00.000000,9.58288648714534
2018-04-26T05:00:00.000000,9.99953372571687
2018-04-26T06:00:00.000000,8.47182718428791
2018-04-26T07:00:00.000000,8.88847442285944
2018-04-26T08:00:00.000000,8.05517994571637
2018-04-26T09:00:00.000000,8.05517994571637
2018-04-26T10:00:00.000000,8.19406235857355
2018-04-26T11:00:00.000000,8.19406235857355
2018-04-26T12:00:00.000000,8.33294477143073
2018-04-26T13:00:00.000000,8.74959201000226
2018-04-26T14:00:00.000000,8.47182718428791
2018-04-26T15:00:00.000000,9.02735683571662
2018-04-26T16:00:00.000000,8.19406235857355
2018-04-26T17:00:00.000000,8.33294477143073
2018-04-26T18:00:00.000000,8.33294477143073
2018-04-26T19:00:00.000000,9.02735683571662
2018-04-26T20:00:00.000000,10.1384161385741
2018-04-26T21:00:00.000000,9.72176890000251
2018-04-26T22:00:00.000000,9.72176890000251
2018-04-26T23:00:00.000000,10.6939457900028
2018-04-27T00:00:00.000000,9.44400407428816
2018-04-27T01:00:00.000000,9.99953372571687
2018-04-27T02:00:00.000000,9.58288648714534
2018-04-27T03:00:00.000000,9.72176890000251
2018-04-27T04:00:00.000000,9.86065131285969
2018-04-27T05:00:00.000000,8.74959201000226
2018-04-27T06:00:00.000000,8.19406235857355
2018-04-27T07:00:00.000000,8.61070959714509
2018-04-27T08:00:00.000000,7.49965029428765
2018-04-27T09:00:00.000000,8.05517994571637
2018-04-27T10:00:00.000000,8.33294477143073
2018-04-27T11:00:00.000000,8.61070959714509
2018-04-27T12:00:00.000000,7.77741512000201
2018-04-27T13:00:00.000000,7.49965029428765
2018-04-27T14:00:00.000000,8.05517994571637
2018-04-27T15:00:00.000000,8.33294477143073
2018-04-27T16:00:00.000000,8.33294477143073
2018-04-27T17:00:00.000000,8.88847442285944
2018-04-27T18:00:00.000000,7.91629753285919
2018-04-27T19:00:00.000000,7.91629753285919
2018-04-27T20:00:00.000000,8.19406235857355
2018-04-27T21:00:00.000000,9.44400407428816
2018-04-27T22:00:00.000000,8.61070959714509
2018-04-27T23:00:00.000000,9.02735683571662
2018-04-28T00:00:00.000000,8.47182718428791
2018-04-28T01:00:00.000000,8.47182718428791
2018-04-28T02:00:00.000000,8.05517994571637
2018-04-28T03:00:00.000000,8.61070959714509
2018-04-28T04:00:00.000000,8.47182718428791
2018-04-28T05:00:00.000000,7.91629753285919
2018-04-28T06:00:00.000000,8.05517994571637
2018-04-28T07:00:00.000000,7.49965029428765
2018-04-28T08:00:00.000000,7.36076788143048
2018-04-28T09:00:00.000000,7.08300305571612
2018-04-28T10:00:00.000000,7.2218854685733
2018-04-28T11:00:00.000000,6.80523823000176
2018-04-28T12:00:00.000000,6.24970857857304
2018-04-28T13:00:00.000000,7.08300305571612
2018-04-28T14:00:00.000000,7.63853270714483
2018-04-28T15:00:00.000000,7.08300305571612
2018-04-28T16:00:00.000000,7.49965029428765
2018-04-28T17:00:00.000000,6.5274734042874
2018-04-28T18:00:00.000000,7.08300305571612
2018-04-28T19:00:00.000000,7.08300305571612
2018-04-28T20:00:00.000000,8.19406235857355
2018-04-28T21:00:00.000000,8.19406235857355
2018-04-28T22:00:00.000000,8.88847442285944
2018-04-28T23:00:00.000000,8.33294477143073
2018-04-29T00:00:00.000000,7.91629753285919
2018-04-29T01:00:00.000000,8.47182718428791
2018-04-29T02:00:00.000000,8.19406235857355
2018-04-29T03:00:00.000000,9.58288648714534
2018-04-29T04:00:00.000000,8.61070959714509
2018-04-29T05:00:00.000000,8.47182718428791
2018-04-29T06:00:00.000000,7.77741512000201
2018-04-29T07:00:00.000000,8.05517994571637
2018-04-29T08:00:00.000000,8.05517994571637
2018-04-29T09:00:00.000000,8.05517994571637
2018-04-29T10:00:00.000000,7.08300305571612
2018-04-29T11:00:00.000000,6.66635581714458
2018-04-29T12:00:00.000000,7.36076788143048
2018-04-29T13:00:00.000000,7.08300305571612
2018-04-29T14:00:00.000000,7.08300305571612
2018-04-29T15:00:00.000000,6.66635581714458
2018-04-29T16:00:00.000000,6.5274734042874
2018-04-29T17:00:00.000000,6.5274734042874
2018-04-29T18:00:00.000000,7.08300305571612
2018-04-29T19:00:00.000000,6.80523823000176
2018-04-29T20:00:00.000000,7.91629753285919
2018-04-29T21:00:00.000000,7.91629753285919
2018-04-29T22:00:00.000000,8.88847442285944
2018-04-29T23:00:00.000000,9.30512166143098
2018-04-30T00:00:00.000000,8.19406235857355
2018-04-30T00:00:00.000000,8.19406235857355
2018-04-30T01:00:00.000000,7.35364570641216
2018-04-30T02:00:00.000000,8.08901027705337
2018-04-30T03:00:00.000000,9.34963525529546
2018-04-30T04:00:00.000000,9.45468733681563
2018-04-30T05:00:00.000000,8.82437484769459
2018-04-30T06:00:00.000000,8.19406235857355
2018-04-30T07:00:00.000000,8.08901027705337
2018-04-30T08:00:00.000000,7.77385403249285
2018-04-30T09:00:00.000000,7.24859362489199
2018-04-30T10:00:00.000000,7.77385403249285
2018-04-30T11:00:00.000000,7.87890611401303
2018-04-30T12:00:00.000000,7.24859362489199
2018-04-30T13:00:00.000000,8.29911444009372
2018-04-30T14:00:00.000000,8.71932276617442
2018-04-30T15:00:00.000000,7.45869778793233
2018-04-30T16:00:00.000000,8.19406235857355
2018-04-30T17:00:00.000000,7.45869778793233
2018-04-30T18:00:00.000000,7.77385403249285
2018-04-30T19:00:00.000000,7.45869778793233
2018-04-30T20:00:00.000000,8.4041665216139
2018-04-30T21:00:00.000000,8.29911444009372
2018-04-30T22:00:00.000000,8.71932276617442
2018-04-30T23:00:00.000000,9.34963525529546
2018-05-01T00:00:00.000000,9.13953109225511
2018-05-01T01:00:00.000000,9.76984358137615
2018-05-01T02:00:00.000000,8.71932276617442
2018-05-01T03:00:00.000000,8.92942692921476
2018-05-01T04:00:00.000000,9.24458317377529
2018-05-01T05:00:00.000000,9.24458317377529
2018-05-01T06:00:00.000000,8.82437484769459
2018-05-01T07:00:00.000000,8.29911444009372
2018-05-01T08:00:00.000000,7.87890611401303
2018-05-01T09:00:00.000000,7.03848946185164
2018-05-01T10:00:00.000000,7.56374986945251
2018-05-01T11:00:00.000000,7.56374986945251
2018-05-01T12:00:00.000000,8.4041665216139
2018-05-01T13:00:00.000000,7.14354154337181
2018-05-01T14:00:00.000000,8.4041665216139
2018-05-01T15:00:00.000000,8.08901027705337
2018-05-01T16:00:00.000000,7.03848946185164
2018-05-01T17:00:00.000000,7.03848946185164
2018-05-01T18:00:00.000000,7.14354154337181
2018-05-01T19:00:00.000000,7.35364570641216
2018-05-01T20:00:00.000000,7.24859362489199
2018-05-01T21:00:00.000000,8.50921860313407
2018-05-01T22:00:00.000000,9.13953109225511
2018-05-01T23:00:00.000000,8.29911444009372
2018-05-02T00:00:00.000000,8.19406235857355
2018-05-02T01:00:00.000000,7.66880195097268
2018-05-02T02:00:00.000000,10.295103988977
2018-05-02T03:00:00.000000,8.50921860313407
2018-05-02T04:00:00.000000,8.29911444009372
2018-05-02T05:00:00.000000,8.08901027705337
2018-05-02T06:00:00.000000,7.45869778793233
2018-05-02T07:00:00.000000,7.35364570641216
2018-05-02T08:00:00.000000,7.14354154337181
2018-05-02T09:00:00.000000,6.72333321729112
2018-05-02T10:00:00.000000,7.77385403249285
2018-05-02T11:00:00.000000,6.93343738033146
2018-05-02T12:00:00.000000,7.14354154337181
2018-05-02T13:00:00.000000,7.66880195097268
2018-05-02T14:00:00.000000,7.9839581955332
2018-05-02T15:00:00.000000,7.87890611401303
2018-05-02T16:00:00.000000,7.14354154337181
2018-05-02T17:00:00.000000,7.24859362489199
2018-05-02T18:00:00.000000,7.45869778793233
2018-05-02T19:00:00.000000,7.35364570641216
2018-05-02T20:00:00.000000,7.87890611401303
2018-05-02T21:00:00.000000,8.29911444009372
2018-05-02T22:00:00.000000,8.50921860313407
2018-05-02T23:00:00.000000,8.82437484769459
2018-05-03T00:00:00.000000,8.29911444009372
2018-05-03T01:00:00.000000,7.66880195097268
2018-05-03T02:00:00.000000,9.34963525529546
2018-05-03T03:00:00.000000,8.92942692921476
2018-05-03T04:00:00.000000,8.50921860313407
2018-05-03T05:00:00.000000,9.13953109225511
2018-05-03T06:00:00.000000,8.4041665216139
2018-05-03T07:00:00.000000,6.82838529881129
2018-05-03T08:00:00.000000,7.35364570641216
2018-05-03T09:00:00.000000,7.24859362489199
2018-05-03T10:00:00.000000,7.77385403249285
2018-05-03T11:00:00.000000,7.35364570641216
2018-05-03T12:00:00.000000,7.56374986945251
2018-05-03T13:00:00.000000,8.08901027705337
2018-05-03T14:00:00.000000,9.03447901073494
2018-05-03T15:00:00.000000,8.50921860313407
2018-05-03T16:00:00.000000,8.61427068465424
2018-05-03T17:00:00.000000,9.13953109225511
2018-05-03T18:00:00.000000,9.87489566289633
2018-05-03T19:00:00.000000,9.76984358137615
2018-05-03T20:00:00.000000,10.0849998259367
2018-05-03T21:00:00.000000,9.66479149985598
2018-05-03T22:00:00.000000,9.66479149985598
2018-05-03T23:00:00.000000,10.5052081520174
2018-05-04T00:00:00.000000,9.87489566289633
2018-05-04T01:00:00.000000,8.71932276617442
2018-05-04T02:00:00.000000,8.08901027705337
2018-05-04T03:00:00.000000,9.55973941833581
2018-05-04T04:00:00.000000,8.71932276617442
2018-05-04T05:00:00.000000,8.61427068465424
2018-05-04T06:00:00.000000,8.61427068465424
2018-05-04T07:00:00.000000,8.29911444009372
2018-05-04T08:00:00.000000,8.50921860313407
2018-05-04T09:00:00.000000,8.29911444009372
2018-05-04T10:00:00.000000,8.29911444009372
2018-05-04T11:00:00.000000,8.29911444009372
2018-05-04T12:00:00.000000,8.50921860313407
2018-05-04T13:00:00.000000,8.4041665216139
2018-05-04T14:00:00.000000,8.4041665216139
2018-05-04T15:00:00.000000,8.4041665216139
2018-05-04T16:00:00.000000,7.56374986945251
2018-05-04T17:00:00.000000,7.14354154337181
2018-05-04T18:00:00.000000,7.35364570641216
2018-05-04T19:00:00.000000,8.29911444009372
2018-05-04T20:00:00.000000,8.29911444009372
2018-05-04T21:00:00.000000,8.29911444009372
2018-05-04T22:00:00.000000,8.29911444009372
2018-05-04T23:00:00.000000,9.13953109225511
2018-05-05T00:00:00.000000,8.29911444009372
2018-05-05T01:00:00.000000,8.92942692921476
2018-05-05T02:00:00.000000,8.29911444009372
2018-05-05T03:00:00.000000,8.50921860313407
2018-05-05T04:00:00.000000,9.03447901073494
2018-05-05T05:00:00.000000,9.13953109225511
2018-05-05T06:00:00.000000,8.71932276617442
2018-05-05T07:00:00.000000,7.87890611401303
2018-05-05T08:00:00.000000,7.66880195097268
2018-05-05T09:00:00.000000,8.29911444009372
2018-05-05T10:00:00.000000,8.82437484769459
2018-05-05T11:00:00.000000,8.4041665216139
2018-05-05T12:00:00.000000,7.87890611401303
2018-05-05T13:00:00.000000,8.29911444009372
2018-05-05T14:00:00.000000,8.29911444009372
2018-05-05T15:00:00.000000,8.4041665216139
2018-05-05T16:00:00.000000,7.87890611401303
2018-05-05T17:00:00.000000,7.87890611401303
2018-05-05T18:00:00.000000,7.87890611401303
2018-05-05T19:00:00.000000,7.56374986945251
2018-05-05T20:00:00.000000,7.9839581955332
2018-05-05T21:00:00.000000,8.4041665216139
2018-05-05T22:00:00.000000,8.50921860313407
2018-05-05T23:00:00.000000,8.19406235857355
2018-05-06T00:00:00.000000,8.61427068465424
2018-05-06T01:00:00.000000,9.45468733681563
2018-05-06T02:00:00.000000,8.82437484769459
2018-05-06T03:00:00.000000,8.29911444009372
2018-05-06T04:00:00.000000,8.50921860313407
2018-05-06T05:00:00.000000,7.66880195097268
2018-05-06T06:00:00.000000,8.82437484769459
2018-05-06T07:00:00.000000,7.56374986945251
2018-05-06T08:00:00.000000,7.87890611401303
2018-05-06T09:00:00.000000,7.66880195097268
2018-05-06T10:00:00.000000,7.24859362489199
2018-05-06T11:00:00.000000,7.35364570641216
2018-05-06T12:00:00.000000,7.87890611401303
2018-05-06T13:00:00.000000,7.45869778793233
2018-05-06T14:00:00.000000,7.14354154337181
2018-05-06T15:00:00.000000,7.45869778793233
2018-05-06T16:00:00.000000,6.72333321729112
2018-05-06T17:00:00.000000,7.03848946185164
2018-05-06T18:00:00.000000,6.61828113577094
2018-05-06T19:00:00.000000,6.61828113577094
2018-05-06T20:00:00.000000,7.24859362489199
2018-05-06T21:00:00.000000,7.87890611401303
2018-05-06T22:00:00.000000,8.4041665216139
2018-05-06T23:00:00.000000,8.61427068465424
2018-05-07T00:00:00.000000,7.56374986945251
2018-05-07T00:00:00.000000,7.56374986945251
2018-05-07T01:00:00.000000,8.4946729303082
2018-05-07T02:00:00.000000,9.89105752159174
2018-05-07T03:00:00.000000,8.37830754770124
2018-05-07T04:00:00.000000,8.61103831291516
2018-05-07T05:00:00.000000,8.26194216509428
2018-05-07T06:00:00.000000,7.91284601727339
2018-05-07T07:00:00.000000,7.44738448684555
2018-05-07T08:00:00.000000,8.02921139988035
2018-05-07T09:00:00.000000,7.33101910423858
2018-05-07T10:00:00.000000,7.68011525205947
2018-05-07T11:00:00.000000,7.44738448684555
2018-05-07T12:00:00.000000,8.14557678248731
2018-05-07T13:00:00.000000,7.91284601727339
2018-05-07T14:00:00.000000,8.61103831291516
2018-05-07T15:00:00.000000,8.37830754770124
2018-05-07T16:00:00.000000,8.14557678248731
2018-05-07T17:00:00.000000,8.61103831291516
2018-05-07T18:00:00.000000,8.72740369552212
2018-05-07T19:00:00.000000,8.72740369552212
2018-05-07T20:00:00.000000,9.65832675637782
2018-05-07T21:00:00.000000,8.4946729303082
2018-05-07T22:00:00.000000,9.07649984334301
2018-05-07T23:00:00.000000,8.84376907812908
2018-05-08T00:00:00.000000,8.84376907812908
2018-05-08T01:00:00.000000,8.14557678248731
2018-05-08T02:00:00.000000,8.61103831291516
2018-05-08T03:00:00.000000,9.19286522594997
2018-05-08T04:00:00.000000,8.96013446073605
2018-05-08T05:00:00.000000,9.30923060855693
2018-05-08T06:00:00.000000,8.02921139988035
2018-05-08T07:00:00.000000,7.79648063466643
2018-05-08T08:00:00.000000,7.21465372163162
2018-05-08T09:00:00.000000,6.9819229564177
2018-05-08T10:00:00.000000,7.68011525205947
2018-05-08T11:00:00.000000,8.14557678248731
2018-05-08T12:00:00.000000,8.61103831291516
2018-05-08T13:00:00.000000,8.02921139988035
2018-05-08T14:00:00.000000,8.26194216509428
2018-05-08T15:00:00.000000,8.26194216509428
2018-05-08T16:00:00.000000,7.91284601727339
2018-05-08T17:00:00.000000,8.14557678248731
2018-05-08T18:00:00.000000,8.02921139988035
2018-05-08T19:00:00.000000,7.68011525205947
2018-05-08T20:00:00.000000,8.14557678248731
2018-05-08T21:00:00.000000,8.61103831291516
2018-05-08T22:00:00.000000,8.72740369552212
2018-05-08T23:00:00.000000,8.02921139988035
2018-05-09T00:00:00.000000,9.54196137377086
2018-05-09T01:00:00.000000,8.61103831291516
2018-05-09T02:00:00.000000,8.4946729303082
2018-05-09T03:00:00.000000,9.30923060855693
2018-05-09T04:00:00.000000,9.54196137377086
2018-05-09T05:00:00.000000,9.07649984334301
2018-05-09T06:00:00.000000,7.56374986945251
2018-05-09T07:00:00.000000,8.02921139988035
2018-05-09T08:00:00.000000,7.09828833902466
2018-05-09T09:00:00.000000,6.9819229564177
2018-05-09T10:00:00.000000,7.09828833902466
2018-05-09T11:00:00.000000,6.51646142598985
2018-05-09T12:00:00.000000,7.09828833902466
2018-05-09T13:00:00.000000,7.79648063466643
2018-05-09T14:00:00.000000,7.68011525205947
2018-05-09T15:00:00.000000,8.02921139988035
2018-05-09T16:00:00.000000,7.68011525205947
2018-05-09T17:00:00.000000,7.68011525205947
2018-05-09T18:00:00.000000,7.44738448684555
2018-05-09T19:00:00.000000,7.68011525205947
2018-05-09T20:00:00.000000,7.56374986945251
2018-05-09T21:00:00.000000,8.84376907812908
2018-05-09T22:00:00.000000,8.72740369552212
2018-05-09T23:00:00.000000,7.44738448684555
2018-05-10T00:00:00.000000,7.21465372163162
2018-05-10T01:00:00.000000,8.37830754770124
2018-05-10T02:00:00.000000,7.91284601727339
2018-05-10T03:00:00.000000,7.68011525205947
2018-05-10T04:00:00.000000,7.91284601727339
2018-05-10T05:00:00.000000,7.56374986945251
2018-05-10T06:00:00.000000,7.21465372163162
2018-05-10T07:00:00.000000,6.86555757381074
2018-05-10T08:00:00.000000,6.86555757381074
2018-05-10T09:00:00.000000,7.44738448684555
2018-05-10T10:00:00.000000,6.86555757381074
2018-05-10T11:00:00.000000,6.9819229564177
2018-05-10T12:00:00.000000,7.21465372163162
2018-05-10T13:00:00.000000,6.86555757381074
2018-05-10T14:00:00.000000,6.86555757381074
2018-05-10T15:00:00.000000,6.86555757381074
2018-05-10T16:00:00.000000,6.74919219120377
2018-05-10T17:00:00.000000,8.02921139988035
2018-05-10T18:00:00.000000,9.30923060855693
2018-05-10T19:00:00.000000,11.2874421128753
2018-05-10T20:00:00.000000,9.54196137377086
2018-05-10T21:00:00.000000,9.07649984334301
2018-05-10T22:00:00.000000,8.37830754770124
2018-05-10T23:00:00.000000,8.72740369552212
2018-05-11T00:00:00.000000,10.3565190520196
2018-05-11T01:00:00.000000,9.65832675637782
2018-05-11T02:00:00.000000,8.61103831291516
2018-05-11T03:00:00.000000,9.42559599116389
2018-05-11T04:00:00.000000,8.4946729303082
2018-05-11T05:00:00.000000,8.61103831291516
2018-05-11T06:00:00.000000,8.4946729303082
2018-05-11T07:00:00.000000,9.54196137377086
2018-05-11T08:00:00.000000,8.84376907812908
2018-05-11T09:00:00.000000,9.07649984334301
2018-05-11T10:00:00.000000,8.14557678248731
2018-05-11T11:00:00.000000,9.89105752159174
2018-05-11T12:00:00.000000,10.5892498172335
2018-05-11T13:00:00.000000,10.0074229041987
2018-05-11T14:00:00.000000,8.72740369552212
2018-05-11T15:00:00.000000,8.72740369552212
2018-05-11T16:00:00.000000,9.07649984334301
2018-05-11T17:00:00.000000,8.4946729303082
2018-05-11T18:00:00.000000,8.61103831291516
2018-05-11T19:00:00.000000,8.96013446073605
2018-05-11T20:00:00.000000,10.4728844346265
2018-05-11T21:00:00.000000,11.6365382606962
2018-05-11T22:00:00.000000,9.77469213898478
2018-05-11T23:00:00.000000,9.19286522594997
2018-05-12T00:00:00.000000,8.84376907812908
2018-05-12T01:00:00.000000,7.44738448684555
2018-05-12T02:00:00.000000,7.91284601727339
2018-05-12T03:00:00.000000,8.61103831291516
2018-05-12T04:00:00.000000,8.37830754770124
2018-05-12T05:00:00.000000,8.72740369552212
2018-05-12T06:00:00.000000,9.89105752159174
2018-05-12T07:00:00.000000,8.02921139988035
2018-05-12T08:00:00.000000,7.56374986945251
2018-05-12T09:00:00.000000,8.4946729303082
2018-05-12T10:00:00.000000,7.56374986945251
2018-05-12T11:00:00.000000,7.33101910423858
2018-05-12T12:00:00.000000,7.33101910423858
2018-05-12T13:00:00.000000,7.21465372163162
2018-05-12T14:00:00.000000,7.09828833902466
2018-05-12T15:00:00.000000,6.86555757381074
2018-05-12T16:00:00.000000,6.74919219120377
2018-05-12T17:00:00.000000,6.86555757381074
2018-05-12T18:00:00.000000,6.86555757381074
2018-05-12T19:00:00.000000,7.21465372163162
2018-05-12T20:00:00.000000,6.63282680859681
2018-05-12T21:00:00.000000,7.21465372163162
2018-05-12T22:00:00.000000,6.9819229564177
2018-05-12T23:00:00.000000,7.79648063466643
2018-05-13T00:00:00.000000,7.91284601727339
2018-05-13T01:00:00.000000,6.40009604338289
2018-05-13T02:00:00.000000,7.21465372163162
2018-05-13T03:00:00.000000,6.9819229564177
2018-05-13T04:00:00.000000,7.21465372163162
2018-05-13T05:00:00.000000,7.09828833902466
2018-05-13T06:00:00.000000,6.86555757381074
2018-05-13T07:00:00.000000,6.63282680859681
2018-05-13T08:00:00.000000,6.40009604338289
2018-05-13T09:00:00.000000,6.86555757381074
2018-05-13T10:00:00.000000,5.93463451295504
2018-05-13T11:00:00.000000,6.28373066077593
2018-05-13T12:00:00.000000,7.33101910423858
2018-05-13T13:00:00.000000,6.050999895562
2018-05-13T14:00:00.000000,5.81826913034808
2018-05-13T15:00:00.000000,6.51646142598985
2018-05-13T16:00:00.000000,6.9819229564177
2018-05-13T17:00:00.000000,6.74919219120377
2018-05-13T18:00:00.000000,7.09828833902466
2018-05-13T19:00:00.000000,6.9819229564177
2018-05-13T20:00:00.000000,7.09828833902466
2018-05-13T21:00:00.000000,8.26194216509428
2018-05-13T22:00:00.000000,8.72740369552212
2018-05-13T23:00:00.000000,8.84376907812908
2018-05-14T00:00:00.000000,8.26194216509428
2018-05-14T00:00:00.000000,8.26194216509428
2018-05-14T01:00:00.000000,7.67874624755821
2018-05-14T02:00:00.000000,8.16474284550493
2018-05-14T03:00:00.000000,8.35914148468362
2018-05-14T04:00:00.000000,8.747938763041
2018-05-14T05:00:00.000000,8.06754352591559
2018-05-14T06:00:00.000000,7.77594556714756
2018-05-14T07:00:00.000000,7.97034420632624
2018-05-14T08:00:00.000000,7.38714828879018
2018-05-14T09:00:00.000000,7.38714828879018
2018-05-14T10:00:00.000000,7.38714828879018
2018-05-14T11:00:00.000000,7.28994896920083
2018-05-14T12:00:00.000000,7.58154692796887
2018-05-14T13:00:00.000000,6.90115169084345
2018-05-14T14:00:00.000000,8.26194216509428
2018-05-14T15:00:00.000000,8.26194216509428
2018-05-14T16:00:00.000000,8.06754352591559
2018-05-14T17:00:00.000000,6.90115169084345
2018-05-14T18:00:00.000000,8.35914148468362
2018-05-14T19:00:00.000000,7.38714828879018
2018-05-14T20:00:00.000000,9.52553331975575
2018-05-14T21:00:00.000000,9.13673604139838
2018-05-14T22:00:00.000000,9.42833400016641
2018-05-14T23:00:00.000000,9.03953672180903
2018-05-15T00:00:00.000000,8.06754352591559
2018-05-15T01:00:00.000000,7.8731448867369
2018-05-15T02:00:00.000000,8.06754352591559
2018-05-15T03:00:00.000000,7.97034420632624
2018-05-15T04:00:00.000000,7.8731448867369
2018-05-15T05:00:00.000000,7.19274964961149
2018-05-15T06:00:00.000000,7.19274964961149
2018-05-15T07:00:00.000000,7.8731448867369
2018-05-15T08:00:00.000000,7.28994896920083
2018-05-15T09:00:00.000000,6.60955373207542
2018-05-15T10:00:00.000000,7.28994896920083
2018-05-15T11:00:00.000000,7.28994896920083
2018-05-15T12:00:00.000000,7.09555033002214
2018-05-15T13:00:00.000000,7.67874624755821
2018-05-15T14:00:00.000000,7.38714828879018
2018-05-15T15:00:00.000000,7.67874624755821
2018-05-15T16:00:00.000000,7.97034420632624
2018-05-15T17:00:00.000000,7.28994896920083
2018-05-15T18:00:00.000000,7.58154692796887
2018-05-15T19:00:00.000000,7.58154692796887
2018-05-15T20:00:00.000000,7.77594556714756
2018-05-15T21:00:00.000000,8.84513808263034
2018-05-15T22:00:00.000000,8.16474284550493
2018-05-15T23:00:00.000000,8.16474284550493
2018-05-16T00:00:00.000000,8.16474284550493
2018-05-16T01:00:00.000000,8.65073944345165
2018-05-16T02:00:00.000000,8.94233740221969
2018-05-16T03:00:00.000000,9.71993195893444
2018-05-16T04:00:00.000000,8.94233740221969
2018-05-16T05:00:00.000000,8.35914148468362
2018-05-16T06:00:00.000000,7.97034420632624
2018-05-16T07:00:00.000000,7.58154692796887
2018-05-16T08:00:00.000000,6.80395237125411
2018-05-16T09:00:00.000000,7.28994896920083
2018-05-16T10:00:00.000000,6.9983510104328
2018-05-16T11:00:00.000000,7.38714828879018
2018-05-16T12:00:00.000000,6.60955373207542
2018-05-16T13:00:00.000000,7.67874624755821
2018-05-16T14:00:00.000000,8.06754352591559
2018-05-16T15:00:00.000000,7.58154692796887
2018-05-16T16:00:00.000000,7.77594556714756
2018-05-16T17:00:00.000000,7.09555033002214
2018-05-16T18:00:00.000000,7.09555033002214
2018-05-16T19:00:00.000000,7.38714828879018
2018-05-16T20:00:00.000000,7.58154692796887
2018-05-16T21:00:00.000000,7.97034420632624
2018-05-16T22:00:00.000000,8.45634080427296
2018-05-16T23:00:00.000000,7.8731448867369
2018-05-17T00:00:00.000000,7.67874624755821
2018-05-17T01:00:00.000000,6.9983510104328
2018-05-17T02:00:00.000000,7.38714828879018
2018-05-17T03:00:00.000000,7.67874624755821
2018-05-17T04:00:00.000000,8.16474284550493
2018-05-17T05:00:00.000000,7.38714828879018
2018-05-17T06:00:00.000000,7.09555033002214
2018-05-17T07:00:00.000000,7.09555033002214
2018-05-17T08:00:00.000000,6.80395237125411
2018-05-17T09:00:00.000000,6.90115169084345
2018-05-17T10:00:00.000000,6.80395237125411
2018-05-17T11:00:00.000000,6.70675305166477
2018-05-17T12:00:00.000000,6.80395237125411
2018-05-17T13:00:00.000000,6.70675305166477
2018-05-17T14:00:00.000000,6.80395237125411
2018-05-17T15:00:00.000000,6.70675305166477
2018-05-17T16:00:00.000000,6.9983510104328
2018-05-17T17:00:00.000000,7.19274964961149
2018-05-17T18:00:00.000000,6.9983510104328
2018-05-17T19:00:00.000000,7.67874624755821
2018-05-17T20:00:00.000000,8.35914148468362
2018-05-17T21:00:00.000000,9.03953672180903
2018-05-17T22:00:00.000000,9.6227326393451
2018-05-17T23:00:00.000000,8.55354012386231
2018-05-18T00:00:00.000000,9.33113468057707
2018-05-18T01:00:00.000000,9.52553331975575
2018-05-18T02:00:00.000000,8.84513808263034
2018-05-18T03:00:00.000000,8.747938763041
2018-05-18T04:00:00.000000,8.35914148468362
2018-05-18T05:00:00.000000,8.55354012386231
2018-05-18T06:00:00.000000,7.48434760837952
2018-05-18T07:00:00.000000,7.48434760837952
2018-05-18T08:00:00.000000,6.80395237125411
2018-05-18T09:00:00.000000,6.70675305166477
2018-05-18T10:00:00.000000,7.58154692796887
2018-05-18T11:00:00.000000,6.80395237125411
2018-05-18T12:00:00.000000,6.90115169084345
2018-05-18T13:00:00.000000,6.70675305166477
2018-05-18T14:00:00.000000,7.09555033002214
2018-05-18T15:00:00.000000,6.9983510104328
2018-05-18T16:00:00.000000,6.80395237125411
2018-05-18T17:00:00.000000,6.9983510104328
2018-05-18T18:00:00.000000,6.70675305166477
2018-05-18T19:00:00.000000,7.48434760837952
2018-05-18T20:00:00.000000,7.28994896920083
2018-05-18T21:00:00.000000,8.16474284550493
2018-05-18T22:00:00.000000,6.80395237125411
2018-05-18T23:00:00.000000,7.77594556714756
2018-05-19T00:00:00.000000,6.80395237125411
2018-05-19T01:00:00.000000,6.9983510104328
2018-05-19T02:00:00.000000,6.80395237125411
2018-05-19T03:00:00.000000,6.51235441248608
2018-05-19T04:00:00.000000,6.9983510104328
2018-05-19T05:00:00.000000,6.51235441248608
2018-05-19T06:00:00.000000,6.31795577330739
2018-05-19T07:00:00.000000,6.22075645371804
2018-05-19T08:00:00.000000,6.41515509289673
2018-05-19T09:00:00.000000,6.02635781453935
2018-05-19T10:00:00.000000,5.44316189700329
2018-05-19T11:00:00.000000,5.34596257741394
2018-05-19T12:00:00.000000,5.54036121659263
2018-05-19T13:00:00.000000,5.54036121659263
2018-05-19T14:00:00.000000,6.02635781453935
2018-05-19T15:00:00.000000,5.92915849495001
2018-05-19T16:00:00.000000,5.83195917536067
2018-05-19T17:00:00.000000,5.63756053618198
2018-05-19T18:00:00.000000,5.92915849495001
2018-05-19T19:00:00.000000,5.92915849495001
2018-05-19T20:00:00.000000,6.31795577330739
2018-05-19T21:00:00.000000,6.9983510104328
2018-05-19T22:00:00.000000,6.22075645371804
2018-05-19T23:00:00.000000,6.51235441248608
2018-05-20T00:00:00.000000,6.70675305166477
2018-05-20T01:00:00.000000,6.51235441248608
2018-05-20T02:00:00.000000,6.70675305166477
2018-05-20T03:00:00.000000,6.22075645371804
2018-05-20T04:00:00.000000,6.60955373207542
2018-05-20T05:00:00.000000,6.60955373207542
2018-05-20T06:00:00.000000,6.41515509289673
2018-05-20T07:00:00.000000,6.22075645371804
2018-05-20T08:00:00.000000,6.51235441248608
2018-05-20T09:00:00.000000,6.02635781453935
2018-05-20T10:00:00.000000,6.41515509289673
2018-05-20T11:00:00.000000,5.63756053618198
2018-05-20T12:00:00.000000,5.83195917536067
2018-05-20T13:00:00.000000,5.92915849495001
2018-05-20T14:00:00.000000,5.92915849495001
2018-05-20T15:00:00.000000,5.54036121659263
2018-05-20T16:00:00.000000,6.41515509289673
2018-05-20T17:00:00.000000,6.22075645371804
2018-05-20T18:00:00.000000,6.02635781453935
2018-05-20T19:00:00.000000,6.60955373207542
2018-05-20T20:00:00.000000,6.80395237125411
2018-05-20T21:00:00.000000,7.38714828879018
2018-05-20T22:00:00.000000,7.28994896920083
2018-05-20T23:00:00.000000,7.28994896920083
2018-05-21T00:00:00.000000,6.80395237125411
2018-05-21T00:00:00.000000,6.80395237125411
2018-05-21T01:00:00.000000,6.37870534805073
2018-05-21T02:00:00.000000,7.12288763865664
2018-05-21T03:00:00.000000,7.0165758828558
2018-05-21T04:00:00.000000,7.12288763865664
2018-05-21T05:00:00.000000,7.44182290605918
2018-05-21T06:00:00.000000,6.80395237125411
2018-05-21T07:00:00.000000,7.33551115025834
2018-05-21T08:00:00.000000,7.44182290605918
2018-05-21T09:00:00.000000,6.16608183644904
2018-05-21T10:00:00.000000,6.48501710385157
2018-05-21T11:00:00.000000,6.37870534805073
2018-05-21T12:00:00.000000,6.16608183644904
2018-05-21T13:00:00.000000,6.05977008064819
2018-05-21T14:00:00.000000,6.48501710385157
2018-05-21T15:00:00.000000,6.27239359224988
2018-05-21T16:00:00.000000,6.59132885965242
2018-05-21T17:00:00.000000,6.80395237125411
2018-05-21T18:00:00.000000,6.59132885965242
2018-05-21T19:00:00.000000,6.69764061545326
2018-05-21T20:00:00.000000,7.44182290605918
2018-05-21T21:00:00.000000,7.86706992926256
2018-05-21T22:00:00.000000,7.97338168506341
2018-05-21T23:00:00.000000,7.76075817346172
2018-05-22T00:00:00.000000,6.91026412705496
2018-05-22T01:00:00.000000,6.80395237125411
2018-05-22T02:00:00.000000,7.44182290605918
2018-05-22T03:00:00.000000,7.44182290605918
2018-05-22T04:00:00.000000,8.39862870826679
2018-05-22T05:00:00.000000,7.54813466186003
2018-05-22T06:00:00.000000,6.37870534805073
2018-05-22T07:00:00.000000,7.0165758828558
2018-05-22T08:00:00.000000,7.22919939445749
2018-05-22T09:00:00.000000,6.80395237125411
2018-05-22T10:00:00.000000,7.0165758828558
2018-05-22T11:00:00.000000,6.69764061545326
2018-05-22T12:00:00.000000,6.91026412705496
2018-05-22T13:00:00.000000,7.0165758828558
2018-05-22T14:00:00.000000,6.69764061545326
2018-05-22T15:00:00.000000,7.54813466186003
2018-05-22T16:00:00.000000,6.91026412705496
2018-05-22T17:00:00.000000,6.69764061545326
2018-05-22T18:00:00.000000,8.07969344086425
2018-05-22T19:00:00.000000,7.12288763865664
2018-05-22T20:00:00.000000,7.65444641766087
2018-05-22T21:00:00.000000,9.24912275467355
2018-05-22T22:00:00.000000,9.14281099887271
2018-05-22T23:00:00.000000,9.03649924307186
2018-05-23T00:00:00.000000,8.1860051966651
2018-05-23T01:00:00.000000,8.71756397566933
2018-05-23T02:00:00.000000,8.07969344086425
2018-05-23T03:00:00.000000,8.1860051966651
2018-05-23T04:00:00.000000,8.61125221986848
2018-05-23T05:00:00.000000,8.61125221986848
2018-05-23T06:00:00.000000,7.22919939445749
2018-05-23T07:00:00.000000,7.65444641766087
2018-05-23T08:00:00.000000,8.71756397566933
2018-05-23T09:00:00.000000,8.50494046406764
2018-05-23T10:00:00.000000,8.39862870826679
2018-05-23T11:00:00.000000,7.97338168506341
2018-05-23T12:00:00.000000,7.65444641766087
2018-05-23T13:00:00.000000,7.0165758828558
2018-05-23T14:00:00.000000,7.54813466186003
2018-05-23T15:00:00.000000,8.39862870826679
2018-05-23T16:00:00.000000,9.99330504527947
2018-05-23T17:00:00.000000,10.6311755800845
2018-05-23T18:00:00.000000,10.312240312682
2018-05-23T19:00:00.000000,9.88699328947863
2018-05-23T20:00:00.000000,9.56805802207609
2018-05-23T21:00:00.000000,8.93018748727102
2018-05-23T22:00:00.000000,9.46174626627525
2018-05-23T23:00:00.000000,9.67436977787694
2018-05-24T00:00:00.000000,8.82387573147017
2018-05-24T01:00:00.000000,8.39862870826679
2018-05-24T02:00:00.000000,8.07969344086425
2018-05-24T03:00:00.000000,8.61125221986848
2018-05-24T04:00:00.000000,9.03649924307186
2018-05-24T05:00:00.000000,8.39862870826679
2018-05-24T06:00:00.000000,7.44182290605918
2018-05-24T07:00:00.000000,7.12288763865664
2018-05-24T08:00:00.000000,8.50494046406764
2018-05-24T09:00:00.000000,9.24912275467355
2018-05-24T10:00:00.000000,8.93018748727102
2018-05-24T11:00:00.000000,9.03649924307186
2018-05-24T12:00:00.000000,9.67436977787694
2018-05-24T13:00:00.000000,8.71756397566933
2018-05-24T14:00:00.000000,8.1860051966651
2018-05-24T15:00:00.000000,7.86706992926256
2018-05-24T16:00:00.000000,8.29231695246594
2018-05-24T17:00:00.000000,8.29231695246594
2018-05-24T18:00:00.000000,7.54813466186003
2018-05-24T19:00:00.000000,8.07969344086425
2018-05-24T20:00:00.000000,8.61125221986848
2018-05-24T21:00:00.000000,8.82387573147017
2018-05-24T22:00:00.000000,8.29231695246594
2018-05-24T23:00:00.000000,8.29231695246594
2018-05-25T00:00:00.000000,7.97338168506341
2018-05-25T01:00:00.000000,7.44182290605918
2018-05-25T02:00:00.000000,7.86706992926256
2018-05-25T03:00:00.000000,7.76075817346172
2018-05-25T04:00:00.000000,8.29231695246594
2018-05-25T05:00:00.000000,7.12288763865664
2018-05-25T06:00:00.000000,7.22919939445749
2018-05-25T07:00:00.000000,7.54813466186003
2018-05-25T08:00:00.000000,7.54813466186003
2018-05-25T09:00:00.000000,7.54813466186003
2018-05-25T10:00:00.000000,6.37870534805073
2018-05-25T11:00:00.000000,6.59132885965242
2018-05-25T12:00:00.000000,7.12288763865664
2018-05-25T13:00:00.000000,6.59132885965242
2018-05-25T14:00:00.000000,6.48501710385157
2018-05-25T15:00:00.000000,6.48501710385157
2018-05-25T16:00:00.000000,6.91026412705496
2018-05-25T17:00:00.000000,6.91026412705496
2018-05-25T18:00:00.000000,7.0165758828558
2018-05-25T19:00:00.000000,7.0165758828558
2018-05-25T20:00:00.000000,7.54813466186003
2018-05-25T21:00:00.000000,7.65444641766087
2018-05-25T22:00:00.000000,7.86706992926256
2018-05-25T23:00:00.000000,7.65444641766087
2018-05-26T00:00:00.000000,7.22919939445749
2018-05-26T01:00:00.000000,6.91026412705496
2018-05-26T02:00:00.000000,7.12288763865664
2018-05-26T03:00:00.000000,6.69764061545326
2018-05-26T04:00:00.000000,7.33551115025834
2018-05-26T05:00:00.000000,7.0165758828558
2018-05-26T06:00:00.000000,6.27239359224988
2018-05-26T07:00:00.000000,6.48501710385157
2018-05-26T08:00:00.000000,6.05977008064819
2018-05-26T09:00:00.000000,5.74083481324565
2018-05-26T10:00:00.000000,5.95345832484735
2018-05-26T11:00:00.000000,5.95345832484735
2018-05-26T12:00:00.000000,6.05977008064819
2018-05-26T13:00:00.000000,6.05977008064819
2018-05-26T14:00:00.000000,5.63452305744481
2018-05-26T15:00:00.000000,5.74083481324565
2018-05-26T16:00:00.000000,6.16608183644904
2018-05-26T17:00:00.000000,5.8471465690465
2018-05-26T18:00:00.000000,5.20927603424143
2018-05-26T19:00:00.000000,5.63452305744481
2018-05-26T20:00:00.000000,4.99665252263974
2018-05-26T21:00:00.000000,6.05977008064819
2018-05-26T22:00:00.000000,6.69764061545326
2018-05-26T23:00:00.000000,7.97338168506341
2018-05-27T00:00:00.000000,7.0165758828558
2018-05-27T01:00:00.000000,7.12288763865664
2018-05-27T02:00:00.000000,7.12288763865664
2018-05-27T03:00:00.000000,6.80395237125411
2018-05-27T04:00:00.000000,6.37870534805073
2018-05-27T05:00:00.000000,6.91026412705496
2018-05-27T06:00:00.000000,5.8471465690465
2018-05-27T07:00:00.000000,6.27239359224988
2018-05-27T08:00:00.000000,6.16608183644904
2018-05-27T09:00:00.000000,6.69764061545326
2018-05-27T10:00:00.000000,6.48501710385157
2018-05-27T11:00:00.000000,6.05977008064819
2018-05-27T12:00:00.000000,6.48501710385157
2018-05-27T13:00:00.000000,5.8471465690465
2018-05-27T14:00:00.000000,6.37870534805073
2018-05-27T15:00:00.000000,5.74083481324565
2018-05-27T16:00:00.000000,6.16608183644904
2018-05-27T17:00:00.000000,5.8471465690465
2018-05-27T18:00:00.000000,6.37870534805073
2018-05-27T19:00:00.000000,6.05977008064819
2018-05-27T20:00:00.000000,6.80395237125411
2018-05-27T21:00:00.000000,7.12288763865664
2018-05-27T22:00:00.000000,7.22919939445749
2018-05-27T23:00:00.000000,6.91026412705496
2018-05-28T00:00:00.000000,6.69764061545326
2018-05-28T00:00:00.000000,6.69764061545326
2018-05-28T01:00:00.000000,6.50897468262359
2018-05-28T02:00:00.000000,6.69764061545326
2018-05-28T03:00:00.000000,6.7919735818681
2018-05-28T04:00:00.000000,6.41464171620876
2018-05-28T05:00:00.000000,7.35797138035711
2018-05-28T06:00:00.000000,7.73530324601644
2018-05-28T07:00:00.000000,7.26363841394227
2018-05-28T08:00:00.000000,6.69764061545326
2018-05-28T09:00:00.000000,6.69764061545326
2018-05-28T10:00:00.000000,7.0749724811126
2018-05-28T11:00:00.000000,7.16930544752744
2018-05-28T12:00:00.000000,6.50897468262359
2018-05-28T13:00:00.000000,6.7919735818681
2018-05-28T14:00:00.000000,6.69764061545326
2018-05-28T15:00:00.000000,6.98063951469777
2018-05-28T16:00:00.000000,6.98063951469777
2018-05-28T17:00:00.000000,7.0749724811126
2018-05-28T18:00:00.000000,7.0749724811126
2018-05-28T19:00:00.000000,7.64097027960161
2018-05-28T20:00:00.000000,7.73530324601644
2018-05-28T21:00:00.000000,8.58429994374996
2018-05-28T22:00:00.000000,9.43329664148347
2018-05-28T23:00:00.000000,8.77296587657963
2018-05-29T00:00:00.000000,7.73530324601644
2018-05-29T01:00:00.000000,8.11263511167578
2018-05-29T02:00:00.000000,7.64097027960161
2018-05-29T03:00:00.000000,7.64097027960161
2018-05-29T04:00:00.000000,8.30130104450545
2018-05-29T05:00:00.000000,8.48996697733512
2018-05-29T06:00:00.000000,7.64097027960161
2018-05-29T07:00:00.000000,6.60330764903843
2018-05-29T08:00:00.000000,6.50897468262359
2018-05-29T09:00:00.000000,6.60330764903843
2018-05-29T10:00:00.000000,6.98063951469777
2018-05-29T11:00:00.000000,6.88630654828293
2018-05-29T12:00:00.000000,7.54663731318678
2018-05-29T13:00:00.000000,6.88630654828293
2018-05-29T14:00:00.000000,6.69764061545326
2018-05-29T15:00:00.000000,6.7919735818681
2018-05-29T16:00:00.000000,6.88630654828293
2018-05-29T17:00:00.000000,6.98063951469777
2018-05-29T18:00:00.000000,7.35797138035711
2018-05-29T19:00:00.000000,7.92396917884611
2018-05-29T20:00:00.000000,7.64097027960161
2018-05-29T21:00:00.000000,8.30130104450545
2018-05-29T22:00:00.000000,8.11263511167578
2018-05-29T23:00:00.000000,7.45230434677194
2018-05-30T00:00:00.000000,7.64097027960161
2018-05-30T01:00:00.000000,7.45230434677194
2018-05-30T02:00:00.000000,7.45230434677194
2018-05-30T03:00:00.000000,7.92396917884611
2018-05-30T04:00:00.000000,7.35797138035711
2018-05-30T05:00:00.000000,7.92396917884611
2018-05-30T06:00:00.000000,7.0749724811126
2018-05-30T07:00:00.000000,6.22597578337909
2018-05-30T08:00:00.000000,6.32030874979393
2018-05-30T09:00:00.000000,6.50897468262359
2018-05-30T10:00:00.000000,6.50897468262359
2018-05-30T11:00:00.000000,6.32030874979393
2018-05-30T12:00:00.000000,6.13164281696426
2018-05-30T13:00:00.000000,6.50897468262359
2018-05-30T14:00:00.000000,7.0749724811126
2018-05-30T15:00:00.000000,6.69764061545326
2018-05-30T16:00:00.000000,7.0749724811126
2018-05-30T17:00:00.000000,6.88630654828293
2018-05-30T18:00:00.000000,6.69764061545326
2018-05-30T19:00:00.000000,6.98063951469777
2018-05-30T20:00:00.000000,7.16930544752744
2018-05-30T21:00:00.000000,7.54663731318678
2018-05-30T22:00:00.000000,7.26363841394227
2018-05-30T23:00:00.000000,7.16930544752744
2018-05-31T00:00:00.000000,6.69764061545326
2018-05-31T01:00:00.000000,6.13164281696426
2018-05-31T02:00:00.000000,6.69764061545326
2018-05-31T03:00:00.000000,7.26363841394227
2018-05-31T04:00:00.000000,7.26363841394227
2018-05-31T05:00:00.000000,6.50897468262359
2018-05-31T06:00:00.000000,6.50897468262359
2018-05-31T07:00:00.000000,6.60330764903843
2018-05-31T08:00:00.000000,6.32030874979393
2018-05-31T09:00:00.000000,6.22597578337909
2018-05-31T10:00:00.000000,5.94297688413459
2018-05-31T11:00:00.000000,5.94297688413459
2018-05-31T12:00:00.000000,6.13164281696426
2018-05-31T13:00:00.000000,6.41464171620876
2018-05-31T14:00:00.000000,6.03730985054942
2018-05-31T15:00:00.000000,6.13164281696426
2018-05-31T16:00:00.000000,6.32030874979393
2018-05-31T17:00:00.000000,6.7919735818681
2018-05-31T18:00:00.000000,6.69764061545326
2018-05-31T19:00:00.000000,6.50897468262359
2018-05-31T20:00:00.000000,6.88630654828293
2018-05-31T21:00:00.000000,7.16930544752744
2018-05-31T22:00:00.000000,6.7919735818681
2018-05-31T23:00:00.000000,6.7919735818681
2018-06-01T00:00:00.000000,6.41464171620876
2018-06-01T01:00:00.000000,6.32030874979393
2018-06-01T02:00:00.000000,6.7919735818681
2018-06-01T03:00:00.000000,7.0749724811126
2018-06-01T04:00:00.000000,6.32030874979393
2018-06-01T05:00:00.000000,6.41464171620876
2018-06-01T06:00:00.000000,6.50897468262359
2018-06-01T07:00:00.000000,6.03730985054942
2018-06-01T08:00:00.000000,6.22597578337909
2018-06-01T09:00:00.000000,5.75431095130492
2018-06-01T10:00:00.000000,6.03730985054942
2018-06-01T11:00:00.000000,5.65997798489008
2018-06-01T12:00:00.000000,5.94297688413459
2018-06-01T13:00:00.000000,5.65997798489008
2018-06-01T14:00:00.000000,5.84864391771975
2018-06-01T15:00:00.000000,5.65997798489008
2018-06-01T16:00:00.000000,5.75431095130492
2018-06-01T17:00:00.000000,5.84864391771975
2018-06-01T18:00:00.000000,6.22597578337909
2018-06-01T19:00:00.000000,6.13164281696426
2018-06-01T20:00:00.000000,7.0749724811126
2018-06-01T21:00:00.000000,6.88630654828293
2018-06-01T22:00:00.000000,6.7919735818681
2018-06-01T23:00:00.000000,6.88630654828293
2018-06-02T00:00:00.000000,6.7919735818681
2018-06-02T01:00:00.000000,6.03730985054942
2018-06-02T02:00:00.000000,6.22597578337909
2018-06-02T03:00:00.000000,5.94297688413459
2018-06-02T04:00:00.000000,6.03730985054942
2018-06-02T05:00:00.000000,5.94297688413459
2018-06-02T06:00:00.000000,5.94297688413459
2018-06-02T07:00:00.000000,6.32030874979393
2018-06-02T08:00:00.000000,6.22597578337909
2018-06-02T09:00:00.000000,5.56564501847525
2018-06-02T10:00:00.000000,5.75431095130492
2018-06-02T11:00:00.000000,5.65997798489008
2018-06-02T12:00:00.000000,5.56564501847525
2018-06-02T13:00:00.000000,5.65997798489008
2018-06-02T14:00:00.000000,5.47131205206041
2018-06-02T15:00:00.000000,5.65997798489008
2018-06-02T16:00:00.000000,5.56564501847525
2018-06-02T17:00:00.000000,5.28264611923074
2018-06-02T18:00:00.000000,6.03730985054942
2018-06-02T19:00:00.000000,5.84864391771975
2018-06-02T20:00:00.000000,6.03730985054942
2018-06-02T21:00:00.000000,6.69764061545326
2018-06-02T22:00:00.000000,6.98063951469777
2018-06-02T23:00:00.000000,5.75431095130492
2018-06-03T00:00:00.000000,5.94297688413459
2018-06-03T01:00:00.000000,5.56564501847525
2018-06-03T02:00:00.000000,6.32030874979393
2018-06-03T03:00:00.000000,6.22597578337909
2018-06-03T04:00:00.000000,6.32030874979393
2018-06-03T05:00:00.000000,6.32030874979393
2018-06-03T06:00:00.000000,6.88630654828293
2018-06-03T07:00:00.000000,5.94297688413459
2018-06-03T08:00:00.000000,6.13164281696426
2018-06-03T09:00:00.000000,6.69764061545326
2018-06-03T10:00:00.000000,5.84864391771975
2018-06-03T11:00:00.000000,5.84864391771975
2018-06-03T12:00:00.000000,5.84864391771975
2018-06-03T13:00:00.000000,5.65997798489008
2018-06-03T14:00:00.000000,5.94297688413459
2018-06-03T15:00:00.000000,6.03730985054942
2018-06-03T16:00:00.000000,5.94297688413459
2018-06-03T17:00:00.000000,5.94297688413459
2018-06-03T18:00:00.000000,5.75431095130492
2018-06-03T19:00:00.000000,5.84864391771975
2018-06-03T20:00:00.000000,6.13164281696426
2018-06-03T21:00:00.000000,6.69764061545326
2018-06-03T22:00:00.000000,6.32030874979393
2018-06-03T23:00:00.000000,6.60330764903843
2018-06-04T00:00:00.000000,6.60330764903843
2018-06-04T00:00:00.000000,6.60330764903843
2018-06-04T01:00:00.000000,6.2557651411943
2018-06-04T02:00:00.000000,6.48746014642372
2018-06-04T03:00:00.000000,6.2557651411943
2018-06-04T04:00:00.000000,6.71915515165314
2018-06-04T05:00:00.000000,7.64593517257081
2018-06-04T06:00:00.000000,6.60330764903843
2018-06-04T07:00:00.000000,6.37161264380901
2018-06-04T08:00:00.000000,5.67652762812076
2018-06-04T09:00:00.000000,5.67652762812076
2018-06-04T10:00:00.000000,5.67652762812076
2018-06-04T11:00:00.000000,5.79237513073546
2018-06-04T12:00:00.000000,5.79237513073546
2018-06-04T13:00:00.000000,5.90822263335017
2018-06-04T14:00:00.000000,6.37161264380901
2018-06-04T15:00:00.000000,6.48746014642372
2018-06-04T16:00:00.000000,6.2557651411943
2018-06-04T17:00:00.000000,6.37161264380901
2018-06-04T18:00:00.000000,6.60330764903843
2018-06-04T19:00:00.000000,6.37161264380901
2018-06-04T20:00:00.000000,6.71915515165314
2018-06-04T21:00:00.000000,7.18254516211198
2018-06-04T22:00:00.000000,7.06669765949727
2018-06-04T23:00:00.000000,6.95085015688256
2018-06-05T00:00:00.000000,6.83500265426785
2018-06-05T01:00:00.000000,6.37161264380901
2018-06-05T02:00:00.000000,6.13991763857959
2018-06-05T03:00:00.000000,6.95085015688256
2018-06-05T04:00:00.000000,6.95085015688256
2018-06-05T05:00:00.000000,6.71915515165314
2018-06-05T06:00:00.000000,6.2557651411943
2018-06-05T07:00:00.000000,6.02407013596488
2018-06-05T08:00:00.000000,6.37161264380901
2018-06-05T09:00:00.000000,6.02407013596488
2018-06-05T10:00:00.000000,6.13991763857959
2018-06-05T11:00:00.000000,6.13991763857959
2018-06-05T12:00:00.000000,6.2557651411943
2018-06-05T13:00:00.000000,5.90822263335017
2018-06-05T14:00:00.000000,6.37161264380901
2018-06-05T15:00:00.000000,6.37161264380901
2018-06-05T16:00:00.000000,6.48746014642372
2018-06-05T17:00:00.000000,6.48746014642372
2018-06-05T18:00:00.000000,6.37161264380901
2018-06-05T19:00:00.000000,6.60330764903843
2018-06-05T20:00:00.000000,6.71915515165314
2018-06-05T21:00:00.000000,6.95085015688256
2018-06-05T22:00:00.000000,6.48746014642372
2018-06-05T23:00:00.000000,6.2557651411943
2018-06-06T00:00:00.000000,6.60330764903843
2018-06-06T01:00:00.000000,6.13991763857959
2018-06-06T02:00:00.000000,6.13991763857959
2018-06-06T03:00:00.000000,6.60330764903843
2018-06-06T04:00:00.000000,6.2557651411943
2018-06-06T05:00:00.000000,6.37161264380901
2018-06-06T06:00:00.000000,5.90822263335017
2018-06-06T07:00:00.000000,6.13991763857959
2018-06-06T08:00:00.000000,5.67652762812076
2018-06-06T09:00:00.000000,5.32898512027663
2018-06-06T10:00:00.000000,6.2557651411943
2018-06-06T11:00:00.000000,6.13991763857959
2018-06-06T12:00:00.000000,6.2557651411943
2018-06-06T13:00:00.000000,6.13991763857959
2018-06-06T14:00:00.000000,6.02407013596488
2018-06-06T15:00:00.000000,6.13991763857959
2018-06-06T16:00:00.000000,6.13991763857959
2018-06-06T17:00:00.000000,6.2557651411943
2018-06-06T18:00:00.000000,6.83500265426785
2018-06-06T19:00:00.000000,6.48746014642372
2018-06-06T20:00:00.000000,6.71915515165314
2018-06-06T21:00:00.000000,6.83500265426785
2018-06-06T22:00:00.000000,6.83500265426785
2018-06-06T23:00:00.000000,6.83500265426785
2018-06-07T00:00:00.000000,6.2557651411943
2018-06-07T01:00:00.000000,6.95085015688256
2018-06-07T02:00:00.000000,6.48746014642372
2018-06-07T03:00:00.000000,6.71915515165314
2018-06-07T04:00:00.000000,6.37161264380901
2018-06-07T05:00:00.000000,6.71915515165314
2018-06-07T06:00:00.000000,5.90822263335017
2018-06-07T07:00:00.000000,5.67652762812076
2018-06-07T08:00:00.000000,6.2557651411943
2018-06-07T09:00:00.000000,5.32898512027663
2018-06-07T10:00:00.000000,5.79237513073546
2018-06-07T11:00:00.000000,5.79237513073546
2018-06-07T12:00:00.000000,5.79237513073546
2018-06-07T13:00:00.000000,5.44483262289134
2018-06-07T14:00:00.000000,5.67652762812076
2018-06-07T15:00:00.000000,6.37161264380901
2018-06-07T16:00:00.000000,5.79237513073546
2018-06-07T17:00:00.000000,5.90822263335017
2018-06-07T18:00:00.000000,6.13991763857959
2018-06-07T19:00:00.000000,6.48746014642372
2018-06-07T20:00:00.000000,6.95085015688256
2018-06-07T21:00:00.000000,6.71915515165314
2018-06-07T22:00:00.000000,6.95085015688256
2018-06-07T23:00:00.000000,7.76178267518552
2018-06-08T00:00:00.000000,6.2557651411943
2018-06-08T01:00:00.000000,6.2557651411943
2018-06-08T02:00:00.000000,6.71915515165314
2018-06-08T03:00:00.000000,6.95085015688256
2018-06-08T04:00:00.000000,6.37161264380901
2018-06-08T05:00:00.000000,6.2557651411943
2018-06-08T06:00:00.000000,6.02407013596488
2018-06-08T07:00:00.000000,5.79237513073546
2018-06-08T08:00:00.000000,5.21313761766192
2018-06-08T09:00:00.000000,5.90822263335017
2018-06-08T10:00:00.000000,5.56068012550605
2018-06-08T11:00:00.000000,5.79237513073546
2018-06-08T12:00:00.000000,5.67652762812076
2018-06-08T13:00:00.000000,5.32898512027663
2018-06-08T14:00:00.000000,5.90822263335017
2018-06-08T15:00:00.000000,6.13991763857959
2018-06-08T16:00:00.000000,5.90822263335017
2018-06-08T17:00:00.000000,6.02407013596488
2018-06-08T18:00:00.000000,5.90822263335017
2018-06-08T19:00:00.000000,6.37161264380901
2018-06-08T20:00:00.000000,5.90822263335017
2018-06-08T21:00:00.000000,6.02407013596488
2018-06-08T22:00:00.000000,6.48746014642372
2018-06-08T23:00:00.000000,5.79237513073546
2018-06-09T00:00:00.000000,5.90822263335017
2018-06-09T01:00:00.000000,5.32898512027663
2018-06-09T02:00:00.000000,6.95085015688256
2018-06-09T03:00:00.000000,5.79237513073546
2018-06-09T04:00:00.000000,5.56068012550605
2018-06-09T05:00:00.000000,6.02407013596488
2018-06-09T06:00:00.000000,4.9814426124325
2018-06-09T07:00:00.000000,4.63390010458837
2018-06-09T08:00:00.000000,5.44483262289134
2018-06-09T09:00:00.000000,5.09729011504721
2018-06-09T10:00:00.000000,5.44483262289134
2018-06-09T11:00:00.000000,4.63390010458837
2018-06-09T12:00:00.000000,5.44483262289134
2018-06-09T13:00:00.000000,5.09729011504721
2018-06-09T14:00:00.000000,5.44483262289134
2018-06-09T15:00:00.000000,5.21313761766192
2018-06-09T16:00:00.000000,5.32898512027663
2018-06-09T17:00:00.000000,4.74974760720308
2018-06-09T18:00:00.000000,5.21313761766192
2018-06-09T19:00:00.000000,5.32898512027663
2018-06-09T20:00:00.000000,5.44483262289134
2018-06-09T21:00:00.000000,6.02407013596488
2018-06-09T22:00:00.000000,6.13991763857959
2018-06-09T23:00:00.000000,5.79237513073546
2018-06-10T00:00:00.000000,7.06669765949727
2018-06-10T01:00:00.000000,7.29839266472668
2018-06-10T02:00:00.000000,6.2557651411943
2018-06-10T03:00:00.000000,6.48746014642372
2018-06-10T04:00:00.000000,6.71915515165314
2018-06-10T05:00:00.000000,6.37161264380901
2018-06-10T06:00:00.000000,6.71915515165314
2018-06-10T07:00:00.000000,6.02407013596488
2018-06-10T08:00:00.000000,7.06669765949727
2018-06-10T09:00:00.000000,6.02407013596488
2018-06-10T10:00:00.000000,5.67652762812076
2018-06-10T11:00:00.000000,5.79237513073546
2018-06-10T12:00:00.000000,5.67652762812076
2018-06-10T13:00:00.000000,6.02407013596488
2018-06-10T14:00:00.000000,5.90822263335017
2018-06-10T15:00:00.000000,5.90822263335017
2018-06-10T16:00:00.000000,6.02407013596488
2018-06-10T17:00:00.000000,8.6885626961032
2018-06-10T18:00:00.000000,11.5847502614709
2018-06-10T19:00:00.000000,10.1945802300944
2018-06-10T20:00:00.000000,10.6579702405533
2018-06-10T21:00:00.000000,11.5847502614709
2018-06-10T22:00:00.000000,11.3530552562415
2018-06-10T23:00:00.000000,10.3104277327091
2018-06-11T00:00:00.000000,9.49949521440616
2018-06-11T00:00:00.000000,9.49949521440616
2018-06-11T01:00:00.000000,9.14766205831705
2018-06-11T02:00:00.000000,8.9131066209243
2018-06-11T03:00:00.000000,9.61677293310253
2018-06-11T04:00:00.000000,9.96860608919165
2018-06-11T05:00:00.000000,9.61677293310253
2018-06-11T06:00:00.000000,9.61677293310253
2018-06-11T07:00:00.000000,9.38221749570979
2018-06-11T08:00:00.000000,8.9131066209243
2018-06-11T09:00:00.000000,9.03038433962067
2018-06-11T10:00:00.000000,10.2031615265844
2018-06-11T11:00:00.000000,10.2031615265844
2018-06-11T12:00:00.000000,10.6722724013699
2018-06-11T13:00:00.000000,11.024105557459
2018-06-11T14:00:00.000000,10.9068278387626
2018-06-11T15:00:00.000000,11.024105557459
2018-06-11T16:00:00.000000,10.7895501200663
2018-06-11T17:00:00.000000,9.61677293310253
2018-06-11T18:00:00.000000,9.61677293310253
2018-06-11T19:00:00.000000,9.49949521440616
2018-06-11T20:00:00.000000,10.7895501200663
2018-06-11T21:00:00.000000,11.024105557459
2018-06-11T22:00:00.000000,9.96860608919165
2018-06-11T23:00:00.000000,9.03038433962067
2018-06-12T00:00:00.000000,8.9131066209243
2018-06-12T01:00:00.000000,9.03038433962067
2018-06-12T02:00:00.000000,8.9131066209243
2018-06-12T03:00:00.000000,8.56127346483518
2018-06-12T04:00:00.000000,8.67855118353156
2018-06-12T05:00:00.000000,8.32671802744244
2018-06-12T06:00:00.000000,7.85760715265695
2018-06-12T07:00:00.000000,7.15394084047871
2018-06-12T08:00:00.000000,7.03666312178234
2018-06-12T09:00:00.000000,6.8021076843896
2018-06-12T10:00:00.000000,6.56755224699685
2018-06-12T11:00:00.000000,6.68482996569322
2018-06-12T12:00:00.000000,7.6230517152642
2018-06-12T13:00:00.000000,7.74032943396058
2018-06-12T14:00:00.000000,7.50577399656783
2018-06-12T15:00:00.000000,7.03666312178234
2018-06-12T16:00:00.000000,7.27121855917509
2018-06-12T17:00:00.000000,7.50577399656783
2018-06-12T18:00:00.000000,7.74032943396058
2018-06-12T19:00:00.000000,9.61677293310253
2018-06-12T20:00:00.000000,10.085883807888
2018-06-12T21:00:00.000000,10.085883807888
2018-06-12T22:00:00.000000,9.03038433962067
2018-06-12T23:00:00.000000,8.79582890222793
2018-06-13T00:00:00.000000,7.97488487135332
2018-06-13T01:00:00.000000,7.50577399656783
2018-06-13T02:00:00.000000,8.44399574613881
2018-06-13T03:00:00.000000,8.44399574613881
2018-06-13T04:00:00.000000,8.44399574613881
2018-06-13T05:00:00.000000,8.44399574613881
2018-06-13T06:00:00.000000,8.09216259004969
2018-06-13T07:00:00.000000,8.32671802744244
2018-06-13T08:00:00.000000,7.6230517152642
2018-06-13T09:00:00.000000,7.50577399656783
2018-06-13T10:00:00.000000,8.44399574613881
2018-06-13T11:00:00.000000,8.56127346483518
2018-06-13T12:00:00.000000,8.09216259004969
2018-06-13T13:00:00.000000,9.14766205831705
2018-06-13T14:00:00.000000,8.56127346483518
2018-06-13T15:00:00.000000,9.26493977701342
2018-06-13T16:00:00.000000,11.2586609948517
2018-06-13T17:00:00.000000,11.7277718696372
2018-06-13T18:00:00.000000,9.61677293310253
2018-06-13T19:00:00.000000,10.3204392452808
2018-06-13T20:00:00.000000,10.6722724013699
2018-06-13T21:00:00.000000,10.2031615265844
2018-06-13T22:00:00.000000,9.49949521440616
2018-06-13T23:00:00.000000,9.73405065179891
2018-06-14T00:00:00.000000,8.79582890222793
2018-06-14T01:00:00.000000,9.03038433962067
2018-06-14T02:00:00.000000,8.9131066209243
2018-06-14T03:00:00.000000,9.85132837049528
2018-06-14T04:00:00.000000,8.79582890222793
2018-06-14T05:00:00.000000,9.14766205831705
2018-06-14T06:00:00.000000,7.27121855917509
2018-06-14T07:00:00.000000,7.15394084047871
2018-06-14T08:00:00.000000,7.15394084047871
2018-06-14T09:00:00.000000,7.15394084047871
2018-06-14T10:00:00.000000,7.27121855917509
2018-06-14T11:00:00.000000,7.38849627787146
2018-06-14T12:00:00.000000,7.38849627787146
2018-06-14T13:00:00.000000,7.85760715265695
2018-06-14T14:00:00.000000,7.74032943396058
2018-06-14T15:00:00.000000,6.91938540308597
2018-06-14T16:00:00.000000,7.50577399656783
2018-06-14T17:00:00.000000,7.97488487135332
2018-06-14T18:00:00.000000,8.67855118353156
2018-06-14T19:00:00.000000,8.67855118353156
2018-06-14T20:00:00.000000,9.38221749570979
2018-06-14T21:00:00.000000,8.67855118353156
2018-06-14T22:00:00.000000,9.38221749570979
2018-06-14T23:00:00.000000,8.9131066209243
2018-06-15T00:00:00.000000,9.03038433962067
2018-06-15T01:00:00.000000,7.85760715265695
2018-06-15T02:00:00.000000,7.97488487135332
2018-06-15T03:00:00.000000,8.20944030874606
2018-06-15T04:00:00.000000,7.97488487135332
2018-06-15T05:00:00.000000,7.27121855917509
2018-06-15T06:00:00.000000,6.91938540308597
2018-06-15T07:00:00.000000,6.45027452830048
2018-06-15T08:00:00.000000,6.91938540308597
2018-06-15T09:00:00.000000,6.91938540308597
2018-06-15T10:00:00.000000,6.68482996569322
2018-06-15T11:00:00.000000,6.45027452830048
2018-06-15T12:00:00.000000,6.68482996569322
2018-06-15T13:00:00.000000,6.21571909090774
2018-06-15T14:00:00.000000,6.21571909090774
2018-06-15T15:00:00.000000,6.45027452830048
2018-06-15T16:00:00.000000,6.45027452830048
2018-06-15T17:00:00.000000,5.74660821612225
2018-06-15T18:00:00.000000,6.09844137221136
2018-06-15T19:00:00.000000,5.98116365351499
2018-06-15T20:00:00.000000,6.45027452830048
2018-06-15T21:00:00.000000,6.8021076843896
2018-06-15T22:00:00.000000,7.74032943396058
2018-06-15T23:00:00.000000,7.50577399656783
2018-06-16T00:00:00.000000,7.15394084047871
2018-06-16T01:00:00.000000,6.68482996569322
2018-06-16T02:00:00.000000,6.56755224699685
2018-06-16T03:00:00.000000,6.68482996569322
2018-06-16T04:00:00.000000,6.8021076843896
2018-06-16T05:00:00.000000,6.33299680960411
2018-06-16T06:00:00.000000,7.03666312178234
2018-06-16T07:00:00.000000,6.45027452830048
2018-06-16T08:00:00.000000,5.5120527787295
2018-06-16T09:00:00.000000,5.39477506003313
2018-06-16T10:00:00.000000,5.27749734133676
2018-06-16T11:00:00.000000,5.5120527787295
2018-06-16T12:00:00.000000,5.39477506003313
2018-06-16T13:00:00.000000,5.98116365351499
2018-06-16T14:00:00.000000,4.92566418524764
2018-06-16T15:00:00.000000,6.09844137221136
2018-06-16T16:00:00.000000,6.09844137221136
2018-06-16T17:00:00.000000,5.39477506003313
2018-06-16T18:00:00.000000,6.09844137221136
2018-06-16T19:00:00.000000,6.09844137221136
2018-06-16T20:00:00.000000,5.86388593481862
2018-06-16T21:00:00.000000,6.45027452830048
2018-06-16T22:00:00.000000,6.56755224699685
2018-06-16T23:00:00.000000,6.8021076843896
2018-06-17T00:00:00.000000,6.33299680960411
2018-06-17T01:00:00.000000,5.74660821612225
2018-06-17T02:00:00.000000,6.21571909090774
2018-06-17T03:00:00.000000,6.33299680960411
2018-06-17T04:00:00.000000,6.68482996569322
2018-06-17T05:00:00.000000,5.74660821612225
2018-06-17T06:00:00.000000,5.86388593481862
2018-06-17T07:00:00.000000,5.74660821612225
2018-06-17T08:00:00.000000,6.09844137221136
2018-06-17T09:00:00.000000,5.62933049742587
2018-06-17T10:00:00.000000,5.62933049742587
2018-06-17T11:00:00.000000,5.62933049742587
2018-06-17T12:00:00.000000,5.16021962264038
2018-06-17T13:00:00.000000,5.27749734133676
2018-06-17T14:00:00.000000,5.04294190394401
2018-06-17T15:00:00.000000,5.5120527787295
2018-06-17T16:00:00.000000,5.04294190394401
2018-06-17T17:00:00.000000,5.74660821612225
2018-06-17T18:00:00.000000,5.39477506003313
2018-06-17T19:00:00.000000,5.62933049742587
2018-06-17T20:00:00.000000,6.45027452830048
2018-06-17T21:00:00.000000,6.56755224699685
2018-06-17T22:00:00.000000,6.56755224699685
2018-06-17T23:00:00.000000,6.56755224699685
2018-06-18T00:00:00.000000,6.68482996569322
2018-06-18T00:00:00.000000,6.68482996569322
2018-06-18T01:00:00.000000,6.93708770024769
2018-06-18T02:00:00.000000,7.8199897711883
2018-06-18T03:00:00.000000,7.56773203663384
2018-06-18T04:00:00.000000,7.44160316935661
2018-06-18T05:00:00.000000,6.55870109841599
2018-06-18T06:00:00.000000,6.68482996569322
2018-06-18T07:00:00.000000,6.1803144965843
2018-06-18T08:00:00.000000,6.30644336386153
2018-06-18T09:00:00.000000,6.55870109841599
2018-06-18T10:00:00.000000,6.05418562930707
2018-06-18T11:00:00.000000,6.30644336386153
2018-06-18T12:00:00.000000,6.1803144965843
2018-06-18T13:00:00.000000,6.68482996569322
2018-06-18T14:00:00.000000,7.06321656752492
2018-06-18T15:00:00.000000,6.05418562930707
2018-06-18T16:00:00.000000,6.81095883297046
2018-06-18T17:00:00.000000,7.31547430207938
2018-06-18T18:00:00.000000,6.68482996569322
2018-06-18T19:00:00.000000,6.68482996569322
2018-06-18T20:00:00.000000,7.56773203663384
2018-06-18T21:00:00.000000,7.69386090391107
2018-06-18T22:00:00.000000,7.8199897711883
2018-06-18T23:00:00.000000,7.31547430207938
2018-06-19T00:00:00.000000,8.32450524029722
2018-06-19T01:00:00.000000,7.31547430207938
2018-06-19T02:00:00.000000,7.69386090391107
2018-06-19T03:00:00.000000,7.56773203663384
2018-06-19T04:00:00.000000,7.44160316935661
2018-06-19T05:00:00.000000,6.81095883297046
2018-06-19T06:00:00.000000,6.30644336386153
2018-06-19T07:00:00.000000,5.80192789475261
2018-06-19T08:00:00.000000,6.05418562930707
2018-06-19T09:00:00.000000,6.43257223113876
2018-06-19T10:00:00.000000,6.43257223113876
2018-06-19T11:00:00.000000,6.55870109841599
2018-06-19T12:00:00.000000,5.92805676202984
2018-06-19T13:00:00.000000,6.81095883297046
2018-06-19T14:00:00.000000,6.43257223113876
2018-06-19T15:00:00.000000,6.43257223113876
2018-06-19T16:00:00.000000,6.1803144965843
2018-06-19T17:00:00.000000,6.43257223113876
2018-06-19T18:00:00.000000,6.55870109841599
2018-06-19T19:00:00.000000,6.55870109841599
2018-06-19T20:00:00.000000,7.44160316935661
2018-06-19T21:00:00.000000,7.06321656752492
2018-06-19T22:00:00.000000,7.06321656752492
2018-06-19T23:00:00.000000,7.06321656752492
2018-06-20T00:00:00.000000,6.43257223113876
2018-06-20T01:00:00.000000,7.31547430207938
2018-06-20T02:00:00.000000,7.56773203663384
2018-06-20T03:00:00.000000,7.56773203663384
2018-06-20T04:00:00.000000,7.94611863846553
2018-06-20T05:00:00.000000,7.94611863846553
2018-06-20T06:00:00.000000,7.31547430207938
2018-06-20T07:00:00.000000,6.30644336386153
2018-06-20T08:00:00.000000,6.81095883297046
2018-06-20T09:00:00.000000,6.55870109841599
2018-06-20T10:00:00.000000,6.55870109841599
2018-06-20T11:00:00.000000,6.43257223113876
2018-06-20T12:00:00.000000,5.42354129292092
2018-06-20T13:00:00.000000,6.05418562930707
2018-06-20T14:00:00.000000,6.55870109841599
2018-06-20T15:00:00.000000,6.43257223113876
2018-06-20T16:00:00.000000,6.05418562930707
2018-06-20T17:00:00.000000,6.05418562930707
2018-06-20T18:00:00.000000,6.30644336386153
2018-06-20T19:00:00.000000,6.1803144965843
2018-06-20T20:00:00.000000,7.06321656752492
2018-06-20T21:00:00.000000,6.93708770024769
2018-06-20T22:00:00.000000,7.18934543480215
2018-06-20T23:00:00.000000,6.43257223113876
2018-06-21T00:00:00.000000,6.68482996569322
2018-06-21T01:00:00.000000,6.81095883297046
2018-06-21T02:00:00.000000,6.81095883297046
2018-06-21T03:00:00.000000,6.55870109841599
2018-06-21T04:00:00.000000,7.06321656752492
2018-06-21T05:00:00.000000,7.69386090391107
2018-06-21T06:00:00.000000,7.18934543480215
2018-06-21T07:00:00.000000,6.05418562930707
2018-06-21T08:00:00.000000,5.67579902747538
2018-06-21T09:00:00.000000,6.55870109841599
2018-06-21T10:00:00.000000,6.1803144965843
2018-06-21T11:00:00.000000,6.05418562930707
2018-06-21T12:00:00.000000,5.92805676202984
2018-06-21T13:00:00.000000,5.92805676202984
2018-06-21T14:00:00.000000,5.92805676202984
2018-06-21T15:00:00.000000,6.05418562930707
2018-06-21T16:00:00.000000,5.67579902747538
2018-06-21T17:00:00.000000,6.30644336386153
2018-06-21T18:00:00.000000,5.92805676202984
2018-06-21T19:00:00.000000,5.29741242564369
2018-06-21T20:00:00.000000,5.67579902747538
2018-06-21T21:00:00.000000,6.43257223113876
2018-06-21T22:00:00.000000,6.55870109841599
2018-06-21T23:00:00.000000,6.30644336386153
2018-06-22T00:00:00.000000,5.67579902747538
2018-06-22T01:00:00.000000,6.1803144965843
2018-06-22T02:00:00.000000,5.92805676202984
2018-06-22T03:00:00.000000,6.81095883297046
2018-06-22T04:00:00.000000,6.30644336386153
2018-06-22T05:00:00.000000,6.30644336386153
2018-06-22T06:00:00.000000,5.92805676202984
2018-06-22T07:00:00.000000,6.55870109841599
2018-06-22T08:00:00.000000,6.55870109841599
2018-06-22T09:00:00.000000,5.92805676202984
2018-06-22T10:00:00.000000,7.31547430207938
2018-06-22T11:00:00.000000,6.93708770024769
2018-06-22T12:00:00.000000,6.81095883297046
2018-06-22T13:00:00.000000,8.57676297485168
2018-06-22T14:00:00.000000,8.57676297485168
2018-06-22T15:00:00.000000,8.32450524029722
2018-06-22T16:00:00.000000,8.07224750574276
2018-06-22T17:00:00.000000,6.93708770024769
2018-06-22T18:00:00.000000,7.69386090391107
2018-06-22T19:00:00.000000,7.31547430207938
2018-06-22T20:00:00.000000,9.4596650457923
2018-06-22T21:00:00.000000,12.6128867277231
2018-06-22T22:00:00.000000,10.7209537185646
2018-06-22T23:00:00.000000,9.33353617851507
2018-06-23T00:00:00.000000,9.33353617851507
2018-06-23T01:00:00.000000,8.32450524029722
2018-06-23T02:00:00.000000,8.70289184212892
2018-06-23T03:00:00.000000,7.8199897711883
2018-06-23T04:00:00.000000,8.07224750574276
2018-06-23T05:00:00.000000,7.56773203663384
2018-06-23T06:00:00.000000,8.32450524029722
2018-06-23T07:00:00.000000,7.06321656752492
2018-06-23T08:00:00.000000,6.68482996569322
2018-06-23T09:00:00.000000,6.43257223113876
2018-06-23T10:00:00.000000,6.43257223113876
2018-06-23T11:00:00.000000,6.43257223113876
2018-06-23T12:00:00.000000,6.30644336386153
2018-06-23T13:00:00.000000,6.30644336386153
2018-06-23T14:00:00.000000,5.80192789475261
2018-06-23T15:00:00.000000,5.92805676202984
2018-06-23T16:00:00.000000,5.80192789475261
2018-06-23T17:00:00.000000,6.43257223113876
2018-06-23T18:00:00.000000,5.80192789475261
2018-06-23T19:00:00.000000,5.92805676202984
2018-06-23T20:00:00.000000,5.92805676202984
2018-06-23T21:00:00.000000,7.06321656752492
2018-06-23T22:00:00.000000,6.68482996569322
2018-06-23T23:00:00.000000,7.06321656752492
2018-06-24T00:00:00.000000,6.68482996569322
2018-06-24T01:00:00.000000,6.30644336386153
2018-06-24T02:00:00.000000,7.18934543480215
2018-06-24T03:00:00.000000,6.81095883297046
2018-06-24T04:00:00.000000,7.69386090391107
2018-06-24T05:00:00.000000,9.4596650457923
2018-06-24T06:00:00.000000,10.3425671167329
2018-06-24T07:00:00.000000,9.33353617851507
2018-06-24T08:00:00.000000,8.45063410757445
2018-06-24T09:00:00.000000,8.57676297485168
2018-06-24T10:00:00.000000,7.69386090391107
2018-06-24T11:00:00.000000,7.31547430207938
2018-06-24T12:00:00.000000,7.94611863846553
2018-06-24T13:00:00.000000,7.31547430207938
2018-06-24T14:00:00.000000,7.18934543480215
2018-06-24T15:00:00.000000,7.8199897711883
2018-06-24T16:00:00.000000,7.56773203663384
2018-06-24T17:00:00.000000,6.81095883297046
2018-06-24T18:00:00.000000,7.06321656752492
2018-06-24T19:00:00.000000,6.68482996569322
2018-06-24T20:00:00.000000,7.18934543480215
2018-06-24T21:00:00.000000,7.69386090391107
2018-06-24T22:00:00.000000,7.69386090391107
2018-06-24T23:00:00.000000,7.56773203663384
2018-06-25T00:00:00.000000,7.69386090391107
2018-06-25T00:00:00.000000,7.69386090391107
2018-06-25T01:00:00.000000,7.98603283697098
2018-06-25T02:00:00.000000,7.79125154826437
2018-06-25T03:00:00.000000,8.2782047700309
2018-06-25T04:00:00.000000,7.69386090391107
2018-06-25T05:00:00.000000,7.40168897085116
2018-06-25T06:00:00.000000,7.49907961520446
2018-06-25T07:00:00.000000,6.52517317167141
2018-06-25T08:00:00.000000,5.94082930555159
2018-06-25T09:00:00.000000,6.81734510473133
2018-06-25T10:00:00.000000,6.71995446037802
2018-06-25T11:00:00.000000,6.33039188296481
2018-06-25T12:00:00.000000,6.91473574908463
2018-06-25T13:00:00.000000,7.49907961520446
2018-06-25T14:00:00.000000,6.91473574908463
2018-06-25T15:00:00.000000,6.91473574908463
2018-06-25T16:00:00.000000,7.30429832649785
2018-06-25T17:00:00.000000,6.62256381602472
2018-06-25T18:00:00.000000,6.42778252731811
2018-06-25T19:00:00.000000,6.42778252731811
2018-06-25T20:00:00.000000,6.81734510473133
2018-06-25T21:00:00.000000,7.79125154826437
2018-06-25T22:00:00.000000,7.69386090391107
2018-06-25T23:00:00.000000,7.30429832649785
2018-06-26T00:00:00.000000,7.01212639343794
2018-06-26T01:00:00.000000,7.01212639343794
2018-06-26T02:00:00.000000,6.71995446037802
2018-06-26T03:00:00.000000,7.69386090391107
2018-06-26T04:00:00.000000,6.91473574908463
2018-06-26T05:00:00.000000,6.71995446037802
2018-06-26T06:00:00.000000,6.71995446037802
2018-06-26T07:00:00.000000,6.33039188296481
2018-06-26T08:00:00.000000,6.42778252731811
2018-06-26T09:00:00.000000,6.42778252731811
2018-06-26T10:00:00.000000,6.91473574908463
2018-06-26T11:00:00.000000,6.2330012386115
2018-06-26T12:00:00.000000,6.71995446037802
2018-06-26T13:00:00.000000,6.03821994990489
2018-06-26T14:00:00.000000,5.84343866119828
2018-06-26T15:00:00.000000,6.13561059425819
2018-06-26T16:00:00.000000,6.2330012386115
2018-06-26T17:00:00.000000,6.33039188296481
2018-06-26T18:00:00.000000,5.84343866119828
2018-06-26T19:00:00.000000,5.84343866119828
2018-06-26T20:00:00.000000,6.81734510473133
2018-06-26T21:00:00.000000,7.20690768214455
2018-06-26T22:00:00.000000,7.30429832649785
2018-06-26T23:00:00.000000,6.71995446037802
2018-06-27T00:00:00.000000,7.88864219261768
2018-06-27T01:00:00.000000,7.40168897085116
2018-06-27T02:00:00.000000,7.98603283697098
2018-06-27T03:00:00.000000,7.98603283697098
2018-06-27T04:00:00.000000,7.10951703779124
2018-06-27T05:00:00.000000,7.20690768214455
2018-06-27T06:00:00.000000,6.13561059425819
2018-06-27T07:00:00.000000,6.2330012386115
2018-06-27T08:00:00.000000,6.2330012386115
2018-06-27T09:00:00.000000,5.55126672813837
2018-06-27T10:00:00.000000,6.13561059425819
2018-06-27T11:00:00.000000,6.42778252731811
2018-06-27T12:00:00.000000,6.13561059425819
2018-06-27T13:00:00.000000,6.42778252731811
2018-06-27T14:00:00.000000,6.03821994990489
2018-06-27T15:00:00.000000,5.35648543943176
2018-06-27T16:00:00.000000,5.55126672813837
2018-06-27T17:00:00.000000,5.84343866119828
2018-06-27T18:00:00.000000,5.16170415072515
2018-06-27T19:00:00.000000,6.2330012386115
2018-06-27T20:00:00.000000,6.52517317167141
2018-06-27T21:00:00.000000,7.40168897085116
2018-06-27T22:00:00.000000,7.49907961520446
2018-06-27T23:00:00.000000,6.2330012386115
2018-06-28T00:00:00.000000,7.01212639343794
2018-06-28T01:00:00.000000,7.20690768214455
2018-06-28T02:00:00.000000,7.40168897085116
2018-06-28T03:00:00.000000,7.69386090391107
2018-06-28T04:00:00.000000,6.91473574908463
2018-06-28T05:00:00.000000,5.74604801684498
2018-06-28T06:00:00.000000,6.52517317167141
2018-06-28T07:00:00.000000,5.64865737249167
2018-06-28T08:00:00.000000,5.55126672813837
2018-06-28T09:00:00.000000,5.55126672813837
2018-06-28T10:00:00.000000,5.64865737249167
2018-06-28T11:00:00.000000,6.42778252731811
2018-06-28T12:00:00.000000,6.2330012386115
2018-06-28T13:00:00.000000,6.13561059425819
2018-06-28T14:00:00.000000,5.35648543943176
2018-06-28T15:00:00.000000,5.35648543943176
2018-06-28T16:00:00.000000,5.55126672813837
2018-06-28T17:00:00.000000,6.13561059425819
2018-06-28T18:00:00.000000,5.84343866119828
2018-06-28T19:00:00.000000,5.64865737249167
2018-06-28T20:00:00.000000,6.71995446037802
2018-06-28T21:00:00.000000,7.98603283697098
2018-06-28T22:00:00.000000,8.95993928050403
2018-06-28T23:00:00.000000,9.54428314662386
2018-06-29T00:00:00.000000,8.66776734744412
2018-06-29T01:00:00.000000,8.08342348132429
2018-06-29T02:00:00.000000,8.47298605873751
2018-06-29T03:00:00.000000,8.2782047700309
2018-06-29T04:00:00.000000,8.66776734744412
2018-06-29T05:00:00.000000,8.66776734744412
2018-06-29T06:00:00.000000,7.30429832649785
2018-06-29T07:00:00.000000,7.20690768214455
2018-06-29T08:00:00.000000,5.84343866119828
2018-06-29T09:00:00.000000,6.2330012386115
2018-06-29T10:00:00.000000,7.40168897085116
2018-06-29T11:00:00.000000,7.30429832649785
2018-06-29T12:00:00.000000,7.49907961520446
2018-06-29T13:00:00.000000,8.2782047700309
2018-06-29T14:00:00.000000,8.2782047700309
2018-06-29T15:00:00.000000,8.18081412567759
2018-06-29T16:00:00.000000,8.57037670309081
2018-06-29T17:00:00.000000,7.88864219261768
2018-06-29T18:00:00.000000,7.59647025955777
2018-06-29T19:00:00.000000,7.98603283697098
2018-06-29T20:00:00.000000,8.47298605873751
2018-06-29T21:00:00.000000,9.34950185791725
2018-06-29T22:00:00.000000,9.25211121356394
2018-06-29T23:00:00.000000,9.54428314662386
2018-06-30T00:00:00.000000,9.25211121356394
2018-06-30T01:00:00.000000,9.73906443533047
2018-06-30T02:00:00.000000,9.54428314662386
2018-06-30T03:00:00.000000,8.66776734744412
2018-06-30T04:00:00.000000,9.05732992485734
2018-06-30T05:00:00.000000,7.88864219261768
2018-06-30T06:00:00.000000,8.47298605873751
2018-06-30T07:00:00.000000,8.08342348132429
2018-06-30T08:00:00.000000,7.10951703779124
2018-06-30T09:00:00.000000,7.20690768214455
2018-06-30T10:00:00.000000,6.81734510473133
2018-06-30T11:00:00.000000,6.62256381602472
2018-06-30T12:00:00.000000,7.01212639343794
2018-06-30T13:00:00.000000,6.81734510473133
2018-06-30T14:00:00.000000,5.94082930555159
2018-06-30T15:00:00.000000,5.84343866119828
2018-06-30T16:00:00.000000,5.94082930555159
2018-06-30T17:00:00.000000,6.2330012386115
2018-06-30T18:00:00.000000,6.13561059425819
2018-06-30T19:00:00.000000,6.2330012386115
2018-06-30T20:00:00.000000,6.13561059425819
2018-06-30T21:00:00.000000,6.91473574908463
2018-06-30T22:00:00.000000,7.10951703779124
2018-06-30T23:00:00.000000,7.20690768214455
2018-07-01T00:00:00.000000,7.01212639343794
2018-07-01T01:00:00.000000,6.91473574908463
2018-07-01T02:00:00.000000,7.01212639343794
2018-07-01T03:00:00.000000,7.49907961520446
2018-07-01T04:00:00.000000,6.2330012386115
2018-07-01T05:00:00.000000,6.42778252731811
2018-07-01T06:00:00.000000,6.42778252731811
2018-07-01T07:00:00.000000,6.03821994990489
2018-07-01T08:00:00.000000,6.13561059425819
2018-07-01T09:00:00.000000,5.55126672813837
2018-07-01T10:00:00.000000,5.94082930555159
2018-07-01T11:00:00.000000,5.84343866119828
2018-07-01T12:00:00.000000,6.13561059425819
2018-07-01T13:00:00.000000,5.74604801684498
2018-07-01T14:00:00.000000,5.55126672813837
2018-07-01T15:00:00.000000,5.74604801684498
2018-07-01T16:00:00.000000,5.16170415072515
2018-07-01T17:00:00.000000,5.25909479507845
2018-07-01T18:00:00.000000,5.35648543943176
2018-07-01T19:00:00.000000,6.2330012386115
2018-07-01T20:00:00.000000,5.45387608378506
2018-07-01T21:00:00.000000,6.52517317167141
2018-07-01T22:00:00.000000,6.91473574908463
2018-07-01T23:00:00.000000,7.40168897085116
2018-07-02T00:00:00.000000,6.62256381602472
2018-07-02T00:00:00.000000,6.62256381602472
2018-07-02T01:00:00.000000,6.71583936272929
2018-07-02T02:00:00.000000,7.46204373636588
2018-07-02T03:00:00.000000,6.80911490943386
2018-07-02T04:00:00.000000,6.43601272261557
2018-07-02T05:00:00.000000,6.99566600284301
2018-07-02T06:00:00.000000,6.80911490943386
2018-07-02T07:00:00.000000,6.06291053579728
2018-07-02T08:00:00.000000,5.78308389568356
2018-07-02T09:00:00.000000,5.87635944238813
2018-07-02T10:00:00.000000,6.52928826932014
2018-07-02T11:00:00.000000,6.24946162920642
2018-07-02T12:00:00.000000,6.342737175911
2018-07-02T13:00:00.000000,6.99566600284301
2018-07-02T14:00:00.000000,6.80911490943386
2018-07-02T15:00:00.000000,6.90239045613844
2018-07-02T16:00:00.000000,7.55531928307045
2018-07-02T17:00:00.000000,7.27549264295673
2018-07-02T18:00:00.000000,7.18221709625216
2018-07-02T19:00:00.000000,7.27549264295673
2018-07-02T20:00:00.000000,8.11497256329789
2018-07-02T21:00:00.000000,9.32755467045735
2018-07-02T22:00:00.000000,8.86117693693448
2018-07-02T23:00:00.000000,7.92842146988875
2018-07-03T00:00:00.000000,8.02169701659332
2018-07-03T01:00:00.000000,7.27549264295673
2018-07-03T02:00:00.000000,7.83514592318417
2018-07-03T03:00:00.000000,8.02169701659332
2018-07-03T04:00:00.000000,8.11497256329789
2018-07-03T05:00:00.000000,7.83514592318417
2018-07-03T06:00:00.000000,7.36876818966131
2018-07-03T07:00:00.000000,7.08894154954758
2018-07-03T08:00:00.000000,6.71583936272929
2018-07-03T09:00:00.000000,6.24946162920642
2018-07-03T10:00:00.000000,6.71583936272929
2018-07-03T11:00:00.000000,6.342737175911
2018-07-03T12:00:00.000000,6.62256381602472
2018-07-03T13:00:00.000000,6.342737175911
2018-07-03T14:00:00.000000,6.24946162920642
2018-07-03T15:00:00.000000,6.24946162920642
2018-07-03T16:00:00.000000,6.15618608250185
2018-07-03T17:00:00.000000,6.24946162920642
2018-07-03T18:00:00.000000,5.87635944238813
2018-07-03T19:00:00.000000,5.9696349890927
2018-07-03T20:00:00.000000,6.15618608250185
2018-07-03T21:00:00.000000,6.90239045613844
2018-07-03T22:00:00.000000,6.90239045613844
2018-07-03T23:00:00.000000,6.62256381602472
2018-07-04T00:00:00.000000,6.99566600284301
2018-07-04T01:00:00.000000,6.90239045613844
2018-07-04T02:00:00.000000,7.18221709625216
2018-07-04T03:00:00.000000,6.24946162920642
2018-07-04T04:00:00.000000,6.62256381602472
2018-07-04T05:00:00.000000,7.08894154954758
2018-07-04T06:00:00.000000,6.62256381602472
2018-07-04T07:00:00.000000,6.43601272261557
2018-07-04T08:00:00.000000,5.68980834897898
2018-07-04T09:00:00.000000,5.78308389568356
2018-07-04T10:00:00.000000,5.87635944238813
2018-07-04T11:00:00.000000,5.87635944238813
2018-07-04T12:00:00.000000,5.68980834897898
2018-07-04T13:00:00.000000,6.24946162920642
2018-07-04T14:00:00.000000,6.43601272261557
2018-07-04T15:00:00.000000,6.80911490943386
2018-07-04T16:00:00.000000,6.62256381602472
2018-07-04T17:00:00.000000,6.342737175911
2018-07-04T18:00:00.000000,5.59653280227441
2018-07-04T19:00:00.000000,6.52928826932014
2018-07-04T20:00:00.000000,6.90239045613844
2018-07-04T21:00:00.000000,7.46204373636588
2018-07-04T22:00:00.000000,7.36876818966131
2018-07-04T23:00:00.000000,7.27549264295673
2018-07-05T00:00:00.000000,6.06291053579728
2018-07-05T01:00:00.000000,6.15618608250185
2018-07-05T02:00:00.000000,6.43601272261557
2018-07-05T03:00:00.000000,6.62256381602472
2018-07-05T04:00:00.000000,6.43601272261557
2018-07-05T05:00:00.000000,7.46204373636588
2018-07-05T06:00:00.000000,5.78308389568356
2018-07-05T07:00:00.000000,6.342737175911
2018-07-05T08:00:00.000000,6.15618608250185
2018-07-05T09:00:00.000000,6.06291053579728
2018-07-05T10:00:00.000000,5.9696349890927
2018-07-05T11:00:00.000000,5.87635944238813
2018-07-05T12:00:00.000000,6.15618608250185
2018-07-05T13:00:00.000000,6.06291053579728
2018-07-05T14:00:00.000000,6.24946162920642
2018-07-05T15:00:00.000000,6.43601272261557
2018-07-05T16:00:00.000000,7.08894154954758
2018-07-05T17:00:00.000000,6.99566600284301
2018-07-05T18:00:00.000000,7.18221709625216
2018-07-05T19:00:00.000000,6.99566600284301
2018-07-05T20:00:00.000000,6.71583936272929
2018-07-05T21:00:00.000000,7.7418703764796
2018-07-05T22:00:00.000000,6.99566600284301
2018-07-05T23:00:00.000000,6.62256381602472
2018-07-06T00:00:00.000000,9.1410035770482
2018-07-06T01:00:00.000000,6.80911490943386
2018-07-06T02:00:00.000000,6.90239045613844
2018-07-06T03:00:00.000000,6.99566600284301
2018-07-06T04:00:00.000000,6.90239045613844
2018-07-06T05:00:00.000000,6.43601272261557
2018-07-06T06:00:00.000000,6.24946162920642
2018-07-06T07:00:00.000000,5.87635944238813
2018-07-06T08:00:00.000000,5.78308389568356
2018-07-06T09:00:00.000000,6.06291053579728
2018-07-06T10:00:00.000000,6.24946162920642
2018-07-06T11:00:00.000000,5.68980834897898
2018-07-06T12:00:00.000000,5.50325725556984
2018-07-06T13:00:00.000000,5.40998170886526
2018-07-06T14:00:00.000000,5.50325725556984
2018-07-06T15:00:00.000000,5.50325725556984
2018-07-06T16:00:00.000000,5.50325725556984
2018-07-06T17:00:00.000000,5.78308389568356
2018-07-06T18:00:00.000000,5.50325725556984
2018-07-06T19:00:00.000000,4.75705288193325
2018-07-06T20:00:00.000000,6.15618608250185
2018-07-06T21:00:00.000000,5.9696349890927
2018-07-06T22:00:00.000000,6.15618608250185
2018-07-06T23:00:00.000000,6.24946162920642
2018-07-07T00:00:00.000000,6.342737175911
2018-07-07T01:00:00.000000,5.78308389568356
2018-07-07T02:00:00.000000,6.71583936272929
2018-07-07T03:00:00.000000,6.06291053579728
2018-07-07T04:00:00.000000,5.68980834897898
2018-07-07T05:00:00.000000,5.68980834897898
2018-07-07T06:00:00.000000,5.78308389568356
2018-07-07T07:00:00.000000,5.59653280227441
2018-07-07T08:00:00.000000,5.40998170886526
2018-07-07T09:00:00.000000,5.59653280227441
2018-07-07T10:00:00.000000,4.9436039753424
2018-07-07T11:00:00.000000,5.03687952204697
2018-07-07T12:00:00.000000,5.22343061545612
2018-07-07T13:00:00.000000,5.13015506875154
2018-07-07T14:00:00.000000,4.19739960170581
2018-07-07T15:00:00.000000,4.38395069511495
2018-07-07T16:00:00.000000,4.85032842863782
2018-07-07T17:00:00.000000,4.9436039753424
2018-07-07T18:00:00.000000,4.66377733522867
2018-07-07T19:00:00.000000,5.03687952204697
2018-07-07T20:00:00.000000,4.66377733522867
2018-07-07T21:00:00.000000,5.40998170886526
2018-07-07T22:00:00.000000,5.87635944238813
2018-07-07T23:00:00.000000,6.52928826932014
2018-07-08T00:00:00.000000,6.71583936272929
2018-07-08T01:00:00.000000,5.59653280227441
2018-07-08T02:00:00.000000,5.68980834897898
2018-07-08T03:00:00.000000,5.78308389568356
2018-07-08T04:00:00.000000,5.78308389568356
2018-07-08T05:00:00.000000,6.06291053579728
2018-07-08T06:00:00.000000,5.50325725556984
2018-07-08T07:00:00.000000,5.87635944238813
2018-07-08T08:00:00.000000,5.50325725556984
2018-07-08T09:00:00.000000,5.13015506875154
2018-07-08T10:00:00.000000,5.13015506875154
2018-07-08T11:00:00.000000,5.59653280227441
2018-07-08T12:00:00.000000,6.06291053579728
2018-07-08T13:00:00.000000,5.31670616216069
2018-07-08T14:00:00.000000,5.40998170886526
2018-07-08T15:00:00.000000,5.87635944238813
2018-07-08T16:00:00.000000,5.78308389568356
2018-07-08T17:00:00.000000,6.15618608250185
2018-07-08T18:00:00.000000,5.50325725556984
2018-07-08T19:00:00.000000,5.68980834897898
2018-07-08T20:00:00.000000,6.06291053579728
2018-07-08T21:00:00.000000,6.52928826932014
2018-07-08T22:00:00.000000,6.80911490943386
2018-07-08T23:00:00.000000,6.71583936272929
2018-07-09T00:00:00.000000,6.24946162920642
2018-07-09T00:00:00.000000,6.24946162920642
2018-07-09T01:00:00.000000,6.16500944502796
2018-07-09T02:00:00.000000,6.08055726084949
2018-07-09T03:00:00.000000,5.8272007083141
2018-07-09T04:00:00.000000,6.75617473427721
2018-07-09T05:00:00.000000,6.41836599756335
2018-07-09T06:00:00.000000,5.91165289249256
2018-07-09T07:00:00.000000,5.65829633995717
2018-07-09T08:00:00.000000,5.06713105070791
2018-07-09T09:00:00.000000,5.8272007083141
2018-07-09T10:00:00.000000,5.8272007083141
2018-07-09T11:00:00.000000,5.8272007083141
2018-07-09T12:00:00.000000,5.48939197160024
2018-07-09T13:00:00.000000,5.48939197160024
2018-07-09T14:00:00.000000,5.74274852413563
2018-07-09T15:00:00.000000,5.40493978742177
2018-07-09T16:00:00.000000,5.74274852413563
2018-07-09T17:00:00.000000,5.99610507667103
2018-07-09T18:00:00.000000,6.67172255009875
2018-07-09T19:00:00.000000,6.24946162920642
2018-07-09T20:00:00.000000,6.84062691845568
2018-07-09T21:00:00.000000,7.17843565516954
2018-07-09T22:00:00.000000,7.09398347099108
2018-07-09T23:00:00.000000,7.00953128681261
2018-07-10T00:00:00.000000,6.58727036592028
2018-07-10T01:00:00.000000,6.33391381338489
2018-07-10T02:00:00.000000,6.41836599756335
2018-07-10T03:00:00.000000,6.92507910263414
2018-07-10T04:00:00.000000,6.50281818174182
2018-07-10T05:00:00.000000,6.24946162920642
2018-07-10T06:00:00.000000,6.24946162920642
2018-07-10T07:00:00.000000,5.48939197160024
2018-07-10T08:00:00.000000,5.5738441557787
2018-07-10T09:00:00.000000,5.40493978742177
2018-07-10T10:00:00.000000,6.08055726084949
2018-07-10T11:00:00.000000,6.84062691845568
2018-07-10T12:00:00.000000,5.99610507667103
2018-07-10T13:00:00.000000,5.91165289249256
2018-07-10T14:00:00.000000,6.16500944502796
2018-07-10T15:00:00.000000,6.58727036592028
2018-07-10T16:00:00.000000,6.50281818174182
2018-07-10T17:00:00.000000,6.16500944502796
2018-07-10T18:00:00.000000,5.91165289249256
2018-07-10T19:00:00.000000,5.65829633995717
2018-07-10T20:00:00.000000,6.24946162920642
2018-07-10T21:00:00.000000,6.92507910263414
2018-07-10T22:00:00.000000,7.09398347099108
2018-07-10T23:00:00.000000,6.50281818174182
2018-07-11T00:00:00.000000,8.44521841784652
2018-07-11T01:00:00.000000,6.84062691845568
2018-07-11T02:00:00.000000,6.75617473427721
2018-07-11T03:00:00.000000,6.24946162920642
2018-07-11T04:00:00.000000,6.92507910263414
2018-07-11T05:00:00.000000,6.58727036592028
2018-07-11T06:00:00.000000,6.33391381338489
2018-07-11T07:00:00.000000,5.65829633995717
2018-07-11T08:00:00.000000,5.65829633995717
2018-07-11T09:00:00.000000,5.91165289249256
2018-07-11T10:00:00.000000,5.06713105070791
2018-07-11T11:00:00.000000,5.48939197160024
2018-07-11T12:00:00.000000,5.8272007083141
2018-07-11T13:00:00.000000,5.40493978742177
2018-07-11T14:00:00.000000,5.5738441557787
2018-07-11T15:00:00.000000,5.91165289249256
2018-07-11T16:00:00.000000,5.91165289249256
2018-07-11T17:00:00.000000,5.74274852413563
2018-07-11T18:00:00.000000,5.06713105070791
2018-07-11T19:00:00.000000,5.65829633995717
2018-07-11T20:00:00.000000,5.5738441557787
2018-07-11T21:00:00.000000,6.33391381338489
2018-07-11T22:00:00.000000,7.00953128681261
2018-07-11T23:00:00.000000,6.67172255009875
2018-07-12T00:00:00.000000,6.41836599756335
2018-07-12T01:00:00.000000,6.24946162920642
2018-07-12T02:00:00.000000,6.67172255009875
2018-07-12T03:00:00.000000,6.33391381338489
2018-07-12T04:00:00.000000,7.00953128681261
2018-07-12T05:00:00.000000,6.24946162920642
2018-07-12T06:00:00.000000,5.5738441557787
2018-07-12T07:00:00.000000,6.33391381338489
2018-07-12T08:00:00.000000,6.67172255009875
2018-07-12T09:00:00.000000,5.91165289249256
2018-07-12T10:00:00.000000,5.32048760324331
2018-07-12T11:00:00.000000,5.15158323488638
2018-07-12T12:00:00.000000,6.08055726084949
2018-07-12T13:00:00.000000,6.24946162920642
2018-07-12T14:00:00.000000,6.33391381338489
2018-07-12T15:00:00.000000,6.58727036592028
2018-07-12T16:00:00.000000,6.08055726084949
2018-07-12T17:00:00.000000,6.84062691845568
2018-07-12T18:00:00.000000,6.58727036592028
2018-07-12T19:00:00.000000,6.50281818174182
2018-07-12T20:00:00.000000,7.00953128681261
2018-07-12T21:00:00.000000,7.5162443918834
2018-07-12T22:00:00.000000,7.68514876024033
2018-07-12T23:00:00.000000,7.5162443918834
2018-07-13T00:00:00.000000,7.17843565516954
2018-07-13T01:00:00.000000,6.84062691845568
2018-07-13T02:00:00.000000,6.84062691845568
2018-07-13T03:00:00.000000,6.50281818174182
2018-07-13T04:00:00.000000,6.58727036592028
2018-07-13T05:00:00.000000,6.24946162920642
2018-07-13T06:00:00.000000,5.40493978742177
2018-07-13T07:00:00.000000,5.99610507667103
2018-07-13T08:00:00.000000,5.32048760324331
2018-07-13T09:00:00.000000,5.32048760324331
2018-07-13T10:00:00.000000,5.40493978742177
2018-07-13T11:00:00.000000,5.48939197160024
2018-07-13T12:00:00.000000,5.5738441557787
2018-07-13T13:00:00.000000,5.91165289249256
2018-07-13T14:00:00.000000,5.8272007083141
2018-07-13T15:00:00.000000,5.5738441557787
2018-07-13T16:00:00.000000,5.99610507667103
2018-07-13T17:00:00.000000,5.91165289249256
2018-07-13T18:00:00.000000,6.24946162920642
2018-07-13T19:00:00.000000,5.99610507667103
2018-07-13T20:00:00.000000,6.58727036592028
2018-07-13T21:00:00.000000,6.58727036592028
2018-07-13T22:00:00.000000,7.00953128681261
2018-07-13T23:00:00.000000,6.24946162920642
2018-07-14T00:00:00.000000,6.92507910263414
2018-07-14T01:00:00.000000,5.5738441557787
2018-07-14T02:00:00.000000,5.74274852413563
2018-07-14T03:00:00.000000,6.58727036592028
2018-07-14T04:00:00.000000,5.99610507667103
2018-07-14T05:00:00.000000,6.24946162920642
2018-07-14T06:00:00.000000,5.15158323488638
2018-07-14T07:00:00.000000,4.81377449817252
2018-07-14T08:00:00.000000,5.32048760324331
2018-07-14T09:00:00.000000,5.32048760324331
2018-07-14T10:00:00.000000,5.32048760324331
2018-07-14T11:00:00.000000,5.40493978742177
2018-07-14T12:00:00.000000,5.23603541906484
2018-07-14T13:00:00.000000,5.06713105070791
2018-07-14T14:00:00.000000,4.72932231399405
2018-07-14T15:00:00.000000,4.56041794563712
2018-07-14T16:00:00.000000,4.98267886652944
2018-07-14T17:00:00.000000,5.23603541906484
2018-07-14T18:00:00.000000,4.89822668235098
2018-07-14T19:00:00.000000,5.5738441557787
2018-07-14T20:00:00.000000,5.8272007083141
2018-07-14T21:00:00.000000,5.23603541906484
2018-07-14T22:00:00.000000,5.74274852413563
2018-07-14T23:00:00.000000,6.08055726084949
2018-07-15T00:00:00.000000,6.92507910263414
2018-07-15T01:00:00.000000,5.32048760324331
2018-07-15T02:00:00.000000,5.65829633995717
2018-07-15T03:00:00.000000,5.40493978742177
2018-07-15T04:00:00.000000,5.8272007083141
2018-07-15T05:00:00.000000,5.23603541906484
2018-07-15T06:00:00.000000,5.48939197160024
2018-07-15T07:00:00.000000,5.23603541906484
2018-07-15T08:00:00.000000,5.15158323488638
2018-07-15T09:00:00.000000,5.06713105070791
2018-07-15T10:00:00.000000,4.89822668235098
2018-07-15T11:00:00.000000,5.15158323488638
2018-07-15T12:00:00.000000,5.32048760324331
2018-07-15T13:00:00.000000,4.98267886652944
2018-07-15T14:00:00.000000,4.81377449817252
2018-07-15T15:00:00.000000,3.96925265638786
2018-07-15T16:00:00.000000,4.39151357728019
2018-07-15T17:00:00.000000,5.06713105070791
2018-07-15T18:00:00.000000,5.06713105070791
2018-07-15T19:00:00.000000,5.23603541906484
2018-07-15T20:00:00.000000,5.23603541906484
2018-07-15T21:00:00.000000,6.33391381338489
2018-07-15T22:00:00.000000,5.91165289249256
2018-07-15T23:00:00.000000,6.41836599756335
2018-07-16T00:00:00.000000,5.8272007083141
2018-07-16T00:00:00.000000,5.8272007083141
2018-07-16T01:00:00.000000,5.97661611109138
2018-07-16T02:00:00.000000,5.8272007083141
2018-07-16T03:00:00.000000,6.27544691664595
2018-07-16T04:00:00.000000,5.97661611109138
2018-07-16T05:00:00.000000,6.42486231942323
2018-07-16T06:00:00.000000,5.52836990275953
2018-07-16T07:00:00.000000,5.37895449998224
2018-07-16T08:00:00.000000,5.37895449998224
2018-07-16T09:00:00.000000,5.37895449998224
2018-07-16T10:00:00.000000,5.67778530553681
2018-07-16T11:00:00.000000,6.87310852775509
2018-07-16T12:00:00.000000,6.12603151386867
2018-07-16T13:00:00.000000,6.72369312497781
2018-07-16T14:00:00.000000,6.57427772220052
2018-07-16T15:00:00.000000,6.57427772220052
2018-07-16T16:00:00.000000,6.12603151386867
2018-07-16T17:00:00.000000,6.57427772220052
2018-07-16T18:00:00.000000,7.02252393053237
2018-07-16T19:00:00.000000,7.17193933330966
2018-07-16T20:00:00.000000,7.02252393053237
2018-07-16T21:00:00.000000,7.32135473608694
2018-07-16T22:00:00.000000,8.21784715275065
2018-07-16T23:00:00.000000,8.06843174997336
2018-07-17T00:00:00.000000,8.21784715275065
2018-07-17T01:00:00.000000,7.91901634719608
2018-07-17T02:00:00.000000,7.17193933330966
2018-07-17T03:00:00.000000,8.06843174997336
2018-07-17T04:00:00.000000,7.7696009444188
2018-07-17T05:00:00.000000,7.7696009444188
2018-07-17T06:00:00.000000,7.32135473608694
2018-07-17T07:00:00.000000,6.72369312497781
2018-07-17T08:00:00.000000,6.72369312497781
2018-07-17T09:00:00.000000,6.12603151386867
2018-07-17T10:00:00.000000,6.57427772220052
2018-07-17T11:00:00.000000,6.12603151386867
2018-07-17T12:00:00.000000,5.67778530553681
2018-07-17T13:00:00.000000,6.42486231942323
2018-07-17T14:00:00.000000,6.42486231942323
2018-07-17T15:00:00.000000,6.12603151386867
2018-07-17T16:00:00.000000,6.42486231942323
2018-07-17T17:00:00.000000,7.7696009444188
2018-07-17T18:00:00.000000,14.9415402777285
2018-07-17T19:00:00.000000,12.7003092360692
2018-07-17T20:00:00.000000,11.6544014166282
2018-07-17T21:00:00.000000,12.7003092360692
2018-07-17T22:00:00.000000,11.6544014166282
2018-07-17T23:00:00.000000,11.0567398055191
2018-07-18T00:00:00.000000,10.3096627916326
2018-07-18T01:00:00.000000,9.26375497219164
2018-07-18T02:00:00.000000,9.86141658330078
2018-07-18T03:00:00.000000,11.6544014166282
2018-07-18T04:00:00.000000,10.3096627916326
2018-07-18T05:00:00.000000,10.3096627916326
2018-07-18T06:00:00.000000,9.56258577774621
2018-07-18T07:00:00.000000,8.96492416663707
2018-07-18T08:00:00.000000,7.7696009444188
2018-07-18T09:00:00.000000,7.91901634719608
2018-07-18T10:00:00.000000,8.36726255552793
2018-07-18T11:00:00.000000,8.36726255552793
2018-07-18T12:00:00.000000,9.26375497219164
2018-07-18T13:00:00.000000,8.81550876385979
2018-07-18T14:00:00.000000,9.11433956941436
2018-07-18T15:00:00.000000,8.96492416663707
2018-07-18T16:00:00.000000,9.11433956941436
2018-07-18T17:00:00.000000,8.51667795830522
2018-07-18T18:00:00.000000,9.86141658330078
2018-07-18T19:00:00.000000,9.41317037496892
2018-07-18T20:00:00.000000,9.71200118052349
2018-07-18T21:00:00.000000,9.71200118052349
2018-07-18T22:00:00.000000,8.51667795830522
2018-07-18T23:00:00.000000,8.21784715275065
2018-07-19T00:00:00.000000,7.91901634719608
2018-07-19T01:00:00.000000,7.7696009444188
2018-07-19T02:00:00.000000,8.06843174997336
2018-07-19T03:00:00.000000,8.06843174997336
2018-07-19T04:00:00.000000,8.21784715275065
2018-07-19T05:00:00.000000,8.21784715275065
2018-07-19T06:00:00.000000,8.21784715275065
2018-07-19T07:00:00.000000,6.87310852775509
2018-07-19T08:00:00.000000,7.17193933330966
2018-07-19T09:00:00.000000,6.27544691664595
2018-07-19T10:00:00.000000,7.47077013886423
2018-07-19T11:00:00.000000,6.87310852775509
2018-07-19T12:00:00.000000,7.47077013886423
2018-07-19T13:00:00.000000,7.47077013886423
2018-07-19T14:00:00.000000,8.06843174997336
2018-07-19T15:00:00.000000,8.36726255552793
2018-07-19T16:00:00.000000,7.62018554164151
2018-07-19T17:00:00.000000,7.62018554164151
2018-07-19T18:00:00.000000,7.32135473608694
2018-07-19T19:00:00.000000,8.06843174997336
2018-07-19T20:00:00.000000,8.36726255552793
2018-07-19T21:00:00.000000,8.81550876385979
2018-07-19T22:00:00.000000,7.62018554164151
2018-07-19T23:00:00.000000,8.21784715275065
2018-07-20T00:00:00.000000,8.36726255552793
2018-07-20T01:00:00.000000,7.7696009444188
2018-07-20T02:00:00.000000,7.32135473608694
2018-07-20T03:00:00.000000,7.7696009444188
2018-07-20T04:00:00.000000,7.47077013886423
2018-07-20T05:00:00.000000,7.02252393053237
2018-07-20T06:00:00.000000,7.62018554164151
2018-07-20T07:00:00.000000,7.47077013886423
2018-07-20T08:00:00.000000,7.17193933330966
2018-07-20T09:00:00.000000,7.02252393053237
2018-07-20T10:00:00.000000,6.87310852775509
2018-07-20T11:00:00.000000,6.57427772220052
2018-07-20T12:00:00.000000,6.87310852775509
2018-07-20T13:00:00.000000,6.72369312497781
2018-07-20T14:00:00.000000,7.17193933330966
2018-07-20T15:00:00.000000,6.72369312497781
2018-07-20T16:00:00.000000,7.17193933330966
2018-07-20T17:00:00.000000,7.32135473608694
2018-07-20T18:00:00.000000,6.72369312497781
2018-07-20T19:00:00.000000,7.32135473608694
2018-07-20T20:00:00.000000,7.91901634719608
2018-07-20T21:00:00.000000,7.47077013886423
2018-07-20T22:00:00.000000,7.62018554164151
2018-07-20T23:00:00.000000,7.7696009444188
2018-07-21T00:00:00.000000,7.02252393053237
2018-07-21T01:00:00.000000,6.57427772220052
2018-07-21T02:00:00.000000,7.02252393053237
2018-07-21T03:00:00.000000,6.27544691664595
2018-07-21T04:00:00.000000,6.87310852775509
2018-07-21T05:00:00.000000,6.72369312497781
2018-07-21T06:00:00.000000,6.27544691664595
2018-07-21T07:00:00.000000,6.12603151386867
2018-07-21T08:00:00.000000,5.8272007083141
2018-07-21T09:00:00.000000,6.12603151386867
2018-07-21T10:00:00.000000,5.8272007083141
2018-07-21T11:00:00.000000,6.27544691664595
2018-07-21T12:00:00.000000,5.67778530553681
2018-07-21T13:00:00.000000,5.97661611109138
2018-07-21T14:00:00.000000,5.67778530553681
2018-07-21T15:00:00.000000,5.97661611109138
2018-07-21T16:00:00.000000,5.67778530553681
2018-07-21T17:00:00.000000,5.97661611109138
2018-07-21T18:00:00.000000,7.32135473608694
2018-07-21T19:00:00.000000,6.27544691664595
2018-07-21T20:00:00.000000,6.72369312497781
2018-07-21T21:00:00.000000,7.91901634719608
2018-07-21T22:00:00.000000,6.72369312497781
2018-07-21T23:00:00.000000,7.47077013886423
2018-07-22T00:00:00.000000,6.27544691664595
2018-07-22T01:00:00.000000,5.97661611109138
2018-07-22T02:00:00.000000,6.27544691664595
2018-07-22T03:00:00.000000,5.97661611109138
2018-07-22T04:00:00.000000,6.87310852775509
2018-07-22T05:00:00.000000,6.12603151386867
2018-07-22T06:00:00.000000,5.52836990275953
2018-07-22T07:00:00.000000,5.67778530553681
2018-07-22T08:00:00.000000,5.52836990275953
2018-07-22T09:00:00.000000,5.52836990275953
2018-07-22T10:00:00.000000,6.27544691664595
2018-07-22T11:00:00.000000,5.52836990275953
2018-07-22T12:00:00.000000,5.97661611109138
2018-07-22T13:00:00.000000,5.8272007083141
2018-07-22T14:00:00.000000,6.42486231942323
2018-07-22T15:00:00.000000,6.27544691664595
2018-07-22T16:00:00.000000,6.57427772220052
2018-07-22T17:00:00.000000,6.57427772220052
2018-07-22T18:00:00.000000,6.12603151386867
2018-07-22T19:00:00.000000,6.42486231942323
2018-07-22T20:00:00.000000,6.87310852775509
2018-07-22T21:00:00.000000,7.7696009444188
2018-07-22T22:00:00.000000,7.7696009444188
2018-07-22T23:00:00.000000,7.02252393053237
2018-07-23T00:00:00.000000,6.87310852775509
2018-07-23T00:00:00.000000,6.87310852775509
2018-07-23T01:00:00.000000,6.16209730074594
2018-07-23T02:00:00.000000,7.34711601242785
2018-07-23T03:00:00.000000,6.99161039892328
2018-07-23T04:00:00.000000,7.46561788359604
2018-07-23T05:00:00.000000,7.58411975476423
2018-07-23T06:00:00.000000,7.46561788359604
2018-07-23T07:00:00.000000,6.63610478541871
2018-07-23T08:00:00.000000,6.87310852775509
2018-07-23T09:00:00.000000,6.63610478541871
2018-07-23T10:00:00.000000,7.11011227009147
2018-07-23T11:00:00.000000,6.51760291425052
2018-07-23T12:00:00.000000,6.87310852775509
2018-07-23T13:00:00.000000,7.22861414125966
2018-07-23T14:00:00.000000,7.93962536826881
2018-07-23T15:00:00.000000,7.34711601242785
2018-07-23T16:00:00.000000,7.22861414125966
2018-07-23T17:00:00.000000,7.22861414125966
2018-07-23T18:00:00.000000,7.82112349710062
2018-07-23T19:00:00.000000,7.70262162593243
2018-07-23T20:00:00.000000,8.41363285294158
2018-07-23T21:00:00.000000,9.00614220878253
2018-07-23T22:00:00.000000,8.41363285294158
2018-07-23T23:00:00.000000,8.65063659527796
2018-07-24T00:00:00.000000,8.41363285294158
2018-07-24T01:00:00.000000,7.22861414125966
2018-07-24T02:00:00.000000,7.46561788359604
2018-07-24T03:00:00.000000,8.65063659527796
2018-07-24T04:00:00.000000,8.29513098177338
2018-07-24T05:00:00.000000,10.546666533969
2018-07-24T06:00:00.000000,9.95415717812806
2018-07-24T07:00:00.000000,9.59865156462349
2018-07-24T08:00:00.000000,9.00614220878253
2018-07-24T09:00:00.000000,7.93962536826881
2018-07-24T10:00:00.000000,9.3616478222871
2018-07-24T11:00:00.000000,10.3096627916326
2018-07-24T12:00:00.000000,11.8501871168191
2018-07-24T13:00:00.000000,10.9021721474736
2018-07-24T14:00:00.000000,11.13917588981
2018-07-24T15:00:00.000000,9.95415717812806
2018-07-24T16:00:00.000000,10.3096627916326
2018-07-24T17:00:00.000000,10.1911609204644
2018-07-24T18:00:00.000000,10.1911609204644
2018-07-24T19:00:00.000000,10.6651684051372
2018-07-24T20:00:00.000000,10.6651684051372
2018-07-24T21:00:00.000000,10.9021721474736
2018-07-24T22:00:00.000000,10.3096627916326
2018-07-24T23:00:00.000000,10.9021721474736
2018-07-25T00:00:00.000000,11.13917588981
2018-07-25T01:00:00.000000,10.546666533969
2018-07-25T02:00:00.000000,9.83565530695987
2018-07-25T03:00:00.000000,9.83565530695987
2018-07-25T04:00:00.000000,9.48014969345529
2018-07-25T05:00:00.000000,10.9021721474736
2018-07-25T06:00:00.000000,9.3616478222871
2018-07-25T07:00:00.000000,9.00614220878253
2018-07-25T08:00:00.000000,8.41363285294158
2018-07-25T09:00:00.000000,7.93962536826881
2018-07-25T10:00:00.000000,8.65063659527796
2018-07-25T11:00:00.000000,7.93962536826881
2018-07-25T12:00:00.000000,8.88764033761434
2018-07-25T13:00:00.000000,8.29513098177338
2018-07-25T14:00:00.000000,8.65063659527796
2018-07-25T15:00:00.000000,8.76913846644615
2018-07-25T16:00:00.000000,8.65063659527796
2018-07-25T17:00:00.000000,8.17662911060519
2018-07-25T18:00:00.000000,8.058127239437
2018-07-25T19:00:00.000000,8.41363285294158
2018-07-25T20:00:00.000000,8.41363285294158
2018-07-25T21:00:00.000000,10.1911609204644
2018-07-25T22:00:00.000000,9.95415717812806
2018-07-25T23:00:00.000000,8.65063659527796
2018-07-26T00:00:00.000000,7.82112349710062
2018-07-26T01:00:00.000000,7.93962536826881
2018-07-26T02:00:00.000000,8.41363285294158
2018-07-26T03:00:00.000000,7.46561788359604
2018-07-26T04:00:00.000000,8.65063659527796
2018-07-26T05:00:00.000000,8.53213472410977
2018-07-26T06:00:00.000000,7.93962536826881
2018-07-26T07:00:00.000000,7.34711601242785
2018-07-26T08:00:00.000000,6.87310852775509
2018-07-26T09:00:00.000000,7.70262162593243
2018-07-26T10:00:00.000000,7.58411975476423
2018-07-26T11:00:00.000000,7.46561788359604
2018-07-26T12:00:00.000000,7.22861414125966
2018-07-26T13:00:00.000000,7.11011227009147
2018-07-26T14:00:00.000000,6.99161039892328
2018-07-26T15:00:00.000000,7.22861414125966
2018-07-26T16:00:00.000000,7.58411975476423
2018-07-26T17:00:00.000000,7.58411975476423
2018-07-26T18:00:00.000000,7.70262162593243
2018-07-26T19:00:00.000000,7.70262162593243
2018-07-26T20:00:00.000000,8.29513098177338
2018-07-26T21:00:00.000000,11.13917588981
2018-07-26T22:00:00.000000,11.3761796321464
2018-07-26T23:00:00.000000,10.9021721474736
2018-07-27T00:00:00.000000,9.71715343579168
2018-07-27T01:00:00.000000,8.29513098177338
2018-07-27T02:00:00.000000,9.3616478222871
2018-07-27T03:00:00.000000,9.12464407995072
2018-07-27T04:00:00.000000,8.29513098177338
2018-07-27T05:00:00.000000,8.65063659527796
2018-07-27T06:00:00.000000,8.058127239437
2018-07-27T07:00:00.000000,8.058127239437
2018-07-27T08:00:00.000000,7.93962536826881
2018-07-27T09:00:00.000000,7.34711601242785
2018-07-27T10:00:00.000000,7.46561788359604
2018-07-27T11:00:00.000000,7.46561788359604
2018-07-27T12:00:00.000000,7.11011227009147
2018-07-27T13:00:00.000000,7.34711601242785
2018-07-27T14:00:00.000000,7.22861414125966
2018-07-27T15:00:00.000000,8.88764033761434
2018-07-27T16:00:00.000000,7.70262162593243
2018-07-27T17:00:00.000000,7.34711601242785
2018-07-27T18:00:00.000000,7.93962536826881
2018-07-27T19:00:00.000000,8.058127239437
2018-07-27T20:00:00.000000,7.22861414125966
2018-07-27T21:00:00.000000,7.70262162593243
2018-07-27T22:00:00.000000,8.29513098177338
2018-07-27T23:00:00.000000,7.82112349710062
2018-07-28T00:00:00.000000,7.70262162593243
2018-07-28T01:00:00.000000,7.34711601242785
2018-07-28T02:00:00.000000,6.7546066565869
2018-07-28T03:00:00.000000,7.22861414125966
2018-07-28T04:00:00.000000,7.11011227009147
2018-07-28T05:00:00.000000,7.22861414125966
2018-07-28T06:00:00.000000,7.34711601242785
2018-07-28T07:00:00.000000,6.28059917191413
2018-07-28T08:00:00.000000,6.51760291425052
2018-07-28T09:00:00.000000,6.04359542957775
2018-07-28T10:00:00.000000,6.04359542957775
2018-07-28T11:00:00.000000,5.68808981607318
2018-07-28T12:00:00.000000,6.51760291425052
2018-07-28T13:00:00.000000,6.04359542957775
2018-07-28T14:00:00.000000,6.28059917191413
2018-07-28T15:00:00.000000,6.39910104308232
2018-07-28T16:00:00.000000,6.39910104308232
2018-07-28T17:00:00.000000,6.28059917191413
2018-07-28T18:00:00.000000,6.16209730074594
2018-07-28T19:00:00.000000,6.51760291425052
2018-07-28T20:00:00.000000,7.22861414125966
2018-07-28T21:00:00.000000,6.87310852775509
2018-07-28T22:00:00.000000,6.87310852775509
2018-07-28T23:00:00.000000,6.87310852775509
2018-07-29T00:00:00.000000,7.11011227009147
2018-07-29T01:00:00.000000,5.92509355840956
2018-07-29T02:00:00.000000,6.04359542957775
2018-07-29T03:00:00.000000,6.28059917191413
2018-07-29T04:00:00.000000,6.39910104308232
2018-07-29T05:00:00.000000,6.7546066565869
2018-07-29T06:00:00.000000,6.28059917191413
2018-07-29T07:00:00.000000,6.28059917191413
2018-07-29T08:00:00.000000,5.68808981607318
2018-07-29T09:00:00.000000,5.68808981607318
2018-07-29T10:00:00.000000,6.39910104308232
2018-07-29T11:00:00.000000,5.80659168724137
2018-07-29T12:00:00.000000,5.92509355840956
2018-07-29T13:00:00.000000,6.28059917191413
2018-07-29T14:00:00.000000,6.51760291425052
2018-07-29T15:00:00.000000,6.16209730074594
2018-07-29T16:00:00.000000,6.16209730074594
2018-07-29T17:00:00.000000,6.04359542957775
2018-07-29T18:00:00.000000,6.16209730074594
2018-07-29T19:00:00.000000,6.28059917191413
2018-07-29T20:00:00.000000,6.63610478541871
2018-07-29T21:00:00.000000,7.22861414125966
2018-07-29T22:00:00.000000,8.058127239437
2018-07-29T23:00:00.000000,7.34711601242785
2018-07-30T00:00:00.000000,7.22861414125966
2018-07-30T00:00:00.000000,7.22861414125966
2018-07-30T01:00:00.000000,6.95754111096242
2018-07-30T02:00:00.000000,6.77682575743093
2018-07-30T03:00:00.000000,6.95754111096242
2018-07-30T04:00:00.000000,7.31897181802541
2018-07-30T05:00:00.000000,7.22861414125966
2018-07-30T06:00:00.000000,7.13825646449392
2018-07-30T07:00:00.000000,6.41539505036795
2018-07-30T08:00:00.000000,6.14432202007071
2018-07-30T09:00:00.000000,6.05396434330497
2018-07-30T10:00:00.000000,6.41539505036795
2018-07-30T11:00:00.000000,6.32503737360221
2018-07-30T12:00:00.000000,6.32503737360221
2018-07-30T13:00:00.000000,6.50575272713369
2018-07-30T14:00:00.000000,6.68646808066519
2018-07-30T15:00:00.000000,7.04789878772817
2018-07-30T16:00:00.000000,7.59004484832265
2018-07-30T17:00:00.000000,7.13825646449392
2018-07-30T18:00:00.000000,8.04183323215137
2018-07-30T19:00:00.000000,7.86111787861988
2018-07-30T20:00:00.000000,7.68040252508839
2018-07-30T21:00:00.000000,8.13219090891712
2018-07-30T22:00:00.000000,7.59004484832265
2018-07-30T23:00:00.000000,7.95147555538563
2018-07-31T00:00:00.000000,7.86111787861988
2018-07-31T01:00:00.000000,7.40932949479115
2018-07-31T02:00:00.000000,7.31897181802541
2018-07-31T03:00:00.000000,7.4996871715569
2018-07-31T04:00:00.000000,6.41539505036795
2018-07-31T05:00:00.000000,7.22861414125966
2018-07-31T06:00:00.000000,6.86718343419668
2018-07-31T07:00:00.000000,6.23467969683646
2018-07-31T08:00:00.000000,6.68646808066519
2018-07-31T09:00:00.000000,6.41539505036795
2018-07-31T10:00:00.000000,6.68646808066519
2018-07-31T11:00:00.000000,6.95754111096242
2018-07-31T12:00:00.000000,7.4996871715569
2018-07-31T13:00:00.000000,7.86111787861988
2018-07-31T14:00:00.000000,8.40326393921436
2018-07-31T15:00:00.000000,8.04183323215137
2018-07-31T16:00:00.000000,8.22254858568287
2018-07-31T17:00:00.000000,7.4996871715569
2018-07-31T18:00:00.000000,7.31897181802541
2018-07-31T19:00:00.000000,7.40932949479115
2018-07-31T20:00:00.000000,7.59004484832265
2018-07-31T21:00:00.000000,8.58397929274585
2018-07-31T22:00:00.000000,7.86111787861988
2018-07-31T23:00:00.000000,8.31290626244861
2018-08-01T00:00:00.000000,7.59004484832265
2018-08-01T01:00:00.000000,7.04789878772817
2018-08-01T02:00:00.000000,8.13219090891712
2018-08-01T03:00:00.000000,9.03576767657458
2018-08-01T04:00:00.000000,8.40326393921436
2018-08-01T05:00:00.000000,7.77076020185414
2018-08-01T06:00:00.000000,7.40932949479115
2018-08-01T07:00:00.000000,6.86718343419668
2018-08-01T08:00:00.000000,6.32503737360221
2018-08-01T09:00:00.000000,5.87324898977348
2018-08-01T10:00:00.000000,6.50575272713369
2018-08-01T11:00:00.000000,7.04789878772817
2018-08-01T12:00:00.000000,6.68646808066519
2018-08-01T13:00:00.000000,6.23467969683646
2018-08-01T14:00:00.000000,6.41539505036795
2018-08-01T15:00:00.000000,6.41539505036795
2018-08-01T16:00:00.000000,6.68646808066519
2018-08-01T17:00:00.000000,6.50575272713369
2018-08-01T18:00:00.000000,6.41539505036795
2018-08-01T19:00:00.000000,7.13825646449392
2018-08-01T20:00:00.000000,7.4996871715569
2018-08-01T21:00:00.000000,8.4936216159801
2018-08-01T22:00:00.000000,7.40932949479115
2018-08-01T23:00:00.000000,7.95147555538563
2018-08-02T00:00:00.000000,6.95754111096242
2018-08-02T01:00:00.000000,6.95754111096242
2018-08-02T02:00:00.000000,7.22861414125966
2018-08-02T03:00:00.000000,7.04789878772817
2018-08-02T04:00:00.000000,7.13825646449392
2018-08-02T05:00:00.000000,7.22861414125966
2018-08-02T06:00:00.000000,6.59611040389944
2018-08-02T07:00:00.000000,6.32503737360221
2018-08-02T08:00:00.000000,6.50575272713369
2018-08-02T09:00:00.000000,6.50575272713369
2018-08-02T10:00:00.000000,6.14432202007071
2018-08-02T11:00:00.000000,6.59611040389944
2018-08-02T12:00:00.000000,6.32503737360221
2018-08-02T13:00:00.000000,6.32503737360221
2018-08-02T14:00:00.000000,6.59611040389944
2018-08-02T15:00:00.000000,6.50575272713369
2018-08-02T16:00:00.000000,6.77682575743093
2018-08-02T17:00:00.000000,6.68646808066519
2018-08-02T18:00:00.000000,6.77682575743093
2018-08-02T19:00:00.000000,6.59611040389944
2018-08-02T20:00:00.000000,6.86718343419668
2018-08-02T21:00:00.000000,7.77076020185414
2018-08-02T22:00:00.000000,7.22861414125966
2018-08-02T23:00:00.000000,7.40932949479115
2018-08-03T00:00:00.000000,6.86718343419668
2018-08-03T01:00:00.000000,7.95147555538563
2018-08-03T02:00:00.000000,7.40932949479115
2018-08-03T03:00:00.000000,7.04789878772817
2018-08-03T04:00:00.000000,7.95147555538563
2018-08-03T05:00:00.000000,7.68040252508839
2018-08-03T06:00:00.000000,7.13825646449392
2018-08-03T07:00:00.000000,6.59611040389944
2018-08-03T08:00:00.000000,5.96360666653922
2018-08-03T09:00:00.000000,6.41539505036795
2018-08-03T10:00:00.000000,6.41539505036795
2018-08-03T11:00:00.000000,6.59611040389944
2018-08-03T12:00:00.000000,6.50575272713369
2018-08-03T13:00:00.000000,6.50575272713369
2018-08-03T14:00:00.000000,6.86718343419668
2018-08-03T15:00:00.000000,7.4996871715569
2018-08-03T16:00:00.000000,7.4996871715569
2018-08-03T17:00:00.000000,7.68040252508839
2018-08-03T18:00:00.000000,7.68040252508839
2018-08-03T19:00:00.000000,7.31897181802541
2018-08-03T20:00:00.000000,7.68040252508839
2018-08-03T21:00:00.000000,7.59004484832265
2018-08-03T22:00:00.000000,7.40932949479115
2018-08-03T23:00:00.000000,7.4996871715569
2018-08-04T00:00:00.000000,7.4996871715569
2018-08-04T01:00:00.000000,6.68646808066519
2018-08-04T02:00:00.000000,7.31897181802541
2018-08-04T03:00:00.000000,6.41539505036795
2018-08-04T04:00:00.000000,6.77682575743093
2018-08-04T05:00:00.000000,6.50575272713369
2018-08-04T06:00:00.000000,6.77682575743093
2018-08-04T07:00:00.000000,5.78289131300773
2018-08-04T08:00:00.000000,5.69253363624198
2018-08-04T09:00:00.000000,5.96360666653922
2018-08-04T10:00:00.000000,5.15038757564751
2018-08-04T11:00:00.000000,5.78289131300773
2018-08-04T12:00:00.000000,6.23467969683646
2018-08-04T13:00:00.000000,6.50575272713369
2018-08-04T14:00:00.000000,7.59004484832265
2018-08-04T15:00:00.000000,7.13825646449392
2018-08-04T16:00:00.000000,7.04789878772817
2018-08-04T17:00:00.000000,6.95754111096242
2018-08-04T18:00:00.000000,7.22861414125966
2018-08-04T19:00:00.000000,6.86718343419668
2018-08-04T20:00:00.000000,7.22861414125966
2018-08-04T21:00:00.000000,7.22861414125966
2018-08-04T22:00:00.000000,7.77076020185414
2018-08-04T23:00:00.000000,6.95754111096242
2018-08-05T00:00:00.000000,6.95754111096242
2018-08-05T01:00:00.000000,7.31897181802541
2018-08-05T02:00:00.000000,6.68646808066519
2018-08-05T03:00:00.000000,6.59611040389944
2018-08-05T04:00:00.000000,7.13825646449392
2018-08-05T05:00:00.000000,6.50575272713369
2018-08-05T06:00:00.000000,6.41539505036795
2018-08-05T07:00:00.000000,5.96360666653922
2018-08-05T08:00:00.000000,6.23467969683646
2018-08-05T09:00:00.000000,5.51181828271049
2018-08-05T10:00:00.000000,6.14432202007071
2018-08-05T11:00:00.000000,5.60217595947624
2018-08-05T12:00:00.000000,5.60217595947624
2018-08-05T13:00:00.000000,6.59611040389944
2018-08-05T14:00:00.000000,6.41539505036795
2018-08-05T15:00:00.000000,5.87324898977348
2018-08-05T16:00:00.000000,7.22861414125966
2018-08-05T17:00:00.000000,5.78289131300773
2018-08-05T18:00:00.000000,6.32503737360221
2018-08-05T19:00:00.000000,5.87324898977348
2018-08-05T20:00:00.000000,6.95754111096242
2018-08-05T21:00:00.000000,7.22861414125966
2018-08-05T22:00:00.000000,6.23467969683646
2018-08-05T23:00:00.000000,6.41539505036795
2018-08-06T00:00:00.000000,6.32503737360221
2018-08-06T00:00:00.000000,6.32503737360221
2018-08-06T01:00:00.000000,6.76124684764374
2018-08-06T02:00:00.000000,7.08840395317488
2018-08-06T03:00:00.000000,7.19745632168527
2018-08-06T04:00:00.000000,7.19745632168527
2018-08-06T05:00:00.000000,6.32503737360221
2018-08-06T06:00:00.000000,6.32503737360221
2018-08-06T07:00:00.000000,6.32503737360221
2018-08-06T08:00:00.000000,5.88882789956067
2018-08-06T09:00:00.000000,6.54314211062297
2018-08-06T10:00:00.000000,6.54314211062297
2018-08-06T11:00:00.000000,6.21598500509182
2018-08-06T12:00:00.000000,7.08840395317488
2018-08-06T13:00:00.000000,7.08840395317488
2018-08-06T14:00:00.000000,6.76124684764374
2018-08-06T15:00:00.000000,6.65219447913335
2018-08-06T16:00:00.000000,6.65219447913335
2018-08-06T17:00:00.000000,6.65219447913335
2018-08-06T18:00:00.000000,6.76124684764374
2018-08-06T19:00:00.000000,7.6336657957268
2018-08-06T20:00:00.000000,7.85177053274756
2018-08-06T21:00:00.000000,8.2879800067891
2018-08-06T22:00:00.000000,7.85177053274756
2018-08-06T23:00:00.000000,7.96082290125795
2018-08-07T00:00:00.000000,7.52461342721642
2018-08-07T01:00:00.000000,7.19745632168527
2018-08-07T02:00:00.000000,6.76124684764374
2018-08-07T03:00:00.000000,6.9793515846645
2018-08-07T04:00:00.000000,7.19745632168527
2018-08-07T05:00:00.000000,6.87029921615412
2018-08-07T06:00:00.000000,6.76124684764374
2018-08-07T07:00:00.000000,6.32503737360221
2018-08-07T08:00:00.000000,6.32503737360221
2018-08-07T09:00:00.000000,6.21598500509182
2018-08-07T10:00:00.000000,6.76124684764374
2018-08-07T11:00:00.000000,6.43408974211259
2018-08-07T12:00:00.000000,6.21598500509182
2018-08-07T13:00:00.000000,6.87029921615412
2018-08-07T14:00:00.000000,6.32503737360221
2018-08-07T15:00:00.000000,6.87029921615412
2018-08-07T16:00:00.000000,7.19745632168527
2018-08-07T17:00:00.000000,6.21598500509182
2018-08-07T18:00:00.000000,7.30650869019565
2018-08-07T19:00:00.000000,7.30650869019565
2018-08-07T20:00:00.000000,8.39703237529948
2018-08-07T21:00:00.000000,10.7961844825279
2018-08-07T22:00:00.000000,9.26945132338254
2018-08-07T23:00:00.000000,8.72418948083063
2018-08-08T00:00:00.000000,10.0328179029552
2018-08-08T01:00:00.000000,8.94229421785139
2018-08-08T02:00:00.000000,8.83324184934101
2018-08-08T03:00:00.000000,8.94229421785139
2018-08-08T04:00:00.000000,9.05134658636177
2018-08-08T05:00:00.000000,9.05134658636177
2018-08-08T06:00:00.000000,8.50608474380986
2018-08-08T07:00:00.000000,7.6336657957268
2018-08-08T08:00:00.000000,7.74271816423718
2018-08-08T09:00:00.000000,7.41556105870603
2018-08-08T10:00:00.000000,7.74271816423718
2018-08-08T11:00:00.000000,7.52461342721642
2018-08-08T12:00:00.000000,8.50608474380986
2018-08-08T13:00:00.000000,8.2879800067891
2018-08-08T14:00:00.000000,8.39703237529948
2018-08-08T15:00:00.000000,7.96082290125795
2018-08-08T16:00:00.000000,9.16039895487216
2018-08-08T17:00:00.000000,10.9052368510383
2018-08-08T18:00:00.000000,9.81471316593445
2018-08-08T19:00:00.000000,9.48755606040331
2018-08-08T20:00:00.000000,9.59660842891369
2018-08-08T21:00:00.000000,9.81471316593445
2018-08-08T22:00:00.000000,9.48755606040331
2018-08-08T23:00:00.000000,10.250922639976
2018-08-09T00:00:00.000000,8.83324184934101
2018-08-09T01:00:00.000000,8.06987526976833
2018-08-09T02:00:00.000000,7.85177053274756
2018-08-09T03:00:00.000000,8.50608474380986
2018-08-09T04:00:00.000000,8.39703237529948
2018-08-09T05:00:00.000000,8.06987526976833
2018-08-09T06:00:00.000000,7.6336657957268
2018-08-09T07:00:00.000000,7.30650869019565
2018-08-09T08:00:00.000000,7.08840395317488
2018-08-09T09:00:00.000000,6.87029921615412
2018-08-09T10:00:00.000000,7.30650869019565
2018-08-09T11:00:00.000000,7.19745632168527
2018-08-09T12:00:00.000000,7.19745632168527
2018-08-09T13:00:00.000000,7.30650869019565
2018-08-09T14:00:00.000000,7.74271816423718
2018-08-09T15:00:00.000000,7.74271816423718
2018-08-09T16:00:00.000000,7.30650869019565
2018-08-09T17:00:00.000000,7.30650869019565
2018-08-09T18:00:00.000000,7.19745632168527
2018-08-09T19:00:00.000000,7.52461342721642
2018-08-09T20:00:00.000000,8.17892763827871
2018-08-09T21:00:00.000000,8.2879800067891
2018-08-09T22:00:00.000000,8.17892763827871
2018-08-09T23:00:00.000000,7.74271816423718
2018-08-10T00:00:00.000000,8.06987526976833
2018-08-10T01:00:00.000000,7.52461342721642
2018-08-10T02:00:00.000000,7.08840395317488
2018-08-10T03:00:00.000000,7.08840395317488
2018-08-10T04:00:00.000000,7.52461342721642
2018-08-10T05:00:00.000000,7.85177053274756
2018-08-10T06:00:00.000000,7.74271816423718
2018-08-10T07:00:00.000000,7.19745632168527
2018-08-10T08:00:00.000000,6.54314211062297
2018-08-10T09:00:00.000000,6.87029921615412
2018-08-10T10:00:00.000000,7.08840395317488
2018-08-10T11:00:00.000000,6.65219447913335
2018-08-10T12:00:00.000000,6.87029921615412
2018-08-10T13:00:00.000000,6.76124684764374
2018-08-10T14:00:00.000000,7.19745632168527
2018-08-10T15:00:00.000000,7.08840395317488
2018-08-10T16:00:00.000000,7.52461342721642
2018-08-10T17:00:00.000000,6.76124684764374
2018-08-10T18:00:00.000000,7.08840395317488
2018-08-10T19:00:00.000000,6.9793515846645
2018-08-10T20:00:00.000000,7.19745632168527
2018-08-10T21:00:00.000000,9.59660842891369
2018-08-10T22:00:00.000000,10.1418702714656
2018-08-10T23:00:00.000000,8.83324184934101
2018-08-11T00:00:00.000000,8.50608474380986
2018-08-11T01:00:00.000000,9.26945132338254
2018-08-11T02:00:00.000000,7.96082290125795
2018-08-11T03:00:00.000000,8.2879800067891
2018-08-11T04:00:00.000000,7.85177053274756
2018-08-11T05:00:00.000000,9.05134658636177
2018-08-11T06:00:00.000000,8.50608474380986
2018-08-11T07:00:00.000000,7.85177053274756
2018-08-11T08:00:00.000000,6.76124684764374
2018-08-11T09:00:00.000000,6.76124684764374
2018-08-11T10:00:00.000000,7.30650869019565
2018-08-11T11:00:00.000000,6.32503737360221
2018-08-11T12:00:00.000000,7.19745632168527
2018-08-11T13:00:00.000000,7.19745632168527
2018-08-11T14:00:00.000000,6.65219447913335
2018-08-11T15:00:00.000000,6.76124684764374
2018-08-11T16:00:00.000000,7.19745632168527
2018-08-11T17:00:00.000000,7.74271816423718
2018-08-11T18:00:00.000000,7.19745632168527
2018-08-11T19:00:00.000000,6.9793515846645
2018-08-11T20:00:00.000000,7.08840395317488
2018-08-11T21:00:00.000000,6.9793515846645
2018-08-11T22:00:00.000000,7.19745632168527
2018-08-11T23:00:00.000000,7.74271816423718
2018-08-12T00:00:00.000000,7.30650869019565
2018-08-12T01:00:00.000000,6.76124684764374
2018-08-12T02:00:00.000000,6.65219447913335
2018-08-12T03:00:00.000000,6.54314211062297
2018-08-12T04:00:00.000000,7.19745632168527
2018-08-12T05:00:00.000000,6.32503737360221
2018-08-12T06:00:00.000000,6.54314211062297
2018-08-12T07:00:00.000000,6.43408974211259
2018-08-12T08:00:00.000000,6.43408974211259
2018-08-12T09:00:00.000000,6.10693263658144
2018-08-12T10:00:00.000000,5.99788026807106
2018-08-12T11:00:00.000000,6.10693263658144
2018-08-12T12:00:00.000000,5.99788026807106
2018-08-12T13:00:00.000000,6.32503737360221
2018-08-12T14:00:00.000000,5.88882789956067
2018-08-12T15:00:00.000000,6.10693263658144
2018-08-12T16:00:00.000000,6.21598500509182
2018-08-12T17:00:00.000000,6.21598500509182
2018-08-12T18:00:00.000000,5.88882789956067
2018-08-12T19:00:00.000000,6.54314211062297
2018-08-12T20:00:00.000000,7.19745632168527
2018-08-12T21:00:00.000000,6.76124684764374
2018-08-12T22:00:00.000000,6.65219447913335
2018-08-12T23:00:00.000000,6.9793515846645
2018-08-13T00:00:00.000000,6.9793515846645
2018-08-13T00:00:00.000000,6.9793515846645
2018-08-13T01:00:00.000000,6.76124684764374
2018-08-13T02:00:00.000000,6.43408974211259
2018-08-13T03:00:00.000000,7.19745632168527
2018-08-13T04:00:00.000000,7.19745632168527
2018-08-13T05:00:00.000000,6.76124684764374
2018-08-13T06:00:00.000000,7.08840395317488
2018-08-13T07:00:00.000000,6.32503737360221
2018-08-13T08:00:00.000000,6.32503737360221
2018-08-13T09:00:00.000000,6.76124684764374
2018-08-13T10:00:00.000000,6.87029921615412
2018-08-13T11:00:00.000000,6.21598500509182
2018-08-13T12:00:00.000000,6.54314211062297
2018-08-13T13:00:00.000000,6.65219447913335
2018-08-13T14:00:00.000000,7.08840395317488
2018-08-13T15:00:00.000000,6.9793515846645
2018-08-13T16:00:00.000000,7.41556105870603
2018-08-13T17:00:00.000000,8.17892763827871
2018-08-13T18:00:00.000000,7.85177053274756
2018-08-13T19:00:00.000000,8.06987526976833
2018-08-13T20:00:00.000000,8.2879800067891
2018-08-13T21:00:00.000000,7.96082290125795
2018-08-13T22:00:00.000000,8.39703237529948
2018-08-13T23:00:00.000000,7.08840395317488
2018-08-14T00:00:00.000000,8.06987526976833
2018-08-14T01:00:00.000000,8.61513711232024
2018-08-14T02:00:00.000000,10.3599750084864
2018-08-14T03:00:00.000000,10.9052368510383
2018-08-14T04:00:00.000000,10.0328179029552
2018-08-14T05:00:00.000000,10.5780797455071
2018-08-14T06:00:00.000000,9.16039895487216
2018-08-14T07:00:00.000000,8.61513711232024
2018-08-14T08:00:00.000000,8.50608474380986
2018-08-14T09:00:00.000000,7.74271816423718
2018-08-14T10:00:00.000000,8.2879800067891
2018-08-14T11:00:00.000000,9.92376553444484
2018-08-14T12:00:00.000000,8.72418948083063
2018-08-14T13:00:00.000000,8.06987526976833
2018-08-14T14:00:00.000000,8.83324184934101
2018-08-14T15:00:00.000000,9.16039895487216
2018-08-14T16:00:00.000000,9.48755606040331
2018-08-14T17:00:00.000000,8.83324184934101
2018-08-14T18:00:00.000000,8.72418948083063
2018-08-14T19:00:00.000000,8.17892763827871
2018-08-14T20:00:00.000000,8.39703237529948
2018-08-14T21:00:00.000000,8.83324184934101
2018-08-14T22:00:00.000000,8.94229421785139
2018-08-14T23:00:00.000000,8.39703237529948
2018-08-15T00:00:00.000000,7.6336657957268
2018-08-15T01:00:00.000000,8.17892763827871
2018-08-15T02:00:00.000000,7.74271816423718
2018-08-15T03:00:00.000000,8.39703237529948
2018-08-15T04:00:00.000000,8.39703237529948
2018-08-15T05:00:00.000000,7.52461342721642
2018-08-15T06:00:00.000000,7.19745632168527
2018-08-15T07:00:00.000000,7.19745632168527
2018-08-15T08:00:00.000000,7.30650869019565
2018-08-15T09:00:00.000000,7.6336657957268
2018-08-15T10:00:00.000000,7.19745632168527
2018-08-15T11:00:00.000000,7.30650869019565
2018-08-15T12:00:00.000000,6.9793515846645
2018-08-15T13:00:00.000000,7.19745632168527
2018-08-15T14:00:00.000000,8.06987526976833
2018-08-15T15:00:00.000000,8.2879800067891
2018-08-15T16:00:00.000000,8.61513711232024
2018-08-15T17:00:00.000000,8.83324184934101
2018-08-15T18:00:00.000000,9.26945132338254
2018-08-15T19:00:00.000000,8.72418948083063
2018-08-15T20:00:00.000000,9.26945132338254
2018-08-15T21:00:00.000000,9.26945132338254
2018-08-15T22:00:00.000000,8.94229421785139
2018-08-15T23:00:00.000000,8.17892763827871
2018-08-16T00:00:00.000000,7.41556105870603
2018-08-16T01:00:00.000000,7.08840395317488
2018-08-16T02:00:00.000000,7.08840395317488
2018-08-16T03:00:00.000000,7.41556105870603
2018-08-16T04:00:00.000000,8.17892763827871
2018-08-16T05:00:00.000000,7.85177053274756
2018-08-16T06:00:00.000000,6.65219447913335
2018-08-16T07:00:00.000000,6.76124684764374
2018-08-16T08:00:00.000000,6.65219447913335
2018-08-16T09:00:00.000000,6.43408974211259
2018-08-16T10:00:00.000000,6.87029921615412
2018-08-16T11:00:00.000000,6.76124684764374
2018-08-16T12:00:00.000000,6.76124684764374
2018-08-16T13:00:00.000000,6.87029921615412
2018-08-16T14:00:00.000000,6.32503737360221
2018-08-16T15:00:00.000000,6.43408974211259
2018-08-16T16:00:00.000000,6.87029921615412
2018-08-16T17:00:00.000000,7.19745632168527
2018-08-16T18:00:00.000000,7.08840395317488
2018-08-16T19:00:00.000000,7.08840395317488
2018-08-16T20:00:00.000000,7.52461342721642
2018-08-16T21:00:00.000000,7.6336657957268
2018-08-16T22:00:00.000000,7.74271816423718
2018-08-16T23:00:00.000000,7.41556105870603
2018-08-17T00:00:00.000000,6.65219447913335
2018-08-17T01:00:00.000000,6.65219447913335
2018-08-17T02:00:00.000000,6.21598500509182
2018-08-17T03:00:00.000000,6.65219447913335
2018-08-17T04:00:00.000000,7.52461342721642
2018-08-17T05:00:00.000000,6.65219447913335
2018-08-17T06:00:00.000000,7.19745632168527
2018-08-17T07:00:00.000000,6.87029921615412
2018-08-17T08:00:00.000000,5.67072316253991
2018-08-17T09:00:00.000000,6.43408974211259
2018-08-17T10:00:00.000000,7.19745632168527
2018-08-17T11:00:00.000000,6.10693263658144
2018-08-17T12:00:00.000000,5.99788026807106
2018-08-17T13:00:00.000000,6.10693263658144
2018-08-17T14:00:00.000000,5.99788026807106
2018-08-17T15:00:00.000000,6.76124684764374
2018-08-17T16:00:00.000000,6.43408974211259
2018-08-17T17:00:00.000000,6.76124684764374
2018-08-17T18:00:00.000000,6.76124684764374
2018-08-17T19:00:00.000000,6.65219447913335
2018-08-17T20:00:00.000000,7.41556105870603
2018-08-17T21:00:00.000000,7.08840395317488
2018-08-17T22:00:00.000000,7.96082290125795
2018-08-17T23:00:00.000000,6.87029921615412
2018-08-18T00:00:00.000000,6.87029921615412
2018-08-18T01:00:00.000000,6.54314211062297
2018-08-18T02:00:00.000000,6.65219447913335
2018-08-18T03:00:00.000000,7.08840395317488
2018-08-18T04:00:00.000000,6.65219447913335
2018-08-18T05:00:00.000000,6.32503737360221
2018-08-18T06:00:00.000000,6.54314211062297
2018-08-18T07:00:00.000000,6.10693263658144
2018-08-18T08:00:00.000000,5.45261842551914
2018-08-18T09:00:00.000000,5.77977553105029
2018-08-18T10:00:00.000000,6.21598500509182
2018-08-18T11:00:00.000000,5.67072316253991
2018-08-18T12:00:00.000000,5.56167079402952
2018-08-18T13:00:00.000000,5.67072316253991
2018-08-18T14:00:00.000000,5.67072316253991
2018-08-18T15:00:00.000000,5.34356605700876
2018-08-18T16:00:00.000000,5.77977553105029
2018-08-18T17:00:00.000000,5.77977553105029
2018-08-18T18:00:00.000000,5.67072316253991
2018-08-18T19:00:00.000000,5.56167079402952
2018-08-18T20:00:00.000000,6.21598500509182
2018-08-18T21:00:00.000000,5.99788026807106
2018-08-18T22:00:00.000000,6.87029921615412
2018-08-18T23:00:00.000000,6.43408974211259
2018-08-19T00:00:00.000000,5.88882789956067
2018-08-19T01:00:00.000000,6.10693263658144
2018-08-19T02:00:00.000000,5.34356605700876
2018-08-19T03:00:00.000000,5.34356605700876
2018-08-19T04:00:00.000000,5.67072316253991
2018-08-19T05:00:00.000000,5.67072316253991
2018-08-19T06:00:00.000000,5.23451368849838
2018-08-19T07:00:00.000000,6.10693263658144
2018-08-19T08:00:00.000000,5.45261842551914
2018-08-19T09:00:00.000000,5.12546131998799
2018-08-19T10:00:00.000000,5.77977553105029
2018-08-19T11:00:00.000000,5.45261842551914
2018-08-19T12:00:00.000000,5.77977553105029
2018-08-19T13:00:00.000000,5.88882789956067
2018-08-19T14:00:00.000000,5.56167079402952
2018-08-19T15:00:00.000000,5.12546131998799
2018-08-19T16:00:00.000000,5.34356605700876
2018-08-19T17:00:00.000000,5.23451368849838
2018-08-19T18:00:00.000000,5.88882789956067
2018-08-19T19:00:00.000000,6.21598500509182
2018-08-19T20:00:00.000000,6.54314211062297
2018-08-19T21:00:00.000000,6.54314211062297
2018-08-19T22:00:00.000000,6.65219447913335
2018-08-19T23:00:00.000000,6.9793515846645
2018-08-20T00:00:00.000000,5.99788026807106
2018-08-20T00:00:00.000000,5.99788026807106
2018-08-20T01:00:00.000000,6.44548327315099
2018-08-20T02:00:00.000000,5.90835966705507
2018-08-20T03:00:00.000000,5.99788026807106
2018-08-20T04:00:00.000000,6.17692147010303
2018-08-20T05:00:00.000000,6.17692147010303
2018-08-20T06:00:00.000000,6.08740086908704
2018-08-20T07:00:00.000000,5.46075666197514
2018-08-20T08:00:00.000000,6.17692147010303
2018-08-20T09:00:00.000000,5.90835966705507
2018-08-20T10:00:00.000000,6.62452447518296
2018-08-20T11:00:00.000000,5.90835966705507
2018-08-20T12:00:00.000000,5.63979786400711
2018-08-20T13:00:00.000000,6.08740086908704
2018-08-20T14:00:00.000000,6.44548327315099
2018-08-20T15:00:00.000000,5.99788026807106
2018-08-20T16:00:00.000000,6.08740086908704
2018-08-20T17:00:00.000000,5.90835966705507
2018-08-20T18:00:00.000000,6.62452447518296
2018-08-20T19:00:00.000000,6.44548327315099
2018-08-20T20:00:00.000000,7.6092510863588
2018-08-20T21:00:00.000000,7.69877168737479
2018-08-20T22:00:00.000000,7.69877168737479
2018-08-20T23:00:00.000000,8.59397769753465
2018-08-21T00:00:00.000000,7.16164808127887
2018-08-21T01:00:00.000000,7.43020988432683
2018-08-21T02:00:00.000000,7.16164808127887
2018-08-21T03:00:00.000000,7.51973048534282
2018-08-21T04:00:00.000000,7.07212748026289
2018-08-21T05:00:00.000000,6.89308627823091
2018-08-21T06:00:00.000000,6.44548327315099
2018-08-21T07:00:00.000000,7.07212748026289
2018-08-21T08:00:00.000000,6.44548327315099
2018-08-21T09:00:00.000000,5.99788026807106
2018-08-21T10:00:00.000000,6.355962672135
2018-08-21T11:00:00.000000,6.53500387416697
2018-08-21T12:00:00.000000,6.62452447518296
2018-08-21T13:00:00.000000,6.71404507619894
2018-08-21T14:00:00.000000,6.71404507619894
2018-08-21T15:00:00.000000,6.26644207111901
2018-08-21T16:00:00.000000,6.80356567721493
2018-08-21T17:00:00.000000,6.71404507619894
2018-08-21T18:00:00.000000,6.9826068792469
2018-08-21T19:00:00.000000,7.07212748026289
2018-08-21T20:00:00.000000,7.6092510863588
2018-08-21T21:00:00.000000,7.25116868229486
2018-08-21T22:00:00.000000,7.34068928331084
2018-08-21T23:00:00.000000,7.07212748026289
2018-08-22T00:00:00.000000,6.62452447518296
2018-08-22T01:00:00.000000,8.41493649550268
2018-08-22T02:00:00.000000,8.32541589448669
2018-08-22T03:00:00.000000,7.78829228839077
2018-08-22T04:00:00.000000,7.43020988432683
2018-08-22T05:00:00.000000,7.78829228839077
2018-08-22T06:00:00.000000,7.16164808127887
2018-08-22T07:00:00.000000,6.62452447518296
2018-08-22T08:00:00.000000,6.26644207111901
2018-08-22T09:00:00.000000,6.89308627823091
2018-08-22T10:00:00.000000,6.80356567721493
2018-08-22T11:00:00.000000,6.71404507619894
2018-08-22T12:00:00.000000,7.34068928331084
2018-08-22T13:00:00.000000,6.62452447518296
2018-08-22T14:00:00.000000,6.89308627823091
2018-08-22T15:00:00.000000,7.25116868229486
2018-08-22T16:00:00.000000,7.69877168737479
2018-08-22T17:00:00.000000,6.71404507619894
2018-08-22T18:00:00.000000,7.25116868229486
2018-08-22T19:00:00.000000,7.25116868229486
2018-08-22T20:00:00.000000,8.32541589448669
2018-08-22T21:00:00.000000,8.14637469245472
2018-08-22T22:00:00.000000,8.95206010159859
2018-08-22T23:00:00.000000,7.78829228839077
2018-08-23T00:00:00.000000,6.9826068792469
2018-08-23T01:00:00.000000,6.80356567721493
2018-08-23T02:00:00.000000,7.51973048534282
2018-08-23T03:00:00.000000,7.51973048534282
2018-08-23T04:00:00.000000,6.89308627823091
2018-08-23T05:00:00.000000,6.9826068792469
2018-08-23T06:00:00.000000,7.34068928331084
2018-08-23T07:00:00.000000,6.71404507619894
2018-08-23T08:00:00.000000,6.355962672135
2018-08-23T09:00:00.000000,6.53500387416697
2018-08-23T10:00:00.000000,5.81883906603908
2018-08-23T11:00:00.000000,6.08740086908704
2018-08-23T12:00:00.000000,6.17692147010303
2018-08-23T13:00:00.000000,6.26644207111901
2018-08-23T14:00:00.000000,6.26644207111901
2018-08-23T15:00:00.000000,6.355962672135
2018-08-23T16:00:00.000000,6.9826068792469
2018-08-23T17:00:00.000000,6.62452447518296
2018-08-23T18:00:00.000000,6.71404507619894
2018-08-23T19:00:00.000000,6.53500387416697
2018-08-23T20:00:00.000000,7.16164808127887
2018-08-23T21:00:00.000000,7.43020988432683
2018-08-23T22:00:00.000000,6.80356567721493
2018-08-23T23:00:00.000000,7.25116868229486
2018-08-24T00:00:00.000000,6.26644207111901
2018-08-24T01:00:00.000000,5.90835966705507
2018-08-24T02:00:00.000000,6.355962672135
2018-08-24T03:00:00.000000,6.26644207111901
2018-08-24T04:00:00.000000,6.89308627823091
2018-08-24T05:00:00.000000,6.17692147010303
2018-08-24T06:00:00.000000,5.7293184650231
2018-08-24T07:00:00.000000,6.26644207111901
2018-08-24T08:00:00.000000,6.17692147010303
2018-08-24T09:00:00.000000,5.99788026807106
2018-08-24T10:00:00.000000,5.99788026807106
2018-08-24T11:00:00.000000,5.7293184650231
2018-08-24T12:00:00.000000,5.55027726299113
2018-08-24T13:00:00.000000,5.7293184650231
2018-08-24T14:00:00.000000,6.17692147010303
2018-08-24T15:00:00.000000,5.81883906603908
2018-08-24T16:00:00.000000,6.355962672135
2018-08-24T17:00:00.000000,5.99788026807106
2018-08-24T18:00:00.000000,6.26644207111901
2018-08-24T19:00:00.000000,6.53500387416697
2018-08-24T20:00:00.000000,6.53500387416697
2018-08-24T21:00:00.000000,7.51973048534282
2018-08-24T22:00:00.000000,7.78829228839077
2018-08-24T23:00:00.000000,6.80356567721493
2018-08-25T00:00:00.000000,6.89308627823091
2018-08-25T01:00:00.000000,6.26644207111901
2018-08-25T02:00:00.000000,7.07212748026289
2018-08-25T03:00:00.000000,6.355962672135
2018-08-25T04:00:00.000000,6.89308627823091
2018-08-25T05:00:00.000000,6.17692147010303
2018-08-25T06:00:00.000000,6.08740086908704
2018-08-25T07:00:00.000000,5.81883906603908
2018-08-25T08:00:00.000000,5.01315365689521
2018-08-25T09:00:00.000000,5.99788026807106
2018-08-25T10:00:00.000000,5.55027726299113
2018-08-25T11:00:00.000000,5.63979786400711
2018-08-25T12:00:00.000000,5.19219485892718
2018-08-25T13:00:00.000000,5.37123606095916
2018-08-25T14:00:00.000000,5.7293184650231
2018-08-25T15:00:00.000000,5.63979786400711
2018-08-25T16:00:00.000000,5.37123606095916
2018-08-25T17:00:00.000000,5.7293184650231
2018-08-25T18:00:00.000000,5.19219485892718
2018-08-25T19:00:00.000000,5.63979786400711
2018-08-25T20:00:00.000000,5.81883906603908
2018-08-25T21:00:00.000000,5.81883906603908
2018-08-25T22:00:00.000000,5.81883906603908
2018-08-25T23:00:00.000000,5.7293184650231
2018-08-26T00:00:00.000000,5.7293184650231
2018-08-26T01:00:00.000000,5.46075666197514
2018-08-26T02:00:00.000000,5.37123606095916
2018-08-26T03:00:00.000000,5.99788026807106
2018-08-26T04:00:00.000000,5.81883906603908
2018-08-26T05:00:00.000000,5.63979786400711
2018-08-26T06:00:00.000000,5.63979786400711
2018-08-26T07:00:00.000000,5.46075666197514
2018-08-26T08:00:00.000000,6.08740086908704
2018-08-26T09:00:00.000000,5.55027726299113
2018-08-26T10:00:00.000000,4.74459185384725
2018-08-26T11:00:00.000000,5.1026742579112
2018-08-26T12:00:00.000000,5.55027726299113
2018-08-26T13:00:00.000000,5.1026742579112
2018-08-26T14:00:00.000000,5.1026742579112
2018-08-26T15:00:00.000000,5.46075666197514
2018-08-26T16:00:00.000000,4.92363305587923
2018-08-26T17:00:00.000000,5.46075666197514
2018-08-26T18:00:00.000000,5.63979786400711
2018-08-26T19:00:00.000000,6.08740086908704
2018-08-26T20:00:00.000000,5.46075666197514
2018-08-26T21:00:00.000000,6.17692147010303
2018-08-26T22:00:00.000000,6.80356567721493
2018-08-26T23:00:00.000000,6.53500387416697
2018-08-27T00:00:00.000000,6.355962672135
2018-08-27T00:00:00.000000,6.355962672135
2018-08-27T01:00:00.000000,6.03277812948407
2018-08-27T02:00:00.000000,6.355962672135
2018-08-27T03:00:00.000000,5.92504994860042
2018-08-27T04:00:00.000000,6.14050631036771
2018-08-27T05:00:00.000000,6.46369085301864
2018-08-27T06:00:00.000000,5.49413722506585
2018-08-27T07:00:00.000000,5.27868086329856
2018-08-27T08:00:00.000000,5.70959358683314
2018-08-27T09:00:00.000000,5.70959358683314
2018-08-27T10:00:00.000000,5.92504994860042
2018-08-27T11:00:00.000000,5.49413722506585
2018-08-27T12:00:00.000000,5.81732176771678
2018-08-27T13:00:00.000000,6.03277812948407
2018-08-27T14:00:00.000000,5.81732176771678
2018-08-27T15:00:00.000000,5.92504994860042
2018-08-27T16:00:00.000000,6.24823449125136
2018-08-27T17:00:00.000000,5.49413722506585
2018-08-27T18:00:00.000000,6.355962672135
2018-08-27T19:00:00.000000,7.00233175743686
2018-08-27T20:00:00.000000,6.57141903390229
2018-08-27T21:00:00.000000,7.3255163000878
2018-08-27T22:00:00.000000,8.51052628980788
2018-08-27T23:00:00.000000,7.97188538538966
2018-08-28T00:00:00.000000,7.21778811920415
2018-08-28T01:00:00.000000,7.21778811920415
2018-08-28T02:00:00.000000,7.54097266185508
2018-08-28T03:00:00.000000,7.11005993832051
2018-08-28T04:00:00.000000,7.11005993832051
2018-08-28T05:00:00.000000,6.46369085301864
2018-08-28T06:00:00.000000,6.67914721478593
2018-08-28T07:00:00.000000,6.67914721478593
2018-08-28T08:00:00.000000,6.24823449125136
2018-08-28T09:00:00.000000,6.355962672135
2018-08-28T10:00:00.000000,7.00233175743686
2018-08-28T11:00:00.000000,7.21778811920415
2018-08-28T12:00:00.000000,7.64870084273873
2018-08-28T13:00:00.000000,7.64870084273873
2018-08-28T14:00:00.000000,7.3255163000878
2018-08-28T15:00:00.000000,7.97188538538966
2018-08-28T16:00:00.000000,7.43324448097144
2018-08-28T17:00:00.000000,7.43324448097144
2018-08-28T18:00:00.000000,7.75642902362237
2018-08-28T19:00:00.000000,7.64870084273873
2018-08-28T20:00:00.000000,8.18734174715695
2018-08-28T21:00:00.000000,7.97188538538966
2018-08-28T22:00:00.000000,7.86415720450602
2018-08-28T23:00:00.000000,7.64870084273873
2018-08-29T00:00:00.000000,7.3255163000878
2018-08-29T01:00:00.000000,7.00233175743686
2018-08-29T02:00:00.000000,6.57141903390229
2018-08-29T03:00:00.000000,7.00233175743686
2018-08-29T04:00:00.000000,7.21778811920415
2018-08-29T05:00:00.000000,7.43324448097144
2018-08-29T06:00:00.000000,7.11005993832051
2018-08-29T07:00:00.000000,5.92504994860042
2018-08-29T08:00:00.000000,6.46369085301864
2018-08-29T09:00:00.000000,6.14050631036771
2018-08-29T10:00:00.000000,6.78687539566958
2018-08-29T11:00:00.000000,6.24823449125136
2018-08-29T12:00:00.000000,6.67914721478593
2018-08-29T13:00:00.000000,6.46369085301864
2018-08-29T14:00:00.000000,6.46369085301864
2018-08-29T15:00:00.000000,6.67914721478593
2018-08-29T16:00:00.000000,6.78687539566958
2018-08-29T17:00:00.000000,6.67914721478593
2018-08-29T18:00:00.000000,7.43324448097144
2018-08-29T19:00:00.000000,6.67914721478593
2018-08-29T20:00:00.000000,7.11005993832051
2018-08-29T21:00:00.000000,7.75642902362237
2018-08-29T22:00:00.000000,7.75642902362237
2018-08-29T23:00:00.000000,7.3255163000878
2018-08-30T00:00:00.000000,6.57141903390229
2018-08-30T01:00:00.000000,5.92504994860042
2018-08-30T02:00:00.000000,6.355962672135
2018-08-30T03:00:00.000000,7.00233175743686
2018-08-30T04:00:00.000000,7.00233175743686
2018-08-30T05:00:00.000000,6.46369085301864
2018-08-30T06:00:00.000000,6.57141903390229
2018-08-30T07:00:00.000000,5.92504994860042
2018-08-30T08:00:00.000000,6.14050631036771
2018-08-30T09:00:00.000000,5.3864090441822
2018-08-30T10:00:00.000000,6.24823449125136
2018-08-30T11:00:00.000000,6.24823449125136
2018-08-30T12:00:00.000000,6.14050631036771
2018-08-30T13:00:00.000000,6.355962672135
2018-08-30T14:00:00.000000,6.46369085301864
2018-08-30T15:00:00.000000,6.46369085301864
2018-08-30T16:00:00.000000,5.92504994860042
2018-08-30T17:00:00.000000,6.03277812948407
2018-08-30T18:00:00.000000,7.11005993832051
2018-08-30T19:00:00.000000,10.7728180883644
2018-08-30T20:00:00.000000,7.3255163000878
2018-08-30T21:00:00.000000,6.89460357655322
2018-08-30T22:00:00.000000,7.3255163000878
2018-08-30T23:00:00.000000,6.355962672135
2018-08-31T00:00:00.000000,6.46369085301864
2018-08-31T01:00:00.000000,5.92504994860042
2018-08-31T02:00:00.000000,6.78687539566958
2018-08-31T03:00:00.000000,6.46369085301864
2018-08-31T04:00:00.000000,6.14050631036771
2018-08-31T05:00:00.000000,6.89460357655322
2018-08-31T06:00:00.000000,6.67914721478593
2018-08-31T07:00:00.000000,5.92504994860042
2018-08-31T08:00:00.000000,6.14050631036771
2018-08-31T09:00:00.000000,6.57141903390229
2018-08-31T10:00:00.000000,6.24823449125136
2018-08-31T11:00:00.000000,6.14050631036771
2018-08-31T12:00:00.000000,6.355962672135
2018-08-31T13:00:00.000000,6.24823449125136
2018-08-31T14:00:00.000000,6.14050631036771
2018-08-31T15:00:00.000000,6.24823449125136
2018-08-31T16:00:00.000000,6.24823449125136
2018-08-31T17:00:00.000000,5.92504994860042
2018-08-31T18:00:00.000000,6.67914721478593
2018-08-31T19:00:00.000000,6.89460357655322
2018-08-31T20:00:00.000000,6.57141903390229
2018-08-31T21:00:00.000000,7.21778811920415
2018-08-31T22:00:00.000000,7.21778811920415
2018-08-31T23:00:00.000000,7.3255163000878
2018-09-01T00:00:00.000000,6.24823449125136
2018-09-01T01:00:00.000000,6.57141903390229
2018-09-01T02:00:00.000000,6.24823449125136
2018-09-01T03:00:00.000000,6.78687539566958
2018-09-01T04:00:00.000000,6.57141903390229
2018-09-01T05:00:00.000000,5.81732176771678
2018-09-01T06:00:00.000000,6.24823449125136
2018-09-01T07:00:00.000000,6.24823449125136
2018-09-01T08:00:00.000000,5.81732176771678
2018-09-01T09:00:00.000000,5.49413722506585
2018-09-01T10:00:00.000000,6.03277812948407
2018-09-01T11:00:00.000000,5.17095268241492
2018-09-01T12:00:00.000000,5.49413722506585
2018-09-01T13:00:00.000000,5.3864090441822
2018-09-01T14:00:00.000000,5.3864090441822
2018-09-01T15:00:00.000000,6.24823449125136
2018-09-01T16:00:00.000000,6.67914721478593
2018-09-01T17:00:00.000000,6.14050631036771
2018-09-01T18:00:00.000000,6.14050631036771
2018-09-01T19:00:00.000000,6.67914721478593
2018-09-01T20:00:00.000000,7.11005993832051
2018-09-01T21:00:00.000000,7.11005993832051
2018-09-01T22:00:00.000000,7.3255163000878
2018-09-01T23:00:00.000000,6.67914721478593
2018-09-02T00:00:00.000000,6.57141903390229
2018-09-02T01:00:00.000000,6.46369085301864
2018-09-02T02:00:00.000000,5.70959358683314
2018-09-02T03:00:00.000000,6.03277812948407
2018-09-02T04:00:00.000000,6.46369085301864
2018-09-02T05:00:00.000000,6.89460357655322
2018-09-02T06:00:00.000000,6.57141903390229
2018-09-02T07:00:00.000000,6.46369085301864
2018-09-02T08:00:00.000000,6.24823449125136
2018-09-02T09:00:00.000000,6.14050631036771
2018-09-02T10:00:00.000000,5.92504994860042
2018-09-02T11:00:00.000000,5.60186540594949
2018-09-02T12:00:00.000000,5.70959358683314
2018-09-02T13:00:00.000000,5.49413722506585
2018-09-02T14:00:00.000000,6.24823449125136
2018-09-02T15:00:00.000000,6.355962672135
2018-09-02T16:00:00.000000,6.24823449125136
2018-09-02T17:00:00.000000,6.355962672135
2018-09-02T18:00:00.000000,6.24823449125136
2018-09-02T19:00:00.000000,6.67914721478593
2018-09-02T20:00:00.000000,6.57141903390229
2018-09-02T21:00:00.000000,6.89460357655322
2018-09-02T22:00:00.000000,7.00233175743686
2018-09-02T23:00:00.000000,7.00233175743686
2018-09-03T00:00:00.000000,7.11005993832051
2018-09-03T00:00:00.000000,7.11005993832051
2018-09-03T01:00:00.000000,6.59296467007902
2018-09-03T02:00:00.000000,6.2051432188979
2018-09-03T03:00:00.000000,6.59296467007902
2018-09-03T04:00:00.000000,7.23933375538088
2018-09-03T05:00:00.000000,6.07586940183752
2018-09-03T06:00:00.000000,5.81732176771678
2018-09-03T07:00:00.000000,6.46369085301864
2018-09-03T08:00:00.000000,5.55877413359603
2018-09-03T09:00:00.000000,6.33441703595827
2018-09-03T10:00:00.000000,6.46369085301864
2018-09-03T11:00:00.000000,5.81732176771678
2018-09-03T12:00:00.000000,5.94659558477715
2018-09-03T13:00:00.000000,6.33441703595827
2018-09-03T14:00:00.000000,6.46369085301864
2018-09-03T15:00:00.000000,6.07586940183752
2018-09-03T16:00:00.000000,6.2051432188979
2018-09-03T17:00:00.000000,5.68804795065641
2018-09-03T18:00:00.000000,5.94659558477715
2018-09-03T19:00:00.000000,6.33441703595827
2018-09-03T20:00:00.000000,6.59296467007902
2018-09-03T21:00:00.000000,7.49788138950163
2018-09-03T22:00:00.000000,7.11005993832051
2018-09-03T23:00:00.000000,6.98078612126014
2018-09-04T00:00:00.000000,6.46369085301864
2018-09-04T01:00:00.000000,6.2051432188979
2018-09-04T02:00:00.000000,6.72223848713939
2018-09-04T03:00:00.000000,7.23933375538088
2018-09-04T04:00:00.000000,6.72223848713939
2018-09-04T05:00:00.000000,6.85151230419976
2018-09-04T06:00:00.000000,5.68804795065641
2018-09-04T07:00:00.000000,6.85151230419976
2018-09-04T08:00:00.000000,5.81732176771678
2018-09-04T09:00:00.000000,6.33441703595827
2018-09-04T10:00:00.000000,6.33441703595827
2018-09-04T11:00:00.000000,6.33441703595827
2018-09-04T12:00:00.000000,6.46369085301864
2018-09-04T13:00:00.000000,6.46369085301864
2018-09-04T14:00:00.000000,6.59296467007902
2018-09-04T15:00:00.000000,6.72223848713939
2018-09-04T16:00:00.000000,6.59296467007902
2018-09-04T17:00:00.000000,6.46369085301864
2018-09-04T18:00:00.000000,6.85151230419976
2018-09-04T19:00:00.000000,6.98078612126014
2018-09-04T20:00:00.000000,7.36860757244125
2018-09-04T21:00:00.000000,6.85151230419976
2018-09-04T22:00:00.000000,7.49788138950163
2018-09-04T23:00:00.000000,6.33441703595827
2018-09-05T00:00:00.000000,6.98078612126014
2018-09-05T01:00:00.000000,6.85151230419976
2018-09-05T02:00:00.000000,7.11005993832051
2018-09-05T03:00:00.000000,6.46369085301864
2018-09-05T04:00:00.000000,7.36860757244125
2018-09-05T05:00:00.000000,6.33441703595827
2018-09-05T06:00:00.000000,6.98078612126014
2018-09-05T07:00:00.000000,6.33441703595827
2018-09-05T08:00:00.000000,6.46369085301864
2018-09-05T09:00:00.000000,6.85151230419976
2018-09-05T10:00:00.000000,8.53207192598461
2018-09-05T11:00:00.000000,9.30771482834685
2018-09-05T12:00:00.000000,8.66134574304498
2018-09-05T13:00:00.000000,9.30771482834685
2018-09-05T14:00:00.000000,9.43698864540722
2018-09-05T15:00:00.000000,8.91989337716573
2018-09-05T16:00:00.000000,9.0491671942261
2018-09-05T17:00:00.000000,9.95408391364871
2018-09-05T18:00:00.000000,9.17844101128647
2018-09-05T19:00:00.000000,9.56626246246759
2018-09-05T20:00:00.000000,8.79061956010536
2018-09-05T21:00:00.000000,8.66134574304498
2018-09-05T22:00:00.000000,8.91989337716573
2018-09-05T23:00:00.000000,9.0491671942261
2018-09-06T00:00:00.000000,12.9273817060373
2018-09-06T01:00:00.000000,10.7297268160109
2018-09-06T02:00:00.000000,9.69553627952796
2018-09-06T03:00:00.000000,9.30771482834685
2018-09-06T04:00:00.000000,10.2126315477695
2018-09-06T05:00:00.000000,9.56626246246759
2018-09-06T06:00:00.000000,9.95408391364871
2018-09-06T07:00:00.000000,9.43698864540722
2018-09-06T08:00:00.000000,8.66134574304498
2018-09-06T09:00:00.000000,8.53207192598461
2018-09-06T10:00:00.000000,9.43698864540722
2018-09-06T11:00:00.000000,9.17844101128647
2018-09-06T12:00:00.000000,9.43698864540722
2018-09-06T13:00:00.000000,8.53207192598461
2018-09-06T14:00:00.000000,9.30771482834685
2018-09-06T15:00:00.000000,8.53207192598461
2018-09-06T16:00:00.000000,7.88570284068274
2018-09-06T17:00:00.000000,9.0491671942261
2018-09-06T18:00:00.000000,8.79061956010536
2018-09-06T19:00:00.000000,8.66134574304498
2018-09-06T20:00:00.000000,9.30771482834685
2018-09-06T21:00:00.000000,9.17844101128647
2018-09-06T22:00:00.000000,9.30771482834685
2018-09-06T23:00:00.000000,8.01497665774312
2018-09-07T00:00:00.000000,8.14425047480349
2018-09-07T01:00:00.000000,7.627155206562
2018-09-07T02:00:00.000000,8.01497665774312
2018-09-07T03:00:00.000000,8.27352429186386
2018-09-07T04:00:00.000000,8.01497665774312
2018-09-07T05:00:00.000000,8.01497665774312
2018-09-07T06:00:00.000000,8.01497665774312
2018-09-07T07:00:00.000000,7.11005993832051
2018-09-07T08:00:00.000000,6.98078612126014
2018-09-07T09:00:00.000000,6.59296467007902
2018-09-07T10:00:00.000000,7.88570284068274
2018-09-07T11:00:00.000000,6.85151230419976
2018-09-07T12:00:00.000000,7.11005993832051
2018-09-07T13:00:00.000000,6.59296467007902
2018-09-07T14:00:00.000000,6.85151230419976
2018-09-07T15:00:00.000000,6.98078612126014
2018-09-07T16:00:00.000000,6.98078612126014
2018-09-07T17:00:00.000000,7.11005993832051
2018-09-07T18:00:00.000000,6.46369085301864
2018-09-07T19:00:00.000000,7.49788138950163
2018-09-07T20:00:00.000000,7.11005993832051
2018-09-07T21:00:00.000000,6.85151230419976
2018-09-07T22:00:00.000000,7.11005993832051
2018-09-07T23:00:00.000000,6.72223848713939
2018-09-08T00:00:00.000000,6.59296467007902
2018-09-08T01:00:00.000000,5.94659558477715
2018-09-08T02:00:00.000000,6.59296467007902
2018-09-08T03:00:00.000000,6.2051432188979
2018-09-08T04:00:00.000000,6.07586940183752
2018-09-08T05:00:00.000000,5.81732176771678
2018-09-08T06:00:00.000000,6.2051432188979
2018-09-08T07:00:00.000000,6.59296467007902
2018-09-08T08:00:00.000000,5.42950031653566
2018-09-08T09:00:00.000000,5.81732176771678
2018-09-08T10:00:00.000000,5.55877413359603
2018-09-08T11:00:00.000000,5.55877413359603
2018-09-08T12:00:00.000000,5.68804795065641
2018-09-08T13:00:00.000000,5.30022649947529
2018-09-08T14:00:00.000000,5.81732176771678
2018-09-08T15:00:00.000000,5.94659558477715
2018-09-08T16:00:00.000000,6.33441703595827
2018-09-08T17:00:00.000000,5.94659558477715
2018-09-08T18:00:00.000000,7.11005993832051
2018-09-08T19:00:00.000000,7.23933375538088
2018-09-08T20:00:00.000000,7.49788138950163
2018-09-08T21:00:00.000000,7.627155206562
2018-09-08T22:00:00.000000,7.627155206562
2018-09-08T23:00:00.000000,6.98078612126014
2018-09-09T00:00:00.000000,6.46369085301864
2018-09-09T01:00:00.000000,6.46369085301864
2018-09-09T02:00:00.000000,6.2051432188979
2018-09-09T03:00:00.000000,6.59296467007902
2018-09-09T04:00:00.000000,6.98078612126014
2018-09-09T05:00:00.000000,6.07586940183752
2018-09-09T06:00:00.000000,5.94659558477715
2018-09-09T07:00:00.000000,5.81732176771678
2018-09-09T08:00:00.000000,6.2051432188979
2018-09-09T09:00:00.000000,5.55877413359603
2018-09-09T10:00:00.000000,5.55877413359603
2018-09-09T11:00:00.000000,5.94659558477715
2018-09-09T12:00:00.000000,6.2051432188979
2018-09-09T13:00:00.000000,5.55877413359603
2018-09-09T14:00:00.000000,5.81732176771678
2018-09-09T15:00:00.000000,5.30022649947529
2018-09-09T16:00:00.000000,5.81732176771678
2018-09-09T17:00:00.000000,5.30022649947529
2018-09-09T18:00:00.000000,5.42950031653566
2018-09-09T19:00:00.000000,5.30022649947529
2018-09-09T20:00:00.000000,5.81732176771678
2018-09-09T21:00:00.000000,5.55877413359603
2018-09-09T22:00:00.000000,6.85151230419976
2018-09-09T23:00:00.000000,6.33441703595827
2018-09-10T00:00:00.000000,6.85151230419976
2018-09-10T00:00:00.000000,6.85151230419976
2018-09-10T01:00:00.000000,6.26662710749978
2018-09-10T02:00:00.000000,6.43373716369978
2018-09-10T03:00:00.000000,6.51729219179977
2018-09-10T04:00:00.000000,6.76795727609977
2018-09-10T05:00:00.000000,6.43373716369978
2018-09-10T06:00:00.000000,5.7652969388998
2018-09-10T07:00:00.000000,5.7652969388998
2018-09-10T08:00:00.000000,5.7652969388998
2018-09-10T09:00:00.000000,5.8488519669998
2018-09-10T10:00:00.000000,5.8488519669998
2018-09-10T11:00:00.000000,6.09951705129979
2018-09-10T12:00:00.000000,6.01596202319979
2018-09-10T13:00:00.000000,6.43373716369978
2018-09-10T14:00:00.000000,6.01596202319979
2018-09-10T15:00:00.000000,6.18307207939979
2018-09-10T16:00:00.000000,6.18307207939979
2018-09-10T17:00:00.000000,6.51729219179977
2018-09-10T18:00:00.000000,6.26662710749978
2018-09-10T19:00:00.000000,7.18573241659975
2018-09-10T20:00:00.000000,7.68706258519974
2018-09-10T21:00:00.000000,7.43639750089974
2018-09-10T22:00:00.000000,7.26928744469975
2018-09-10T23:00:00.000000,7.18573241659975
2018-09-11T00:00:00.000000,6.76795727609977
2018-09-11T01:00:00.000000,6.43373716369978
2018-09-11T02:00:00.000000,6.35018213559978
2018-09-11T03:00:00.000000,6.85151230419976
2018-09-11T04:00:00.000000,6.68440224799977
2018-09-11T05:00:00.000000,6.35018213559978
2018-09-11T06:00:00.000000,6.51729219179977
2018-09-11T07:00:00.000000,6.76795727609977
2018-09-11T08:00:00.000000,5.9324069950998
2018-09-11T09:00:00.000000,6.18307207939979
2018-09-11T10:00:00.000000,6.43373716369978
2018-09-11T11:00:00.000000,6.01596202319979
2018-09-11T12:00:00.000000,6.09951705129979
2018-09-11T13:00:00.000000,6.09951705129979
2018-09-11T14:00:00.000000,6.68440224799977
2018-09-11T15:00:00.000000,7.18573241659975
2018-09-11T16:00:00.000000,6.60084721989977
2018-09-11T17:00:00.000000,6.85151230419976
2018-09-11T18:00:00.000000,6.76795727609977
2018-09-11T19:00:00.000000,6.60084721989977
2018-09-11T20:00:00.000000,7.60350755709974
2018-09-11T21:00:00.000000,7.43639750089974
2018-09-11T22:00:00.000000,7.68706258519974
2018-09-11T23:00:00.000000,6.76795727609977
2018-09-12T00:00:00.000000,7.01862236039976
2018-09-12T01:00:00.000000,6.26662710749978
2018-09-12T02:00:00.000000,8.35550280999971
2018-09-12T03:00:00.000000,7.18573241659975
2018-09-12T04:00:00.000000,6.93506733229976
2018-09-12T05:00:00.000000,7.51995252899974
2018-09-12T06:00:00.000000,6.26662710749978
2018-09-12T07:00:00.000000,7.10217738849975
2018-09-12T08:00:00.000000,6.43373716369978
2018-09-12T09:00:00.000000,6.93506733229976
2018-09-12T10:00:00.000000,7.18573241659975
2018-09-12T11:00:00.000000,7.18573241659975
2018-09-12T12:00:00.000000,6.43373716369978
2018-09-12T13:00:00.000000,7.43639750089974
2018-09-12T14:00:00.000000,7.43639750089974
2018-09-12T15:00:00.000000,7.85417264139973
2018-09-12T16:00:00.000000,7.18573241659975
2018-09-12T17:00:00.000000,6.60084721989977
2018-09-12T18:00:00.000000,7.26928744469975
2018-09-12T19:00:00.000000,7.77061761329973
2018-09-12T20:00:00.000000,7.93772766949973
2018-09-12T21:00:00.000000,8.10483772569972
2018-09-12T22:00:00.000000,7.60350755709974
2018-09-12T23:00:00.000000,7.60350755709974
2018-09-13T00:00:00.000000,7.35284247279975
2018-09-13T01:00:00.000000,6.35018213559978
2018-09-13T02:00:00.000000,6.76795727609977
2018-09-13T03:00:00.000000,7.10217738849975
2018-09-13T04:00:00.000000,7.35284247279975
2018-09-13T05:00:00.000000,7.68706258519974
2018-09-13T06:00:00.000000,6.60084721989977
2018-09-13T07:00:00.000000,6.51729219179977
2018-09-13T08:00:00.000000,6.01596202319979
2018-09-13T09:00:00.000000,6.51729219179977
2018-09-13T10:00:00.000000,7.43639750089974
2018-09-13T11:00:00.000000,7.10217738849975
2018-09-13T12:00:00.000000,6.68440224799977
2018-09-13T13:00:00.000000,6.51729219179977
2018-09-13T14:00:00.000000,7.35284247279975
2018-09-13T15:00:00.000000,7.35284247279975
2018-09-13T16:00:00.000000,6.60084721989977
2018-09-13T17:00:00.000000,7.18573241659975
2018-09-13T18:00:00.000000,6.60084721989977
2018-09-13T19:00:00.000000,6.93506733229976
2018-09-13T20:00:00.000000,7.60350755709974
2018-09-13T21:00:00.000000,8.10483772569972
2018-09-13T22:00:00.000000,7.43639750089974
2018-09-13T23:00:00.000000,6.85151230419976
2018-09-14T00:00:00.000000,7.01862236039976
2018-09-14T01:00:00.000000,5.8488519669998
2018-09-14T02:00:00.000000,6.60084721989977
2018-09-14T03:00:00.000000,6.76795727609977
2018-09-14T04:00:00.000000,6.93506733229976
2018-09-14T05:00:00.000000,7.60350755709974
2018-09-14T06:00:00.000000,7.10217738849975
2018-09-14T07:00:00.000000,6.93506733229976
2018-09-14T08:00:00.000000,6.68440224799977
2018-09-14T09:00:00.000000,6.26662710749978
2018-09-14T10:00:00.000000,6.35018213559978
2018-09-14T11:00:00.000000,5.7652969388998
2018-09-14T12:00:00.000000,5.7652969388998
2018-09-14T13:00:00.000000,6.01596202319979
2018-09-14T14:00:00.000000,5.8488519669998
2018-09-14T15:00:00.000000,6.01596202319979
2018-09-14T16:00:00.000000,5.9324069950998
2018-09-14T17:00:00.000000,6.09951705129979
2018-09-14T18:00:00.000000,6.09951705129979
2018-09-14T19:00:00.000000,6.60084721989977
2018-09-14T20:00:00.000000,6.76795727609977
2018-09-14T21:00:00.000000,6.51729219179977
2018-09-14T22:00:00.000000,7.01862236039976
2018-09-14T23:00:00.000000,6.26662710749978
2018-09-15T00:00:00.000000,6.35018213559978
2018-09-15T01:00:00.000000,5.51463185459981
2018-09-15T02:00:00.000000,5.51463185459981
2018-09-15T03:00:00.000000,6.35018213559978
2018-09-15T04:00:00.000000,6.43373716369978
2018-09-15T05:00:00.000000,5.59818688269981
2018-09-15T06:00:00.000000,5.34752179839981
2018-09-15T07:00:00.000000,5.6817419107998
2018-09-15T08:00:00.000000,5.34752179839981
2018-09-15T09:00:00.000000,5.6817419107998
2018-09-15T10:00:00.000000,5.09685671409982
2018-09-15T11:00:00.000000,5.26396677029982
2018-09-15T12:00:00.000000,5.26396677029982
2018-09-15T13:00:00.000000,5.18041174219982
2018-09-15T14:00:00.000000,5.26396677029982
2018-09-15T15:00:00.000000,5.18041174219982
2018-09-15T16:00:00.000000,5.18041174219982
2018-09-15T17:00:00.000000,5.18041174219982
2018-09-15T18:00:00.000000,5.59818688269981
2018-09-15T19:00:00.000000,5.8488519669998
2018-09-15T20:00:00.000000,5.7652969388998
2018-09-15T21:00:00.000000,5.18041174219982
2018-09-15T22:00:00.000000,6.18307207939979
2018-09-15T23:00:00.000000,5.9324069950998
2018-09-16T00:00:00.000000,5.34752179839981
2018-09-16T01:00:00.000000,4.51197151739984
2018-09-16T02:00:00.000000,5.43107682649981
2018-09-16T03:00:00.000000,5.43107682649981
2018-09-16T04:00:00.000000,5.7652969388998
2018-09-16T05:00:00.000000,5.9324069950998
2018-09-16T06:00:00.000000,5.34752179839981
2018-09-16T07:00:00.000000,5.18041174219982
2018-09-16T08:00:00.000000,4.92974665789983
2018-09-16T09:00:00.000000,5.18041174219982
2018-09-16T10:00:00.000000,4.92974665789983
2018-09-16T11:00:00.000000,4.92974665789983
2018-09-16T12:00:00.000000,5.43107682649981
2018-09-16T13:00:00.000000,4.76263660169984
2018-09-16T14:00:00.000000,5.01330168599983
2018-09-16T15:00:00.000000,5.34752179839981
2018-09-16T16:00:00.000000,5.34752179839981
2018-09-16T17:00:00.000000,4.67908157359984
2018-09-16T18:00:00.000000,5.26396677029982
2018-09-16T19:00:00.000000,5.26396677029982
2018-09-16T20:00:00.000000,5.51463185459981
2018-09-16T21:00:00.000000,6.51729219179977
2018-09-16T22:00:00.000000,6.26662710749978
2018-09-16T23:00:00.000000,5.7652969388998
2018-09-17T00:00:00.000000,5.8488519669998
2018-09-17T00:00:00.000000,5.8488519669998
2018-09-17T01:00:00.000000,6.30460666572705
2018-09-17T02:00:00.000000,6.07672931636343
2018-09-17T03:00:00.000000,6.00077019990888
2018-09-17T04:00:00.000000,5.77289285054525
2018-09-17T05:00:00.000000,6.00077019990888
2018-09-17T06:00:00.000000,5.62097461763617
2018-09-17T07:00:00.000000,5.92481108345434
2018-09-17T08:00:00.000000,5.77289285054525
2018-09-17T09:00:00.000000,5.24117903536345
2018-09-17T10:00:00.000000,5.92481108345434
2018-09-17T11:00:00.000000,5.01330168599983
2018-09-17T12:00:00.000000,5.54501550118163
2018-09-17T13:00:00.000000,5.77289285054525
2018-09-17T14:00:00.000000,6.22864754927251
2018-09-17T15:00:00.000000,6.45652489863614
2018-09-17T16:00:00.000000,6.3805657821816
2018-09-17T17:00:00.000000,6.30460666572705
2018-09-17T18:00:00.000000,5.62097461763617
2018-09-17T19:00:00.000000,6.3805657821816
2018-09-17T20:00:00.000000,6.98823871381794
2018-09-17T21:00:00.000000,7.06419783027248
2018-09-17T22:00:00.000000,7.4439934125452
2018-09-17T23:00:00.000000,6.60844313154523
2018-09-18T00:00:00.000000,6.22864754927251
2018-09-18T01:00:00.000000,7.06419783027248
2018-09-18T02:00:00.000000,5.54501550118163
2018-09-18T03:00:00.000000,6.07672931636343
2018-09-18T04:00:00.000000,6.60844313154523
2018-09-18T05:00:00.000000,6.68440224799977
2018-09-18T06:00:00.000000,5.92481108345434
2018-09-18T07:00:00.000000,5.77289285054525
2018-09-18T08:00:00.000000,5.46905638472708
2018-09-18T09:00:00.000000,5.62097461763617
2018-09-18T10:00:00.000000,5.8488519669998
2018-09-18T11:00:00.000000,5.54501550118163
2018-09-18T12:00:00.000000,5.54501550118163
2018-09-18T13:00:00.000000,5.54501550118163
2018-09-18T14:00:00.000000,6.07672931636343
2018-09-18T15:00:00.000000,5.8488519669998
2018-09-18T16:00:00.000000,6.00077019990888
2018-09-18T17:00:00.000000,5.46905638472708
2018-09-18T18:00:00.000000,5.77289285054525
2018-09-18T19:00:00.000000,6.22864754927251
2018-09-18T20:00:00.000000,6.07672931636343
2018-09-18T21:00:00.000000,6.30460666572705
2018-09-18T22:00:00.000000,7.14015694672703
2018-09-18T23:00:00.000000,6.45652489863614
2018-09-19T00:00:00.000000,6.3805657821816
2018-09-19T01:00:00.000000,5.8488519669998
2018-09-19T02:00:00.000000,6.07672931636343
2018-09-19T03:00:00.000000,6.30460666572705
2018-09-19T04:00:00.000000,6.15268843281797
2018-09-19T05:00:00.000000,6.22864754927251
2018-09-19T06:00:00.000000,6.07672931636343
2018-09-19T07:00:00.000000,5.92481108345434
2018-09-19T08:00:00.000000,6.3805657821816
2018-09-19T09:00:00.000000,5.39309726827254
2018-09-19T10:00:00.000000,5.69693373409071
2018-09-19T11:00:00.000000,5.92481108345434
2018-09-19T12:00:00.000000,5.92481108345434
2018-09-19T13:00:00.000000,5.62097461763617
2018-09-19T14:00:00.000000,5.54501550118163
2018-09-19T15:00:00.000000,5.46905638472708
2018-09-19T16:00:00.000000,6.15268843281797
2018-09-19T17:00:00.000000,6.07672931636343
2018-09-19T18:00:00.000000,6.98823871381794
2018-09-19T19:00:00.000000,7.51995252899974
2018-09-19T20:00:00.000000,7.21611606318157
2018-09-19T21:00:00.000000,6.60844313154523
2018-09-19T22:00:00.000000,6.83632048090886
2018-09-19T23:00:00.000000,6.9122795973634
2018-09-20T00:00:00.000000,6.22864754927251
2018-09-20T01:00:00.000000,5.69693373409071
2018-09-20T02:00:00.000000,6.3805657821816
2018-09-20T03:00:00.000000,5.92481108345434
2018-09-20T04:00:00.000000,6.53248401509068
2018-09-20T05:00:00.000000,5.8488519669998
2018-09-20T06:00:00.000000,5.54501550118163
2018-09-20T07:00:00.000000,5.62097461763617
2018-09-20T08:00:00.000000,5.69693373409071
2018-09-20T09:00:00.000000,5.62097461763617
2018-09-20T10:00:00.000000,5.8488519669998
2018-09-20T11:00:00.000000,6.22864754927251
2018-09-20T12:00:00.000000,6.07672931636343
2018-09-20T13:00:00.000000,6.30460666572705
2018-09-20T14:00:00.000000,5.92481108345434
2018-09-20T15:00:00.000000,5.46905638472708
2018-09-20T16:00:00.000000,5.77289285054525
2018-09-20T17:00:00.000000,5.46905638472708
2018-09-20T18:00:00.000000,5.8488519669998
2018-09-20T19:00:00.000000,6.60844313154523
2018-09-20T20:00:00.000000,6.83632048090886
2018-09-20T21:00:00.000000,7.14015694672703
2018-09-20T22:00:00.000000,6.98823871381794
2018-09-20T23:00:00.000000,7.4439934125452
2018-09-21T00:00:00.000000,6.22864754927251
2018-09-21T01:00:00.000000,6.00077019990888
2018-09-21T02:00:00.000000,5.77289285054525
2018-09-21T03:00:00.000000,6.3805657821816
2018-09-21T04:00:00.000000,6.30460666572705
2018-09-21T05:00:00.000000,6.9122795973634
2018-09-21T06:00:00.000000,6.30460666572705
2018-09-21T07:00:00.000000,6.07672931636343
2018-09-21T08:00:00.000000,6.83632048090886
2018-09-21T09:00:00.000000,6.45652489863614
2018-09-21T10:00:00.000000,7.29207517963611
2018-09-21T11:00:00.000000,6.45652489863614
2018-09-21T12:00:00.000000,7.06419783027248
2018-09-21T13:00:00.000000,6.30460666572705
2018-09-21T14:00:00.000000,6.53248401509068
2018-09-21T15:00:00.000000,6.98823871381794
2018-09-21T16:00:00.000000,6.45652489863614
2018-09-21T17:00:00.000000,7.06419783027248
2018-09-21T18:00:00.000000,6.30460666572705
2018-09-21T19:00:00.000000,7.21611606318157
2018-09-21T20:00:00.000000,7.36803429609066
2018-09-21T21:00:00.000000,7.06419783027248
2018-09-21T22:00:00.000000,7.59591164545428
2018-09-21T23:00:00.000000,6.76036136445431
2018-09-22T00:00:00.000000,6.76036136445431
2018-09-22T01:00:00.000000,6.76036136445431
2018-09-22T02:00:00.000000,6.83632048090886
2018-09-22T03:00:00.000000,6.53248401509068
2018-09-22T04:00:00.000000,5.8488519669998
2018-09-22T05:00:00.000000,6.15268843281797
2018-09-22T06:00:00.000000,5.77289285054525
2018-09-22T07:00:00.000000,6.60844313154523
2018-09-22T08:00:00.000000,5.77289285054525
2018-09-22T09:00:00.000000,5.77289285054525
2018-09-22T10:00:00.000000,5.317138151818
2018-09-22T11:00:00.000000,6.07672931636343
2018-09-22T12:00:00.000000,5.92481108345434
2018-09-22T13:00:00.000000,5.24117903536345
2018-09-22T14:00:00.000000,5.39309726827254
2018-09-22T15:00:00.000000,5.77289285054525
2018-09-22T16:00:00.000000,5.16521991890891
2018-09-22T17:00:00.000000,5.46905638472708
2018-09-22T18:00:00.000000,5.62097461763617
2018-09-22T19:00:00.000000,5.69693373409071
2018-09-22T20:00:00.000000,6.07672931636343
2018-09-22T21:00:00.000000,5.69693373409071
2018-09-22T22:00:00.000000,6.07672931636343
2018-09-22T23:00:00.000000,6.00077019990888
2018-09-23T00:00:00.000000,5.92481108345434
2018-09-23T01:00:00.000000,5.39309726827254
2018-09-23T02:00:00.000000,5.62097461763617
2018-09-23T03:00:00.000000,5.39309726827254
2018-09-23T04:00:00.000000,5.69693373409071
2018-09-23T05:00:00.000000,5.08926080245437
2018-09-23T06:00:00.000000,5.01330168599983
2018-09-23T07:00:00.000000,5.92481108345434
2018-09-23T08:00:00.000000,5.16521991890891
2018-09-23T09:00:00.000000,5.16521991890891
2018-09-23T10:00:00.000000,5.24117903536345
2018-09-23T11:00:00.000000,5.01330168599983
2018-09-23T12:00:00.000000,5.16521991890891
2018-09-23T13:00:00.000000,5.08926080245437
2018-09-23T14:00:00.000000,5.01330168599983
2018-09-23T15:00:00.000000,5.54501550118163
2018-09-23T16:00:00.000000,5.54501550118163
2018-09-23T17:00:00.000000,4.63350610372711
2018-09-23T18:00:00.000000,5.16521991890891
2018-09-23T19:00:00.000000,5.317138151818
2018-09-23T20:00:00.000000,5.92481108345434
2018-09-23T21:00:00.000000,6.60844313154523
2018-09-23T22:00:00.000000,6.30460666572705
2018-09-23T23:00:00.000000,5.77289285054525
2018-09-24T00:00:00.000000,5.69693373409071
2018-09-24T00:00:00.000000,5.69693373409071
2018-09-24T01:00:00.000000,5.24117903536345
2018-09-24T02:00:00.000000,5.54501550118163
2018-09-24T03:00:00.000000,6.22864754927251
2018-09-24T04:00:00.000000,6.22864754927251
2018-09-24T05:00:00.000000,5.69693373409071
2018-09-24T06:00:00.000000,5.39309726827254
2018-09-24T07:00:00.000000,5.39309726827254
2018-09-24T08:00:00.000000,5.54501550118163
2018-09-24T09:00:00.000000,5.62097461763617
2018-09-24T10:00:00.000000,6.07672931636343
2018-09-24T11:00:00.000000,5.62097461763617
2018-09-24T12:00:00.000000,5.92481108345434
2018-09-24T13:00:00.000000,5.16521991890891
2018-09-24T14:00:00.000000,5.69693373409071
2018-09-24T15:00:00.000000,5.92481108345434
2018-09-24T16:00:00.000000,5.77289285054525
2018-09-24T17:00:00.000000,5.62097461763617
2018-09-24T18:00:00.000000,5.69693373409071
2018-09-24T19:00:00.000000,5.8488519669998
2018-09-24T20:00:00.000000,6.07672931636343
2018-09-24T21:00:00.000000,6.53248401509068
2018-09-24T22:00:00.000000,6.68440224799977
2018-09-24T23:00:00.000000,6.22864754927251
2018-09-25T00:00:00.000000,6.15268843281797
2018-09-25T01:00:00.000000,6.15268843281797
2018-09-25T02:00:00.000000,7.06419783027248
2018-09-25T03:00:00.000000,6.22864754927251
2018-09-25T04:00:00.000000,6.45652489863614
2018-09-25T05:00:00.000000,6.53248401509068
2018-09-25T06:00:00.000000,5.92481108345434
2018-09-25T07:00:00.000000,6.07672931636343
2018-09-25T08:00:00.000000,5.46905638472708
2018-09-25T09:00:00.000000,5.54501550118163
2018-09-25T10:00:00.000000,6.22864754927251
2018-09-25T11:00:00.000000,5.69693373409071
2018-09-25T12:00:00.000000,5.39309726827254
2018-09-25T13:00:00.000000,5.46905638472708
2018-09-25T14:00:00.000000,5.62097461763617
2018-09-25T15:00:00.000000,5.46905638472708
2018-09-25T16:00:00.000000,5.62097461763617
2018-09-25T17:00:00.000000,5.62097461763617
2018-09-25T18:00:00.000000,6.07672931636343
2018-09-25T19:00:00.000000,5.92481108345434
2018-09-25T20:00:00.000000,6.45652489863614
2018-09-25T21:00:00.000000,6.53248401509068
2018-09-25T22:00:00.000000,6.98823871381794
2018-09-25T23:00:00.000000,6.00077019990888
2018-09-26T00:00:00.000000,6.15268843281797
2018-09-26T01:00:00.000000,5.77289285054525
2018-09-26T02:00:00.000000,6.3805657821816
2018-09-26T03:00:00.000000,5.92481108345434
2018-09-26T04:00:00.000000,6.30460666572705
2018-09-26T05:00:00.000000,6.22864754927251
2018-09-26T06:00:00.000000,6.07672931636343
2018-09-26T07:00:00.000000,5.16521991890891
2018-09-26T08:00:00.000000,5.8488519669998
2018-09-26T09:00:00.000000,5.39309726827254
2018-09-26T10:00:00.000000,6.00077019990888
2018-09-26T11:00:00.000000,6.00077019990888
2018-09-26T12:00:00.000000,5.54501550118163
2018-09-26T13:00:00.000000,5.01330168599983
2018-09-26T14:00:00.000000,5.39309726827254
2018-09-26T15:00:00.000000,5.62097461763617
2018-09-26T16:00:00.000000,5.8488519669998
2018-09-26T17:00:00.000000,6.3805657821816
2018-09-26T18:00:00.000000,6.30460666572705
2018-09-26T19:00:00.000000,6.07672931636343
2018-09-26T20:00:00.000000,6.45652489863614
2018-09-26T21:00:00.000000,6.76036136445431
2018-09-26T22:00:00.000000,6.83632048090886
2018-09-26T23:00:00.000000,6.22864754927251
2018-09-27T00:00:00.000000,5.46905638472708
2018-09-27T01:00:00.000000,5.46905638472708
2018-09-27T02:00:00.000000,6.00077019990888
2018-09-27T03:00:00.000000,6.00077019990888
2018-09-27T04:00:00.000000,5.317138151818
2018-09-27T05:00:00.000000,5.92481108345434
2018-09-27T06:00:00.000000,5.92481108345434
2018-09-27T07:00:00.000000,6.00077019990888
2018-09-27T08:00:00.000000,5.01330168599983
2018-09-27T09:00:00.000000,5.24117903536345
2018-09-27T10:00:00.000000,5.39309726827254
2018-09-27T11:00:00.000000,5.39309726827254
2018-09-27T12:00:00.000000,5.8488519669998
2018-09-27T13:00:00.000000,5.39309726827254
2018-09-27T14:00:00.000000,5.317138151818
2018-09-27T15:00:00.000000,5.69693373409071
2018-09-27T16:00:00.000000,5.8488519669998
2018-09-27T17:00:00.000000,5.54501550118163
2018-09-27T18:00:00.000000,5.54501550118163
2018-09-27T19:00:00.000000,5.77289285054525
2018-09-27T20:00:00.000000,7.29207517963611
2018-09-27T21:00:00.000000,7.4439934125452
2018-09-27T22:00:00.000000,7.59591164545428
2018-09-27T23:00:00.000000,6.68440224799977
2018-09-28T00:00:00.000000,6.9122795973634
2018-09-28T01:00:00.000000,5.69693373409071
2018-09-28T02:00:00.000000,6.07672931636343
2018-09-28T03:00:00.000000,6.30460666572705
2018-09-28T04:00:00.000000,6.3805657821816
2018-09-28T05:00:00.000000,6.15268843281797
2018-09-28T06:00:00.000000,6.15268843281797
2018-09-28T07:00:00.000000,5.77289285054525
2018-09-28T08:00:00.000000,5.46905638472708
2018-09-28T09:00:00.000000,5.54501550118163
2018-09-28T10:00:00.000000,5.62097461763617
2018-09-28T11:00:00.000000,6.07672931636343
2018-09-28T12:00:00.000000,5.54501550118163
2018-09-28T13:00:00.000000,5.46905638472708
2018-09-28T14:00:00.000000,5.69693373409071
2018-09-28T15:00:00.000000,5.24117903536345
2018-09-28T16:00:00.000000,5.317138151818
2018-09-28T17:00:00.000000,5.39309726827254
2018-09-28T18:00:00.000000,5.317138151818
2018-09-28T19:00:00.000000,5.69693373409071
2018-09-28T20:00:00.000000,6.07672931636343
2018-09-28T21:00:00.000000,5.62097461763617
2018-09-28T22:00:00.000000,6.68440224799977
2018-09-28T23:00:00.000000,6.30460666572705
2018-09-29T00:00:00.000000,5.77289285054525
2018-09-29T01:00:00.000000,6.15268843281797
2018-09-29T02:00:00.000000,4.93734256954528
2018-09-29T03:00:00.000000,5.54501550118163
2018-09-29T04:00:00.000000,5.16521991890891
2018-09-29T05:00:00.000000,5.24117903536345
2018-09-29T06:00:00.000000,4.55754698727257
2018-09-29T07:00:00.000000,4.70946522018166
2018-09-29T08:00:00.000000,4.70946522018166
2018-09-29T09:00:00.000000,5.01330168599983
2018-09-29T10:00:00.000000,4.86138345309074
2018-09-29T11:00:00.000000,4.63350610372711
2018-09-29T12:00:00.000000,4.70946522018166
2018-09-29T13:00:00.000000,4.40562875436348
2018-09-29T14:00:00.000000,4.55754698727257
2018-09-29T15:00:00.000000,4.7854243366362
2018-09-29T16:00:00.000000,4.70946522018166
2018-09-29T17:00:00.000000,5.08926080245437
2018-09-29T18:00:00.000000,4.93734256954528
2018-09-29T19:00:00.000000,4.7854243366362
2018-09-29T20:00:00.000000,5.92481108345434
2018-09-29T21:00:00.000000,4.86138345309074
2018-09-29T22:00:00.000000,5.317138151818
2018-09-29T23:00:00.000000,5.77289285054525
2018-09-30T00:00:00.000000,5.16521991890891
2018-09-30T01:00:00.000000,5.54501550118163
2018-09-30T02:00:00.000000,5.77289285054525
2018-09-30T03:00:00.000000,4.93734256954528
2018-09-30T04:00:00.000000,5.317138151818
2018-09-30T05:00:00.000000,4.93734256954528
2018-09-30T06:00:00.000000,5.39309726827254
2018-09-30T07:00:00.000000,4.86138345309074
2018-09-30T08:00:00.000000,4.86138345309074
2018-09-30T09:00:00.000000,5.01330168599983
2018-09-30T10:00:00.000000,4.55754698727257
2018-09-30T11:00:00.000000,4.32966963790894
2018-09-30T12:00:00.000000,4.32966963790894
2018-09-30T13:00:00.000000,4.7854243366362
2018-09-30T14:00:00.000000,4.86138345309074
2018-09-30T15:00:00.000000,4.86138345309074
2018-09-30T16:00:00.000000,4.93734256954528
2018-09-30T17:00:00.000000,4.93734256954528
2018-09-30T18:00:00.000000,5.01330168599983
2018-09-30T19:00:00.000000,5.317138151818
2018-09-30T20:00:00.000000,5.39309726827254
2018-09-30T21:00:00.000000,6.00077019990888
2018-09-30T22:00:00.000000,5.46905638472708
2018-09-30T23:00:00.000000,5.62097461763617
2018-10-01T00:00:00.000000,5.54501550118163
2018-10-01T00:00:00.000000,5.54501550118163
2018-10-01T01:00:00.000000,5.32897593620052
2018-10-01T02:00:00.000000,5.25696274787349
2018-10-01T03:00:00.000000,5.40098912452756
2018-10-01T04:00:00.000000,5.18494955954646
2018-10-01T05:00:00.000000,5.9050814428168
2018-10-01T06:00:00.000000,5.25696274787349
2018-10-01T07:00:00.000000,5.40098912452756
2018-10-01T08:00:00.000000,5.11293637121942
2018-10-01T09:00:00.000000,4.75287042958425
2018-10-01T10:00:00.000000,5.61702868950866
2018-10-01T11:00:00.000000,5.68904187783569
2018-10-01T12:00:00.000000,4.82488361791128
2018-10-01T13:00:00.000000,5.11293637121942
2018-10-01T14:00:00.000000,5.32897593620052
2018-10-01T15:00:00.000000,5.40098912452756
2018-10-01T16:00:00.000000,4.60884405293018
2018-10-01T17:00:00.000000,4.89689680623832
2018-10-01T18:00:00.000000,5.68904187783569
2018-10-01T19:00:00.000000,5.04092318289239
2018-10-01T20:00:00.000000,5.97709463114383
2018-10-01T21:00:00.000000,6.04910781947087
2018-10-01T22:00:00.000000,6.337160572779
2018-10-01T23:00:00.000000,5.54501550118163
2018-10-02T00:00:00.000000,5.25696274787349
2018-10-02T01:00:00.000000,5.40098912452756
2018-10-02T02:00:00.000000,5.76105506616273
2018-10-02T03:00:00.000000,4.89689680623832
2018-10-02T04:00:00.000000,5.61702868950866
2018-10-02T05:00:00.000000,5.32897593620052
2018-10-02T06:00:00.000000,5.76105506616273
2018-10-02T07:00:00.000000,4.96890999456535
2018-10-02T08:00:00.000000,4.82488361791128
2018-10-02T09:00:00.000000,5.54501550118163
2018-10-02T10:00:00.000000,5.83306825448976
2018-10-02T11:00:00.000000,5.11293637121942
2018-10-02T12:00:00.000000,5.11293637121942
2018-10-02T13:00:00.000000,5.32897593620052
2018-10-02T14:00:00.000000,5.32897593620052
2018-10-02T15:00:00.000000,5.47300231285459
2018-10-02T16:00:00.000000,5.18494955954646
2018-10-02T17:00:00.000000,4.68085724125722
2018-10-02T18:00:00.000000,5.32897593620052
2018-10-02T19:00:00.000000,5.54501550118163
2018-10-02T20:00:00.000000,5.61702868950866
2018-10-02T21:00:00.000000,6.40917376110604
2018-10-02T22:00:00.000000,6.1211210077979
2018-10-02T23:00:00.000000,6.04910781947087
2018-10-03T00:00:00.000000,6.04910781947087
2018-10-03T01:00:00.000000,5.11293637121942
2018-10-03T02:00:00.000000,5.76105506616273
2018-10-03T03:00:00.000000,5.54501550118163
2018-10-03T04:00:00.000000,6.1211210077979
2018-10-03T05:00:00.000000,5.40098912452756
2018-10-03T06:00:00.000000,5.25696274787349
2018-10-03T07:00:00.000000,4.89689680623832
2018-10-03T08:00:00.000000,5.11293637121942
2018-10-03T09:00:00.000000,5.76105506616273
2018-10-03T10:00:00.000000,5.25696274787349
2018-10-03T11:00:00.000000,5.25696274787349
2018-10-03T12:00:00.000000,5.54501550118163
2018-10-03T13:00:00.000000,5.61702868950866
2018-10-03T14:00:00.000000,4.89689680623832
2018-10-03T15:00:00.000000,5.32897593620052
2018-10-03T16:00:00.000000,5.54501550118163
2018-10-03T17:00:00.000000,4.75287042958425
2018-10-03T18:00:00.000000,5.61702868950866
2018-10-03T19:00:00.000000,5.47300231285459
2018-10-03T20:00:00.000000,5.76105506616273
2018-10-03T21:00:00.000000,5.68904187783569
2018-10-03T22:00:00.000000,7.20131883270341
2018-10-03T23:00:00.000000,5.61702868950866
2018-10-04T00:00:00.000000,5.54501550118163
2018-10-04T01:00:00.000000,5.68904187783569
2018-10-04T02:00:00.000000,5.68904187783569
2018-10-04T03:00:00.000000,5.68904187783569
2018-10-04T04:00:00.000000,5.40098912452756
2018-10-04T05:00:00.000000,5.40098912452756
2018-10-04T06:00:00.000000,5.11293637121942
2018-10-04T07:00:00.000000,5.25696274787349
2018-10-04T08:00:00.000000,4.75287042958425
2018-10-04T09:00:00.000000,4.89689680623832
2018-10-04T10:00:00.000000,5.32897593620052
2018-10-04T11:00:00.000000,4.82488361791128
2018-10-04T12:00:00.000000,4.96890999456535
2018-10-04T13:00:00.000000,4.60884405293018
2018-10-04T14:00:00.000000,5.18494955954646
2018-10-04T15:00:00.000000,5.25696274787349
2018-10-04T16:00:00.000000,4.82488361791128
2018-10-04T17:00:00.000000,4.68085724125722
2018-10-04T18:00:00.000000,5.04092318289239
2018-10-04T19:00:00.000000,5.47300231285459
2018-10-04T20:00:00.000000,5.9050814428168
2018-10-04T21:00:00.000000,5.83306825448976
2018-10-04T22:00:00.000000,6.5532001377601
2018-10-04T23:00:00.000000,5.83306825448976
2018-10-05T00:00:00.000000,5.40098912452756
2018-10-05T01:00:00.000000,5.76105506616273
2018-10-05T02:00:00.000000,5.61702868950866
2018-10-05T03:00:00.000000,4.96890999456535
2018-10-05T04:00:00.000000,5.47300231285459
2018-10-05T05:00:00.000000,5.25696274787349
2018-10-05T06:00:00.000000,5.04092318289239
2018-10-05T07:00:00.000000,5.11293637121942
2018-10-05T08:00:00.000000,5.18494955954646
2018-10-05T09:00:00.000000,5.11293637121942
2018-10-05T10:00:00.000000,5.18494955954646
2018-10-05T11:00:00.000000,4.75287042958425
2018-10-05T12:00:00.000000,4.96890999456535
2018-10-05T13:00:00.000000,4.89689680623832
2018-10-05T14:00:00.000000,4.89689680623832
2018-10-05T15:00:00.000000,5.18494955954646
2018-10-05T16:00:00.000000,5.04092318289239
2018-10-05T17:00:00.000000,4.82488361791128
2018-10-05T18:00:00.000000,4.60884405293018
2018-10-05T19:00:00.000000,5.47300231285459
2018-10-05T20:00:00.000000,5.97709463114383
2018-10-05T21:00:00.000000,5.68904187783569
2018-10-05T22:00:00.000000,5.97709463114383
2018-10-05T23:00:00.000000,6.26514738445197
2018-10-06T00:00:00.000000,5.32897593620052
2018-10-06T01:00:00.000000,5.11293637121942
2018-10-06T02:00:00.000000,4.53683086460315
2018-10-06T03:00:00.000000,4.89689680623832
2018-10-06T04:00:00.000000,5.47300231285459
2018-10-06T05:00:00.000000,4.89689680623832
2018-10-06T06:00:00.000000,4.89689680623832
2018-10-06T07:00:00.000000,4.89689680623832
2018-10-06T08:00:00.000000,5.04092318289239
2018-10-06T09:00:00.000000,4.17676492296798
2018-10-06T10:00:00.000000,4.60884405293018
2018-10-06T11:00:00.000000,4.03273854631391
2018-10-06T12:00:00.000000,4.75287042958425
2018-10-06T13:00:00.000000,4.32079129962205
2018-10-06T14:00:00.000000,4.32079129962205
2018-10-06T15:00:00.000000,4.39280448794908
2018-10-06T16:00:00.000000,4.53683086460315
2018-10-06T17:00:00.000000,4.60884405293018
2018-10-06T18:00:00.000000,4.53683086460315
2018-10-06T19:00:00.000000,4.82488361791128
2018-10-06T20:00:00.000000,4.82488361791128
2018-10-06T21:00:00.000000,5.11293637121942
2018-10-06T22:00:00.000000,5.04092318289239
2018-10-06T23:00:00.000000,4.96890999456535
2018-10-07T00:00:00.000000,4.68085724125722
2018-10-07T01:00:00.000000,4.32079129962205
2018-10-07T02:00:00.000000,4.32079129962205
2018-10-07T03:00:00.000000,4.24877811129501
2018-10-07T04:00:00.000000,3.88871216965984
2018-10-07T05:00:00.000000,4.46481767627611
2018-10-07T06:00:00.000000,4.96890999456535
2018-10-07T07:00:00.000000,4.10475173464094
2018-10-07T08:00:00.000000,4.24877811129501
2018-10-07T09:00:00.000000,4.32079129962205
2018-10-07T10:00:00.000000,4.60884405293018
2018-10-07T11:00:00.000000,4.03273854631391
2018-10-07T12:00:00.000000,4.10475173464094
2018-10-07T13:00:00.000000,4.17676492296798
2018-10-07T14:00:00.000000,4.39280448794908
2018-10-07T15:00:00.000000,4.17676492296798
2018-10-07T16:00:00.000000,4.10475173464094
2018-10-07T17:00:00.000000,4.32079129962205
2018-10-07T18:00:00.000000,4.17676492296798
2018-10-07T19:00:00.000000,4.89689680623832
2018-10-07T20:00:00.000000,4.24877811129501
2018-10-07T21:00:00.000000,4.53683086460315
2018-10-07T22:00:00.000000,4.89689680623832
2018-10-07T23:00:00.000000,4.24877811129501
2018-10-08T00:00:00.000000,4.46481767627611
2018-10-08T00:00:00.000000,4.46481767627611
2018-10-08T01:00:00.000000,4.7895316890962
2018-10-08T02:00:00.000000,4.87071019230122
2018-10-08T03:00:00.000000,4.3836391730711
2018-10-08T04:00:00.000000,5.1954242051213
2018-10-08T05:00:00.000000,4.46481767627611
2018-10-08T06:00:00.000000,4.46481767627611
2018-10-08T07:00:00.000000,4.7895316890962
2018-10-08T08:00:00.000000,4.95188869550624
2018-10-08T09:00:00.000000,5.11424570191628
2018-10-08T10:00:00.000000,4.62717468268616
2018-10-08T11:00:00.000000,4.70835318589118
2018-10-08T12:00:00.000000,5.03306719871126
2018-10-08T13:00:00.000000,5.03306719871126
2018-10-08T14:00:00.000000,5.27660270832632
2018-10-08T15:00:00.000000,5.1954242051213
2018-10-08T16:00:00.000000,5.27660270832632
2018-10-08T17:00:00.000000,5.6013167211464
2018-10-08T18:00:00.000000,5.6013167211464
2018-10-08T19:00:00.000000,5.6013167211464
2018-10-08T20:00:00.000000,6.65663726281166
2018-10-08T21:00:00.000000,6.4131017531966
2018-10-08T22:00:00.000000,6.33192324999158
2018-10-08T23:00:00.000000,5.84485223076146
2018-10-09T00:00:00.000000,5.11424570191628
2018-10-09T01:00:00.000000,5.11424570191628
2018-10-09T02:00:00.000000,5.03306719871126
2018-10-09T03:00:00.000000,5.52013821794138
2018-10-09T04:00:00.000000,5.68249522435142
2018-10-09T05:00:00.000000,4.87071019230122
2018-10-09T06:00:00.000000,5.76367372755644
2018-10-09T07:00:00.000000,5.11424570191628
2018-10-09T08:00:00.000000,4.87071019230122
2018-10-09T09:00:00.000000,4.87071019230122
2018-10-09T10:00:00.000000,5.52013821794138
2018-10-09T11:00:00.000000,4.87071019230122
2018-10-09T12:00:00.000000,5.27660270832632
2018-10-09T13:00:00.000000,4.87071019230122
2018-10-09T14:00:00.000000,5.11424570191628
2018-10-09T15:00:00.000000,5.27660270832632
2018-10-09T16:00:00.000000,5.52013821794138
2018-10-09T17:00:00.000000,6.08838774037652
2018-10-09T18:00:00.000000,4.62717468268616
2018-10-09T19:00:00.000000,5.6013167211464
2018-10-09T20:00:00.000000,5.52013821794138
2018-10-09T21:00:00.000000,5.76367372755644
2018-10-09T22:00:00.000000,6.16956624358154
2018-10-09T23:00:00.000000,5.68249522435142
2018-10-10T00:00:00.000000,5.43895971473636
2018-10-10T01:00:00.000000,5.43895971473636
2018-10-10T02:00:00.000000,5.52013821794138
2018-10-10T03:00:00.000000,5.52013821794138
2018-10-10T04:00:00.000000,5.11424570191628
2018-10-10T05:00:00.000000,5.43895971473636
2018-10-10T06:00:00.000000,5.11424570191628
2018-10-10T07:00:00.000000,4.87071019230122
2018-10-10T08:00:00.000000,5.03306719871126
2018-10-10T09:00:00.000000,4.7895316890962
2018-10-10T10:00:00.000000,6.0072092371715
2018-10-10T11:00:00.000000,5.6013167211464
2018-10-10T12:00:00.000000,5.35778121153134
2018-10-10T13:00:00.000000,5.27660270832632
2018-10-10T14:00:00.000000,5.43895971473636
2018-10-10T15:00:00.000000,5.11424570191628
2018-10-10T16:00:00.000000,5.68249522435142
2018-10-10T17:00:00.000000,5.1954242051213
2018-10-10T18:00:00.000000,5.6013167211464
2018-10-10T19:00:00.000000,6.25074474678656
2018-10-10T20:00:00.000000,6.57545875960664
2018-10-10T21:00:00.000000,7.14370828204179
2018-10-10T22:00:00.000000,6.73781576601668
2018-10-10T23:00:00.000000,6.4131017531966
2018-10-11T00:00:00.000000,6.25074474678656
2018-10-11T01:00:00.000000,7.79313630768195
2018-10-11T02:00:00.000000,7.63077930127191
2018-10-11T03:00:00.000000,6.73781576601668
2018-10-11T04:00:00.000000,7.95549331409199
2018-10-11T05:00:00.000000,7.06252977883676
2018-10-11T06:00:00.000000,8.11785032050203
2018-10-11T07:00:00.000000,6.98135127563174
2018-10-11T08:00:00.000000,6.73781576601668
2018-10-11T09:00:00.000000,7.14370828204179
2018-10-11T10:00:00.000000,7.38724379165685
2018-10-11T11:00:00.000000,6.73781576601668
2018-10-11T12:00:00.000000,6.65663726281166
2018-10-11T13:00:00.000000,7.79313630768195
2018-10-11T14:00:00.000000,6.90017277242672
2018-10-11T15:00:00.000000,6.90017277242672
2018-10-11T16:00:00.000000,7.06252977883676
2018-10-11T17:00:00.000000,6.4131017531966
2018-10-11T18:00:00.000000,6.49428025640162
2018-10-11T19:00:00.000000,7.06252977883676
2018-10-11T20:00:00.000000,7.46842229486187
2018-10-11T21:00:00.000000,7.71195780447693
2018-10-11T22:00:00.000000,7.46842229486187
2018-10-11T23:00:00.000000,7.95549331409199
2018-10-12T00:00:00.000000,6.8189942692217
2018-10-12T01:00:00.000000,6.25074474678656
2018-10-12T02:00:00.000000,6.49428025640162
2018-10-12T03:00:00.000000,6.33192324999158
2018-10-12T04:00:00.000000,6.4131017531966
2018-10-12T05:00:00.000000,6.8189942692217
2018-10-12T06:00:00.000000,6.16956624358154
2018-10-12T07:00:00.000000,5.84485223076146
2018-10-12T08:00:00.000000,6.16956624358154
2018-10-12T09:00:00.000000,5.6013167211464
2018-10-12T10:00:00.000000,6.08838774037652
2018-10-12T11:00:00.000000,5.52013821794138
2018-10-12T12:00:00.000000,5.6013167211464
2018-10-12T13:00:00.000000,5.35778121153134
2018-10-12T14:00:00.000000,5.11424570191628
2018-10-12T15:00:00.000000,5.52013821794138
2018-10-12T16:00:00.000000,5.92603073396648
2018-10-12T17:00:00.000000,5.84485223076146
2018-10-12T18:00:00.000000,5.76367372755644
2018-10-12T19:00:00.000000,5.68249522435142
2018-10-12T20:00:00.000000,6.25074474678656
2018-10-12T21:00:00.000000,5.84485223076146
2018-10-12T22:00:00.000000,6.0072092371715
2018-10-12T23:00:00.000000,5.1954242051213
2018-10-13T00:00:00.000000,5.27660270832632
2018-10-13T01:00:00.000000,5.92603073396648
2018-10-13T02:00:00.000000,5.6013167211464
2018-10-13T03:00:00.000000,5.35778121153134
2018-10-13T04:00:00.000000,5.11424570191628
2018-10-13T05:00:00.000000,5.35778121153134
2018-10-13T06:00:00.000000,5.03306719871126
2018-10-13T07:00:00.000000,4.30246066986607
2018-10-13T08:00:00.000000,5.03306719871126
2018-10-13T09:00:00.000000,4.62717468268616
2018-10-13T10:00:00.000000,4.87071019230122
2018-10-13T11:00:00.000000,4.70835318589118
2018-10-13T12:00:00.000000,4.87071019230122
2018-10-13T13:00:00.000000,4.95188869550624
2018-10-13T14:00:00.000000,4.95188869550624
2018-10-13T15:00:00.000000,4.70835318589118
2018-10-13T16:00:00.000000,4.87071019230122
2018-10-13T17:00:00.000000,4.22128216666105
2018-10-13T18:00:00.000000,4.62717468268616
2018-10-13T19:00:00.000000,4.62717468268616
2018-10-13T20:00:00.000000,5.35778121153134
2018-10-13T21:00:00.000000,5.27660270832632
2018-10-13T22:00:00.000000,5.52013821794138
2018-10-13T23:00:00.000000,4.7895316890962
2018-10-14T00:00:00.000000,4.95188869550624
2018-10-14T01:00:00.000000,5.11424570191628
2018-10-14T02:00:00.000000,4.87071019230122
2018-10-14T03:00:00.000000,4.14010366345603
2018-10-14T04:00:00.000000,5.1954242051213
2018-10-14T05:00:00.000000,4.22128216666105
2018-10-14T06:00:00.000000,5.1954242051213
2018-10-14T07:00:00.000000,5.27660270832632
2018-10-14T08:00:00.000000,5.6013167211464
2018-10-14T09:00:00.000000,4.70835318589118
2018-10-14T10:00:00.000000,4.70835318589118
2018-10-14T11:00:00.000000,5.03306719871126
2018-10-14T12:00:00.000000,4.70835318589118
2018-10-14T13:00:00.000000,4.3836391730711
2018-10-14T14:00:00.000000,4.87071019230122
2018-10-14T15:00:00.000000,4.54599617948113
2018-10-14T16:00:00.000000,4.30246066986607
2018-10-14T17:00:00.000000,4.7895316890962
2018-10-14T18:00:00.000000,5.27660270832632
2018-10-14T19:00:00.000000,4.95188869550624
2018-10-14T20:00:00.000000,5.35778121153134
2018-10-14T21:00:00.000000,4.95188869550624
2018-10-14T22:00:00.000000,6.33192324999158
2018-10-14T23:00:00.000000,5.1954242051213
2018-10-15T00:00:00.000000,5.6013167211464
2018-10-15T00:00:00.000000,5.6013167211464
2018-10-15T01:00:00.000000,5.6013167211464
2018-10-15T02:00:00.000000,5.6013167211464
2018-10-15T03:00:00.000000,5.07619327853892
2018-10-15T04:00:00.000000,5.77635786868222
2018-10-15T05:00:00.000000,5.77635786868222
2018-10-15T06:00:00.000000,8.75205737679125
2018-10-15T07:00:00.000000,8.05189278664795
2018-10-15T08:00:00.000000,7.17668704896882
2018-10-15T09:00:00.000000,5.95139901621805
2018-10-15T10:00:00.000000,7.17668704896882
2018-10-15T11:00:00.000000,6.82660475389717
2018-10-15T12:00:00.000000,6.38900188505761
2018-10-15T13:00:00.000000,6.21396073752179
2018-10-15T14:00:00.000000,6.21396073752179
2018-10-15T15:00:00.000000,5.95139901621805
2018-10-15T16:00:00.000000,5.77635786868222
2018-10-15T17:00:00.000000,6.3014813112897
2018-10-15T18:00:00.000000,6.65156360636135
2018-10-15T19:00:00.000000,5.77635786868222
2018-10-15T20:00:00.000000,6.65156360636135
2018-10-15T21:00:00.000000,6.65156360636135
2018-10-15T22:00:00.000000,6.73908418012926
2018-10-15T23:00:00.000000,6.73908418012926
2018-10-16T00:00:00.000000,5.86387844245014
2018-10-16T01:00:00.000000,6.03891958998596
2018-10-16T02:00:00.000000,6.03891958998596
2018-10-16T03:00:00.000000,5.86387844245014
2018-10-16T04:00:00.000000,6.03891958998596
2018-10-16T05:00:00.000000,6.12644016375387
2018-10-16T06:00:00.000000,5.95139901621805
2018-10-16T07:00:00.000000,5.51379614737849
2018-10-16T08:00:00.000000,5.51379614737849
2018-10-16T09:00:00.000000,5.68883729491431
2018-10-16T10:00:00.000000,5.95139901621805
2018-10-16T11:00:00.000000,5.51379614737849
2018-10-16T12:00:00.000000,5.68883729491431
2018-10-16T13:00:00.000000,5.33875499984266
2018-10-16T14:00:00.000000,5.68883729491431
2018-10-16T15:00:00.000000,5.25123442607475
2018-10-16T16:00:00.000000,5.95139901621805
2018-10-16T17:00:00.000000,5.77635786868222
2018-10-16T18:00:00.000000,5.86387844245014
2018-10-16T19:00:00.000000,5.42627557361057
2018-10-16T20:00:00.000000,6.56404303259343
2018-10-16T21:00:00.000000,6.21396073752179
2018-10-16T22:00:00.000000,5.77635786868222
2018-10-16T23:00:00.000000,6.12644016375387
2018-10-17T00:00:00.000000,5.86387844245014
2018-10-17T01:00:00.000000,4.9011521310031
2018-10-17T02:00:00.000000,5.25123442607475
2018-10-17T03:00:00.000000,5.33875499984266
2018-10-17T04:00:00.000000,6.3014813112897
2018-10-17T05:00:00.000000,6.12644016375387
2018-10-17T06:00:00.000000,5.42627557361057
2018-10-17T07:00:00.000000,4.98867270477101
2018-10-17T08:00:00.000000,4.98867270477101
2018-10-17T09:00:00.000000,5.33875499984266
2018-10-17T10:00:00.000000,5.42627557361057
2018-10-17T11:00:00.000000,4.9011521310031
2018-10-17T12:00:00.000000,5.51379614737849
2018-10-17T13:00:00.000000,5.42627557361057
2018-10-17T14:00:00.000000,5.51379614737849
2018-10-17T15:00:00.000000,4.98867270477101
2018-10-17T16:00:00.000000,4.98867270477101
2018-10-17T17:00:00.000000,5.25123442607475
2018-10-17T18:00:00.000000,5.42627557361057
2018-10-17T19:00:00.000000,5.86387844245014
2018-10-17T20:00:00.000000,5.95139901621805
2018-10-17T21:00:00.000000,5.95139901621805
2018-10-17T22:00:00.000000,6.56404303259343
2018-10-17T23:00:00.000000,5.51379614737849
2018-10-18T00:00:00.000000,5.07619327853892
2018-10-18T01:00:00.000000,5.07619327853892
2018-10-18T02:00:00.000000,4.72611098346727
2018-10-18T03:00:00.000000,5.77635786868222
2018-10-18T04:00:00.000000,5.77635786868222
2018-10-18T05:00:00.000000,5.25123442607475
2018-10-18T06:00:00.000000,5.07619327853892
2018-10-18T07:00:00.000000,4.72611098346727
2018-10-18T08:00:00.000000,5.25123442607475
2018-10-18T09:00:00.000000,5.16371385230684
2018-10-18T10:00:00.000000,5.42627557361057
2018-10-18T11:00:00.000000,4.81363155723519
2018-10-18T12:00:00.000000,5.51379614737849
2018-10-18T13:00:00.000000,4.72611098346727
2018-10-18T14:00:00.000000,5.51379614737849
2018-10-18T15:00:00.000000,5.25123442607475
2018-10-18T16:00:00.000000,5.42627557361057
2018-10-18T17:00:00.000000,5.68883729491431
2018-10-18T18:00:00.000000,5.86387844245014
2018-10-18T19:00:00.000000,5.6013167211464
2018-10-18T20:00:00.000000,5.95139901621805
2018-10-18T21:00:00.000000,5.77635786868222
2018-10-18T22:00:00.000000,6.03891958998596
2018-10-18T23:00:00.000000,5.07619327853892
2018-10-19T00:00:00.000000,5.42627557361057
2018-10-19T01:00:00.000000,5.25123442607475
2018-10-19T02:00:00.000000,4.98867270477101
2018-10-19T03:00:00.000000,5.07619327853892
2018-10-19T04:00:00.000000,4.81363155723519
2018-10-19T05:00:00.000000,5.07619327853892
2018-10-19T06:00:00.000000,4.72611098346727
2018-10-19T07:00:00.000000,4.98867270477101
2018-10-19T08:00:00.000000,5.07619327853892
2018-10-19T09:00:00.000000,5.25123442607475
2018-10-19T10:00:00.000000,5.33875499984266
2018-10-19T11:00:00.000000,4.37602868839562
2018-10-19T12:00:00.000000,5.25123442607475
2018-10-19T13:00:00.000000,5.16371385230684
2018-10-19T14:00:00.000000,5.33875499984266
2018-10-19T15:00:00.000000,5.16371385230684
2018-10-19T16:00:00.000000,4.98867270477101
2018-10-19T17:00:00.000000,4.72611098346727
2018-10-19T18:00:00.000000,4.9011521310031
2018-10-19T19:00:00.000000,5.07619327853892
2018-10-19T20:00:00.000000,5.33875499984266
2018-10-19T21:00:00.000000,5.51379614737849
2018-10-19T22:00:00.000000,5.95139901621805
2018-10-19T23:00:00.000000,5.6013167211464
2018-10-20T00:00:00.000000,5.16371385230684
2018-10-20T01:00:00.000000,5.07619327853892
2018-10-20T02:00:00.000000,4.46354926216354
2018-10-20T03:00:00.000000,4.11346696709189
2018-10-20T04:00:00.000000,4.81363155723519
2018-10-20T05:00:00.000000,4.81363155723519
2018-10-20T06:00:00.000000,4.9011521310031
2018-10-20T07:00:00.000000,5.07619327853892
2018-10-20T08:00:00.000000,4.98867270477101
2018-10-20T09:00:00.000000,4.28850811462771
2018-10-20T10:00:00.000000,4.81363155723519
2018-10-20T11:00:00.000000,4.11346696709189
2018-10-20T12:00:00.000000,4.28850811462771
2018-10-20T13:00:00.000000,4.46354926216354
2018-10-20T14:00:00.000000,4.46354926216354
2018-10-20T15:00:00.000000,4.28850811462771
2018-10-20T16:00:00.000000,4.46354926216354
2018-10-20T17:00:00.000000,4.63859040969936
2018-10-20T18:00:00.000000,4.98867270477101
2018-10-20T19:00:00.000000,4.98867270477101
2018-10-20T20:00:00.000000,5.16371385230684
2018-10-20T21:00:00.000000,4.72611098346727
2018-10-20T22:00:00.000000,4.9011521310031
2018-10-20T23:00:00.000000,4.98867270477101
2018-10-21T00:00:00.000000,4.98867270477101
2018-10-21T01:00:00.000000,4.9011521310031
2018-10-21T02:00:00.000000,4.9011521310031
2018-10-21T03:00:00.000000,4.46354926216354
2018-10-21T04:00:00.000000,4.72611098346727
2018-10-21T05:00:00.000000,4.9011521310031
2018-10-21T06:00:00.000000,4.63859040969936
2018-10-21T07:00:00.000000,4.2009875408598
2018-10-21T08:00:00.000000,4.72611098346727
2018-10-21T09:00:00.000000,4.72611098346727
2018-10-21T10:00:00.000000,4.81363155723519
2018-10-21T11:00:00.000000,4.55106983593145
2018-10-21T12:00:00.000000,4.63859040969936
2018-10-21T13:00:00.000000,4.2009875408598
2018-10-21T14:00:00.000000,4.98867270477101
2018-10-21T15:00:00.000000,4.46354926216354
2018-10-21T16:00:00.000000,4.46354926216354
2018-10-21T17:00:00.000000,4.2009875408598
2018-10-21T18:00:00.000000,4.63859040969936
2018-10-21T19:00:00.000000,4.55106983593145
2018-10-21T20:00:00.000000,4.63859040969936
2018-10-21T21:00:00.000000,5.42627557361057
2018-10-21T22:00:00.000000,4.9011521310031
2018-10-21T23:00:00.000000,5.42627557361057
2018-10-22T00:00:00.000000,5.16371385230684
2018-10-22T00:00:00.000000,5.16371385230684
2018-10-22T01:00:00.000000,5.63314238433473
2018-10-22T02:00:00.000000,5.39842811832078
2018-10-22T03:00:00.000000,5.39842811832078
2018-10-22T04:00:00.000000,4.92899958629289
2018-10-22T05:00:00.000000,4.85076149762157
2018-10-22T06:00:00.000000,5.63314238433473
2018-10-22T07:00:00.000000,5.16371385230684
2018-10-22T08:00:00.000000,5.08547576363552
2018-10-22T09:00:00.000000,5.08547576363552
2018-10-22T10:00:00.000000,5.08547576363552
2018-10-22T11:00:00.000000,4.85076149762157
2018-10-22T12:00:00.000000,5.08547576363552
2018-10-22T13:00:00.000000,5.08547576363552
2018-10-22T14:00:00.000000,5.24195194097815
2018-10-22T15:00:00.000000,4.92899958629289
2018-10-22T16:00:00.000000,4.92899958629289
2018-10-22T17:00:00.000000,4.459571054265
2018-10-22T18:00:00.000000,5.00723767496421
2018-10-22T19:00:00.000000,5.32019002964947
2018-10-22T20:00:00.000000,5.55490429566341
2018-10-22T21:00:00.000000,5.71138047300605
2018-10-22T22:00:00.000000,5.71138047300605
2018-10-22T23:00:00.000000,5.63314238433473
2018-10-23T00:00:00.000000,5.4766662069921
2018-10-23T01:00:00.000000,4.459571054265
2018-10-23T02:00:00.000000,5.16371385230684
2018-10-23T03:00:00.000000,5.4766662069921
2018-10-23T04:00:00.000000,5.78961856167736
2018-10-23T05:00:00.000000,5.00723767496421
2018-10-23T06:00:00.000000,5.08547576363552
2018-10-23T07:00:00.000000,4.61604723160763
2018-10-23T08:00:00.000000,4.85076149762157
2018-10-23T09:00:00.000000,5.71138047300605
2018-10-23T10:00:00.000000,5.08547576363552
2018-10-23T11:00:00.000000,4.69428532027894
2018-10-23T12:00:00.000000,5.32019002964947
2018-10-23T13:00:00.000000,5.08547576363552
2018-10-23T14:00:00.000000,5.24195194097815
2018-10-23T15:00:00.000000,5.32019002964947
2018-10-23T16:00:00.000000,5.24195194097815
2018-10-23T17:00:00.000000,5.78961856167736
2018-10-23T18:00:00.000000,5.24195194097815
2018-10-23T19:00:00.000000,5.16371385230684
2018-10-23T20:00:00.000000,5.94609473901999
2018-10-23T21:00:00.000000,5.78961856167736
2018-10-23T22:00:00.000000,5.71138047300605
2018-10-23T23:00:00.000000,6.88495180307578
2018-10-24T00:00:00.000000,4.61604723160763
2018-10-24T01:00:00.000000,5.16371385230684
2018-10-24T02:00:00.000000,5.24195194097815
2018-10-24T03:00:00.000000,5.63314238433473
2018-10-24T04:00:00.000000,5.24195194097815
2018-10-24T05:00:00.000000,5.4766662069921
2018-10-24T06:00:00.000000,4.92899958629289
2018-10-24T07:00:00.000000,5.71138047300605
2018-10-24T08:00:00.000000,5.16371385230684
2018-10-24T09:00:00.000000,5.55490429566341
2018-10-24T10:00:00.000000,4.77252340895026
2018-10-24T11:00:00.000000,5.00723767496421
2018-10-24T12:00:00.000000,5.4766662069921
2018-10-24T13:00:00.000000,4.85076149762157
2018-10-24T14:00:00.000000,4.92899958629289
2018-10-24T15:00:00.000000,5.32019002964947
2018-10-24T16:00:00.000000,5.08547576363552
2018-10-24T17:00:00.000000,5.16371385230684
2018-10-24T18:00:00.000000,5.16371385230684
2018-10-24T19:00:00.000000,5.16371385230684
2018-10-24T20:00:00.000000,6.02433282769131
2018-10-24T21:00:00.000000,6.65023753706184
2018-10-24T22:00:00.000000,6.57199944839052
2018-10-24T23:00:00.000000,5.32019002964947
2018-10-25T00:00:00.000000,5.4766662069921
2018-10-25T01:00:00.000000,5.24195194097815
2018-10-25T02:00:00.000000,5.16371385230684
2018-10-25T03:00:00.000000,5.16371385230684
2018-10-25T04:00:00.000000,6.10257091636262
2018-10-25T05:00:00.000000,6.10257091636262
2018-10-25T06:00:00.000000,5.55490429566341
2018-10-25T07:00:00.000000,5.00723767496421
2018-10-25T08:00:00.000000,5.16371385230684
2018-10-25T09:00:00.000000,5.00723767496421
2018-10-25T10:00:00.000000,5.4766662069921
2018-10-25T11:00:00.000000,5.32019002964947
2018-10-25T12:00:00.000000,4.92899958629289
2018-10-25T13:00:00.000000,4.77252340895026
2018-10-25T14:00:00.000000,4.77252340895026
2018-10-25T15:00:00.000000,5.16371385230684
2018-10-25T16:00:00.000000,4.53780914293631
2018-10-25T17:00:00.000000,5.00723767496421
2018-10-25T18:00:00.000000,5.4766662069921
2018-10-25T19:00:00.000000,5.39842811832078
2018-10-25T20:00:00.000000,5.86785665034868
2018-10-25T21:00:00.000000,5.4766662069921
2018-10-25T22:00:00.000000,6.10257091636262
2018-10-25T23:00:00.000000,4.85076149762157
2018-10-26T00:00:00.000000,5.16371385230684
2018-10-26T01:00:00.000000,5.00723767496421
2018-10-26T02:00:00.000000,5.16371385230684
2018-10-26T03:00:00.000000,5.32019002964947
2018-10-26T04:00:00.000000,4.69428532027894
2018-10-26T05:00:00.000000,5.08547576363552
2018-10-26T06:00:00.000000,5.32019002964947
2018-10-26T07:00:00.000000,4.61604723160763
2018-10-26T08:00:00.000000,5.32019002964947
2018-10-26T09:00:00.000000,4.69428532027894
2018-10-26T10:00:00.000000,4.92899958629289
2018-10-26T11:00:00.000000,4.92899958629289
2018-10-26T12:00:00.000000,4.85076149762157
2018-10-26T13:00:00.000000,4.85076149762157
2018-10-26T14:00:00.000000,4.92899958629289
2018-10-26T15:00:00.000000,4.92899958629289
2018-10-26T16:00:00.000000,5.08547576363552
2018-10-26T17:00:00.000000,4.53780914293631
2018-10-26T18:00:00.000000,5.00723767496421
2018-10-26T19:00:00.000000,4.85076149762157
2018-10-26T20:00:00.000000,5.08547576363552
2018-10-26T21:00:00.000000,5.00723767496421
2018-10-26T22:00:00.000000,5.86785665034868
2018-10-26T23:00:00.000000,4.92899958629289
2018-10-27T00:00:00.000000,4.85076149762157
2018-10-27T01:00:00.000000,4.53780914293631
2018-10-27T02:00:00.000000,4.30309487692236
2018-10-27T03:00:00.000000,4.69428532027894
2018-10-27T04:00:00.000000,4.459571054265
2018-10-27T05:00:00.000000,4.22485678825105
2018-10-27T06:00:00.000000,4.69428532027894
2018-10-27T07:00:00.000000,4.38133296559368
2018-10-27T08:00:00.000000,4.22485678825105
2018-10-27T09:00:00.000000,4.38133296559368
2018-10-27T10:00:00.000000,3.83366634489447
2018-10-27T11:00:00.000000,3.67719016755184
2018-10-27T12:00:00.000000,3.9901425222371
2018-10-27T13:00:00.000000,3.91190443356579
2018-10-27T14:00:00.000000,3.67719016755184
2018-10-27T15:00:00.000000,3.91190443356579
2018-10-27T16:00:00.000000,3.91190443356579
2018-10-27T17:00:00.000000,4.30309487692236
2018-10-27T18:00:00.000000,7.82380886713157
2018-10-27T19:00:00.000000,5.08547576363552
2018-10-27T20:00:00.000000,5.08547576363552
2018-10-27T21:00:00.000000,4.53780914293631
2018-10-27T22:00:00.000000,5.00723767496421
2018-10-27T23:00:00.000000,4.459571054265
2018-10-28T00:00:00.000000,4.459571054265
2018-10-28T01:00:00.000000,4.22485678825105
2018-10-28T02:00:00.000000,4.30309487692236
2018-10-28T03:00:00.000000,4.06838061090842
2018-10-28T04:00:00.000000,4.14661869957973
2018-10-28T05:00:00.000000,4.77252340895026
2018-10-28T06:00:00.000000,4.22485678825105
2018-10-28T07:00:00.000000,4.06838061090842
2018-10-28T08:00:00.000000,4.14661869957973
2018-10-28T09:00:00.000000,4.30309487692236
2018-10-28T10:00:00.000000,4.14661869957973
2018-10-28T11:00:00.000000,4.14661869957973
2018-10-28T12:00:00.000000,3.83366634489447
2018-10-28T13:00:00.000000,4.30309487692236
2018-10-28T14:00:00.000000,4.06838061090842
2018-10-28T15:00:00.000000,3.91190443356579
2018-10-28T16:00:00.000000,4.14661869957973
2018-10-28T17:00:00.000000,4.14661869957973
2018-10-28T18:00:00.000000,4.06838061090842
2018-10-28T19:00:00.000000,4.30309487692236
2018-10-28T20:00:00.000000,4.22485678825105
2018-10-28T21:00:00.000000,4.53780914293631
2018-10-28T22:00:00.000000,4.77252340895026
2018-10-28T23:00:00.000000,5.24195194097815
2018-10-29T00:00:00.000000,5.16371385230684
2018-10-29T00:00:00.000000,5.16371385230684
2018-10-29T01:00:00.000000,4.898908013727
2018-10-29T02:00:00.000000,4.70030363479212
2018-10-29T03:00:00.000000,4.43549779621228
2018-10-29T04:00:00.000000,4.70030363479212
2018-10-29T05:00:00.000000,4.96510947337196
2018-10-29T06:00:00.000000,3.90588611905261
2018-10-29T07:00:00.000000,4.36929633656732
2018-10-29T08:00:00.000000,4.70030363479212
2018-10-29T09:00:00.000000,4.5679007155022
2018-10-29T10:00:00.000000,3.97208757869757
2018-10-29T11:00:00.000000,4.43549779621228
2018-10-29T12:00:00.000000,4.63410217514716
2018-10-29T13:00:00.000000,5.69332552946651
2018-10-29T14:00:00.000000,5.56092261017659
2018-10-29T15:00:00.000000,5.56092261017659
2018-10-29T16:00:00.000000,5.2299153119518
2018-10-29T17:00:00.000000,5.2299153119518
2018-10-29T18:00:00.000000,6.02433282769131
2018-10-29T19:00:00.000000,6.02433282769131
2018-10-29T20:00:00.000000,5.82572844875643
2018-10-29T21:00:00.000000,5.95813136804635
2018-10-29T22:00:00.000000,6.15673574698123
2018-10-29T23:00:00.000000,6.62014596449594
2018-10-30T00:00:00.000000,5.36231823124172
2018-10-30T01:00:00.000000,5.42851969088667
2018-10-30T02:00:00.000000,4.70030363479212
2018-10-30T03:00:00.000000,5.56092261017659
2018-10-30T04:00:00.000000,5.62712406982155
2018-10-30T05:00:00.000000,5.75952698911147
2018-10-30T06:00:00.000000,5.29611677159676
2018-10-30T07:00:00.000000,4.96510947337196
2018-10-30T08:00:00.000000,5.29611677159676
2018-10-30T09:00:00.000000,5.36231823124172
2018-10-30T10:00:00.000000,5.42851969088667
2018-10-30T11:00:00.000000,5.49472115053163
2018-10-30T12:00:00.000000,5.29611677159676
2018-10-30T13:00:00.000000,4.96510947337196
2018-10-30T14:00:00.000000,4.898908013727
2018-10-30T15:00:00.000000,5.16371385230684
2018-10-30T16:00:00.000000,5.36231823124172
2018-10-30T17:00:00.000000,5.03131093301692
2018-10-30T18:00:00.000000,5.75952698911147
2018-10-30T19:00:00.000000,4.96510947337196
2018-10-30T20:00:00.000000,5.29611677159676
2018-10-30T21:00:00.000000,5.03131093301692
2018-10-30T22:00:00.000000,5.75952698911147
2018-10-30T23:00:00.000000,6.09053428733627
2018-10-31T00:00:00.000000,5.42851969088667
2018-10-31T01:00:00.000000,5.49472115053163
2018-10-31T02:00:00.000000,5.16371385230684
2018-10-31T03:00:00.000000,4.96510947337196
2018-10-31T04:00:00.000000,5.2299153119518
2018-10-31T05:00:00.000000,5.42851969088667
2018-10-31T06:00:00.000000,5.49472115053163
2018-10-31T07:00:00.000000,5.56092261017659
2018-10-31T08:00:00.000000,5.29611677159676
2018-10-31T09:00:00.000000,4.96510947337196
2018-10-31T10:00:00.000000,5.36231823124172
2018-10-31T11:00:00.000000,5.16371385230684
2018-10-31T12:00:00.000000,5.36231823124172
2018-10-31T13:00:00.000000,5.56092261017659
2018-10-31T14:00:00.000000,5.29611677159676
2018-10-31T15:00:00.000000,5.2299153119518
2018-10-31T16:00:00.000000,5.29611677159676
2018-10-31T17:00:00.000000,5.62712406982155
2018-10-31T18:00:00.000000,6.02433282769131
2018-10-31T19:00:00.000000,5.56092261017659
2018-10-31T20:00:00.000000,5.56092261017659
2018-10-31T21:00:00.000000,5.89192990840139
2018-10-31T22:00:00.000000,5.89192990840139
2018-10-31T23:00:00.000000,6.15673574698123
2018-11-01T00:00:00.000000,5.29611677159676
2018-11-01T01:00:00.000000,5.09751239266188
2018-11-01T02:00:00.000000,5.16371385230684
2018-11-01T03:00:00.000000,5.29611677159676
2018-11-01T04:00:00.000000,5.2299153119518
2018-11-01T05:00:00.000000,6.09053428733627
2018-11-01T06:00:00.000000,5.82572844875643
2018-11-01T07:00:00.000000,4.63410217514716
2018-11-01T08:00:00.000000,4.898908013727
2018-11-01T09:00:00.000000,4.83270655408204
2018-11-01T10:00:00.000000,4.76650509443708
2018-11-01T11:00:00.000000,5.89192990840139
2018-11-01T12:00:00.000000,4.96510947337196
2018-11-01T13:00:00.000000,5.16371385230684
2018-11-01T14:00:00.000000,5.16371385230684
2018-11-01T15:00:00.000000,5.29611677159676
2018-11-01T16:00:00.000000,4.76650509443708
2018-11-01T17:00:00.000000,5.49472115053163
2018-11-01T18:00:00.000000,5.03131093301692
2018-11-01T19:00:00.000000,4.83270655408204
2018-11-01T20:00:00.000000,5.49472115053163
2018-11-01T21:00:00.000000,6.15673574698123
2018-11-01T22:00:00.000000,5.62712406982155
2018-11-01T23:00:00.000000,5.49472115053163
